name,lat,lon,street,postcode,city,country,url,profile_url,tags,fidelity,note
Al Jazri Lab,25.31831845548927,55.5058640971527,"House of Wisdom, Al Juraina 1",,-,AE,https://houseofwisdom.ae/,https://www.fablabs.io/labs/aljazrilab,3d-printing;cnc;electronics;laser;precision-milling;vinyl-cutting,high,source:fablabs.io;status:active;kind:fab_lab;idcode:2386
FabLab ECAE,24.4203248,54.5958037,Khalifa A City - Khalifa CitySE-43 - Abu Dhabi,,Abu Dhabi,AE,,https://www.fablabs.io/labs/fablabecae,3d-printing;cnc;electronics;laser;precision-milling;vinyl-cutting,medium,source:fablabs.io;status:active;kind:fab_lab;idcode:2258
Fablab Abu Dhabi,24.3139171,54.5606911,"Abu Dhabi Polytechnic, Abu Dhabi, United Arab Emirates Abu Dhabi Polytechnic, Abu Dhabi, United Arab Emirates",111499,Abu Dhabi,AE,https://www.fablabs.io/labs/fablababudhabi,https://www.fablabs.io/labs/fablababudhabi,3d-printing;cnc;electronics;laser;precision-milling;vinyl-cutting,high,source:fablabs.io;status:active;kind:fab_lab;idcode:1960
Fab Lab Dubai,25.2048493,55.27078280000001,Dubai,,Dubai,AE,,https://www.fablabs.io/labs/fablabdxb,3d-printing;cnc;electronics;laser;precision-milling;vinyl-cutting,medium,source:fablabs.io;status:planned;kind:fab_lab;idcode:723
FabLab UAE School,25.2766063,55.34277950000001,"39 Street, Hor Al Anz, Deira",,Dubai,AE,https://github.com/fablabuae,https://www.fablabs.io/labs/fablabuaeschool,3d-printing;cnc;electronics;laser;precision-milling;vinyl-cutting,high,source:fablabs.io;status:active;kind:fab_lab;idcode:699
Fablab UAE Van,25.2186974,55.26939620000007,176 6 D Street,Dubai,Dubai,AE,http://www.fablabuae.ae/,https://www.fablabs.io/labs/fablabuaebus,3d-printing;cnc;electronics;laser;precision-milling;vinyl-cutting,high,source:fablabs.io;status:active;kind:mobile;idcode:702
Super FabLab UAE,25.2176584,55.26708299999996,Al Satwa Street Al Satwa,,Dubai,AE,http://www.ha.ae/en/web/guest/fablab-uae,https://www.fablabs.io/labs/superfalabuae,3d-printing;cnc;electronics;laser;precision-milling;vinyl-cutting,high,source:fablabs.io;status:active;kind:fab_lab;idcode:711
Tashkeel,25.1553554,55.32337830000006,Dubai Nad Al Sheba 1,122255,Dubai,AE,http://www.tashkeel.org,https://www.fablabs.io/labs/tashkeel,3d-printing;laser;vinyl-cutting,high,source:fablabs.io;status:active;kind:mini_fab_lab;idcode:400
Fablab Sharjah,25.2839409,55.4773501,- University City - Sharjah M15A - University City - Sharjah,27272,Sharjah,AE,https://www.fablabs.io/labs/sharjahfablab,https://www.fablabs.io/labs/sharjahfablab,3d-printing;cnc;electronics;laser;precision-milling;vinyl-cutting,high,source:fablabs.io;status:planned;kind:fab_lab;idcode:3041
Fab Lab Afghanistan,34.4344689,70.4485052,"Jalalabad, Afghanistan",,Jalalabad,AF,http://www.fablab.af,https://www.fablabs.io/labs/fablabafghanistan,,medium,source:fablabs.io;status:unknown;kind:fab_lab;idcode:1
Things Lab,41.32016143862842,19.80516377331084,"Rruga Sulejman Delvina, Tirana, Albania",1001,Tirana,AL,https://www.thingslab.cc,https://www.fablabs.io/labs/thingslab,3d-printing;cnc;laser,high,source:fablabs.io;status:active;kind:fab_lab;idcode:2849
Steam Fab Lab,41.3160588,19.7970014,Universiteti Barleti | Rr. Frang Bardhi,1022,Tirane,AL,https://steam-fablab.umb.edu.al/,https://www.fablabs.io/labs/steamfablab,3d-printing;cnc;vinyl-cutting,high,source:fablabs.io;status:active;kind:fab_lab;idcode:2907
Fab Lab Armenia Dilijan,40.7462661,44.8336341,77 Moldovakan street,3905,Dilijan,AM,https://fablabarmenia.com/,https://www.fablabs.io/labs/FabLabArmeniaDilijan,3d-printing;cnc;electronics;laser;precision-milling;vinyl-cutting,high,source:fablabs.io;status:active;kind:fab_lab;idcode:2121
Fab Lab Armenia Gyumri,40.7926833,43.8459953,"1 Ankakhutyan Square, Gyumri, Armenia",3101,Gyumri,AM,https://fablabarmenia.com,https://www.fablabs.io/labs/fablabarmeniagyumri,3d-printing;cnc;electronics;laser;precision-milling;vinyl-cutting,high,source:fablabs.io;status:active;kind:fab_lab;idcode:3014
Kubanga Fab Lab Angola,-8.921921686360335,13.18307518836061,Avenida Samora Machel Universidade Oscar Ribas,,Luanda,AO,http://www.linkedin.com/company/kubanga-angola,https://www.fablabs.io/labs/kubangafablabangola,3d-printing;cnc;electronics;laser;precision-milling;vinyl-cutting,high,source:fablabs.io;status:active;kind:fab_lab;idcode:3072
Laboratorio Abierto DIEC,-38.6953994,-62.25429500000001,San Andres 800,B8001,Bahia Blanca,AR,http://laboabierto.diec.uns.edu.ar/,https://www.fablabs.io/labs/laboratorioabiertodiec,3d-printing;cnc;electronics,high,source:fablabs.io;status:active;kind:mini_fab_lab;idcode:1589
3dlab-fabcafe,-34.5854283,-58.43114750000001,Costa Rica 5198,,Buenos Aires,AR,http://www.3dlab-fabcafe.com,https://www.fablabs.io/labs/3dlabfabcafe,3d-printing;vinyl-cutting,medium,source:fablabs.io;status:unknown;kind:mini_fab_lab;idcode:258
El Reactor,-34.5855639,-58.40338070000001,Buenos Aires Pacheco de Melo 2888,1425,Buenos Aires,AR,http://www.elreactor.com,https://www.fablabs.io/labs/elreactor,3d-printing;electronics;laser,high,source:fablabs.io;status:unknown;kind:mini_fab_lab;idcode:148
FAB LAB BUENOS AIRES,-34.586203,-58.40409699999998,Pacheco de Melo 2888,1425,Buenos Aires,AR,http://www.elreactor.com,https://www.fablabs.io/labs/fablabbuenosaires,3d-printing;cnc;electronics;laser;precision-milling,high,source:fablabs.io;status:unknown;kind:mini_fab_lab;idcode:146
Fab Lab Argentina,-34.597997,-58.38977749999998,Montevideo 938,,Buenos Aires,AR,http://www.fablabargentina.com.ar,https://www.fablabs.io/labs/fablabargentina,3d-printing;cnc,medium,source:fablabs.io;status:planned;kind:fab_lab;idcode:472
TaMaCo,-34.6429576,-58.40606360000004,Iguazu 451,C1437,Buenos Aires,AR,http://tamaco.chela.org.ar/,https://www.fablabs.io/labs/TaMaCo,3d-printing;cnc;electronics;laser,high,source:fablabs.io;status:unknown;kind:fab_lab;idcode:958
FabLabVicenteLopez,-34.54240885095587,-58.5121943286499,santa rosa 4146,1638,Buenos aires,AR,https://formacion.mvl.edu.ar/fablab/,https://www.fablabs.io/labs/vicentelopez,3d-printing;cnc;electronics;laser,high,source:fablabs.io;status:active;kind:fab_lab;idcode:1707
Fablab Comodoro-Rivadavia,-45.8656047,-67.48224270000003,Comodoro Rivadavia,,Comodoro Rivadavia,AR,,https://www.fablabs.io/labs/fablabcomodororivadavia,,low,source:fablabs.io;status:planned;kind:fab_lab;idcode:1512
Cofactory,-31.4229036,-64.19449089999999,Simon Bolivar 751,5009,Cordoba,AR,https://www.cofactory.com.ar/,https://www.fablabs.io/labs/cofactory,3d-printing;cnc;electronics;laser;vinyl-cutting,high,source:fablabs.io;status:active;kind:fab_lab;idcode:2651
FabLab Cordoba,-31.4219426,-64.18783380000002,Int. Ramon Bautista Mestre sur 1150,X5000JHB,Cordoba,AR,http://www.fablabcordoba.org/,https://www.fablabs.io/labs/fundacionfablabcordoba,3d-printing;cnc;electronics;laser,high,source:fablabs.io;status:active;kind:fab_lab;idcode:1419
FAB LAB Godoy Cruz,-32.94356,-68.81852549999999,La casa del futuro Sarmiento 2291 Godoy Cruz Mendoza,5501,Godoy Cruz,AR,https://www.instagram.com/casadelfuturo.godoycruz/?hl=es,https://www.fablabs.io/labs/fablabgodoycruz,3d-printing;cnc;electronics;precision-milling;vinyl-cutting,high,source:fablabs.io;status:active;kind:fab_lab;idcode:2710
FabLab La Plata,-34.90124042567836,-57.94352594016721,proximamente,1900,La Plata,AR,https://www.facebook.com/fablabLaPlata,https://www.fablabs.io/labs/fablabplatense,3d-printing;cnc;electronics;laser;precision-milling;vinyl-cutting,high,source:fablabs.io;status:planned;kind:fab_lab;idcode:376
Fab Lab MDP,-37.99607,-57.55793060000002,Belgrano 3568,7600,Mar del Plata,AR,http://www.fablabmdp.org,https://www.fablabs.io/labs/fablabmdp,3d-printing,high,source:fablabs.io;status:unknown;kind:mini_fab_lab;idcode:213
FabLab UNR,-32.96615,-60.624315,Berutti y Riobamba,2000,Rosario,AR,http://www.unr.edu.ar,https://www.fablabs.io/labs/fablabunr,3d-printing;cnc;laser;precision-milling;vinyl-cutting,high,source:fablabs.io;status:active;kind:fab_lab;idcode:2522
"Fab Lab Bariloche, Argentina",-41.1351586,-71.3112936,Juramento 102 Ruta 258 y Hermite,R8400,San Carlos de Bariloche,AR,https://fablabbariloche.gob.ar/,https://www.fablabs.io/labs/fablabbarilocheargentina,3d-printing;electronics;laser;vinyl-cutting,high,source:fablabs.io;status:active;kind:fab_lab;idcode:3108
FabLab Jujuy,-24.1857864,-65.29947670000001,San Salvador de Jujuy Goyechea 250,4600,San Salvador de Jujuy,AR,http://www.facebook.com/OpenLabJujuy,https://www.fablabs.io/labs/fablabjujuy,3d-printing;electronics;laser;vinyl-cutting,high,source:fablabs.io;status:unknown;kind:mini_fab_lab;idcode:576
FabLab UNSAM,-34.5818553,-58.51932429999999,Av. 25 de Mayo 999,1672,"Villa Lynch, Provincia de Buenos Aires",AR,https://www.pendolari.com.ar/FabLAB_UNSAM-2023-Version_Corta.mp4,https://www.fablabs.io/labs/fablabUNSAM,3d-printing;cnc;electronics;laser,high,source:fablabs.io;status:active;kind:fab_lab;idcode:2488
ATP Lab,-32.4087389,-63.25395769999999,Jujuy 573,5900,Villa Maria,AR,http://www.facebook.com/cienciasatp,https://www.fablabs.io/labs/ATP,3d-printing;cnc;electronics;laser,high,source:fablabs.io;status:active;kind:fab_lab;idcode:604
Concreto Fab,-34.5683298,-58.47654850000001,Plaza 2508,C1430,Villa Urquiza,AR,http://www.concretofab.ar,https://www.fablabs.io/labs/concretofab,3d-printing;cnc;electronics;laser;precision-milling;vinyl-cutting,high,source:fablabs.io;status:active;kind:fab_lab;idcode:2948
FAB LAB Villa La Angostura,-40.760034,-71.6475854,las retamas y topa topa,8407,villa la angostura,AR,https://www.fablabangostura.gob.ar/,https://www.fablabs.io/labs/angostura,3d-printing;cnc;electronics;laser,high,source:fablabs.io;status:active;kind:fab_lab;idcode:2552
FabLab Graz,47.059316,15.46422189999998,Inffeldgasse 11/III,8010,Graz,AT,http://fablab.tugraz.at,https://www.fablabs.io/labs/fablabgraz,3d-printing;cnc;electronics;laser;precision-milling;vinyl-cutting,high,source:fablabs.io;status:active;kind:fab_lab;idcode:478
Spielraum FabLab,47.2586701,11.39553590000003,Franz-Fischer-Strae 12,6020,Innsbruck,AT,http://fablab.spielraumfueralle.at/,https://www.fablabs.io/labs/spielraumfablab,3d-printing;cnc;electronics;laser;vinyl-cutting,high,source:fablabs.io;status:active;kind:fab_lab;idcode:1590
FabLab Kapfenberg,47.4530357,15.3317592,Kapfenberg Werk-VI-Strae 46,8605,Kapfenberg,AT,https://spl.fh-joanneum.at/labs/fab-lab/,https://www.fablabs.io/labs/fablabkapfenberg,3d-printing;cnc;laser;precision-milling;vinyl-cutting,high,source:fablabs.io;status:active;kind:fab_lab;idcode:1847
Farmlab,46.8824529,15.9465505,Kolldorf 38,8353,Kapfenstein,AT,http://farmlab.at,https://www.fablabs.io/labs/farmlab,3d-printing;cnc;laser,high,source:fablabs.io;status:active;kind:fab_lab;idcode:2523
OpenLandLAB,47.1621928,16.34716690000005,Kirchfidisch Hauptstrasse 8,7512,Kirchfidisch,AT,http://www.openlandlab.org,https://www.fablabs.io/labs/OpenLandLAB,cnc,high,source:fablabs.io;status:unknown;kind:fab_lab;idcode:1077
smartlab Carinthia,46.6140882,14.2665806,Lakeside B12,9020,Klagenfurt,AT,https://smartlabcarinthia.at,https://www.fablabs.io/labs/SmartlabCarinthia,3d-printing;cnc;electronics;laser;vinyl-cutting,high,source:fablabs.io;status:active;kind:fab_lab;idcode:769
FabLab Uni Klagenfurt,46.6160291,14.2652247,Universitatsstrae 65-67,9020,Klagenfurt am Worthersee,AT,https://www.aau.at/fablab/,https://www.fablabs.io/labs/fablabuniklagenfurt,3d-printing,high,source:fablabs.io;status:planned;kind:fab_lab;idcode:1872
Fablab Leoben,47.3810172,15.0963055,Langgasse 11,8700,Leoben,AT,http://www.fablab-Leoben.at,https://www.fablabs.io/labs/FabLabLeoben,3d-printing;cnc;electronics;laser;precision-milling,high,source:fablabs.io;status:active;kind:fab_lab;idcode:1161
Hand.Werk.Stadt - Modling,48.0831252,16.2997655,DI-Wilhelm-Halinger-Strae 3 / Halle 6,2340,Modling,AT,http://www.handwerkstadt.org/,https://www.fablabs.io/labs/handwerkstadt,3d-printing;cnc;laser;vinyl-cutting,high,source:fablabs.io;status:active;kind:fab_lab;idcode:1201
Steyr-Werke Makerspace,48.0427657,14.41645629999994,Wehrgrabengasse 11,4400,Steyr,AT,http://www.steyr-werke.at,https://www.fablabs.io/labs/steyrwerkemakerspace,3d-printing;cnc;electronics;laser;precision-milling;vinyl-cutting,high,source:fablabs.io;status:active;kind:fab_lab;idcode:1439
Happylab Wien,48.2280823,16.40016609999998,Schonngasse 15 - 17,1020,Vienna,AT,https://www.happylab.at/,https://www.fablabs.io/labs/happylab,3d-printing;cnc;electronics;laser;precision-milling;vinyl-cutting,high,source:fablabs.io;status:active;kind:fab_lab;idcode:4
Center for Rapid Innovation / Werkstaette Wattens,47.2869068,11.5923722,Weisstrasse 9 Building 8a,6112,Wattens,AT,http://www.werkstaette-wattens.at/en/center-for-rapid-innovation,https://www.fablabs.io/labs/criwerkstaettewattens,3d-printing;cnc;electronics;laser;precision-milling;vinyl-cutting,high,source:fablabs.io;status:active;kind:fab_lab;idcode:794
Maker Austria,48.1882792,16.34678380000003,Schonbrunner Strae 125,1050,Wien,AT,http://www.makeraustria.at,https://www.fablabs.io/labs/makerspacevienna,3d-printing;cnc;electronics;laser;precision-milling;vinyl-cutting,high,source:fablabs.io;status:active;kind:fab_lab;idcode:541
Innovation Lab FHWN,47.8381677,16.2506713,Johannes Gutenberg-Strae 5,2700,Wiener Neustadt,AT,https://innolab.fhwn.ac.at/,https://www.fablabs.io/labs/innolabfhwn,3d-printing;cnc;electronics;laser;precision-milling;vinyl-cutting,high,source:fablabs.io;status:active;kind:fab_lab;idcode:2417
Makerspace Adelaide,-34.9270666,138.5954422,223 Angas Street,5000,Adelaide,AU,http://makerspaceadelaide.org,https://www.fablabs.io/labs/makerspaceadelaide,3d-printing;cnc;laser;vinyl-cutting,high,source:fablabs.io;status:active;kind:fab_lab;idcode:346
Snepo FabLab Sydney,-33.8749353,151.2149366,Snepo Research 95 Riley Street,2010,Darlinghurst,AU,http://fablab.snepo.com,https://www.fablabs.io/labs/snepofablabsydney,3d-printing;cnc;electronics;laser;precision-milling;vinyl-cutting,high,source:fablabs.io;status:unknown;kind:fab_lab;idcode:1367
STEAMengine,-37.6554428,145.0307938999999,Dalton Road,3076,Epping,AU,https://www.whittleseatechschool.vic.edu.au/,https://www.fablabs.io/labs/WhittleseaTS,3d-printing;cnc;electronics;laser;precision-milling;vinyl-cutting,high,source:fablabs.io;status:corona;kind:fab_lab;idcode:2098
USC Maker Space,-26.718022501587,153.0613879417725,90 Sippy Downs Drive,4556,Sippy Downs,AU,,https://www.fablabs.io/labs/uscmakerspace,3d-printing;cnc;electronics;laser;precision-milling;vinyl-cutting,high,source:fablabs.io;status:active;kind:fab_lab;idcode:2222
Lake Mac Libraries Fab Lab,-33.0921139,151.6374606,Windale Hub 20 Lake Street,2306,Windale,AU,https://library.lakemac.com.au/fablab,https://www.fablabs.io/labs/lakemacfablab,3d-printing;cnc;electronics;laser;precision-milling;vinyl-cutting,high,source:fablabs.io;status:active;kind:fab_lab;idcode:2602
Brenchie's lab,12.5236101,-70.034233,J. Irausquinplein 4,,Oranjestad,AW,https://brenchies.com,https://www.fablabs.io/labs/brenchies,3d-printing;cnc;electronics;laser;precision-milling;vinyl-cutting,high,source:fablabs.io;status:active;kind:fab_lab;idcode:1966
ROBOKIDS centar,44.7721811,17.19100000000003,Banja Luka Jevrejska 50,78000,Banja Luka,BA,https://robokids.xyz/,https://www.fablabs.io/labs/robokidscentar,3d-printing,high,source:fablabs.io;status:active;kind:fab_lab;idcode:1780
Makerspace Garage,43.3532502,17.8118348,Sjeverni logor bb,88000,Mostar,BA,https://garazalab.com/,https://www.fablabs.io/labs/makerspacegarage,3d-printing;electronics;laser;precision-milling;vinyl-cutting,high,source:fablabs.io;status:active;kind:fab_lab;idcode:2855
iLab Mostar,43.312678,17.829576,Bisce polje bb,88000,Mostar,BA,https://www.intera.ba/ilab,https://www.fablabs.io/labs/ilabmostar,3d-printing;cnc;electronics;laser;precision-milling;vinyl-cutting,high,source:fablabs.io;status:active;kind:mini_fab_lab;idcode:2483
FabLab Sarajevo,43.8663138,18.4052031,Brace Begic 42,71000,Sarajevo,BA,https://fablab.ba/,https://www.fablabs.io/labs/FabLabSA,3d-printing;cnc;electronics;laser;precision-milling;vinyl-cutting,high,source:fablabs.io;status:active;kind:fab_lab;idcode:2174
FabLab Chittagong,22.3616178,91.79767439999999,"USTC Block D, level 11 University of Science and Technology of Chittagong",,Chittagong,BD,https://www.linkedin.com/groups/10342572,https://www.fablabs.io/labs/fablabctg,3d-printing,high,source:fablabs.io;status:active;kind:fab_lab;idcode:1559
FABLAB SAU,23.7726265,90.3739554,Sher-e-Bangla Agricultural University Dr. M A Wazed Miah Research Centre Sher-e-Bangla Agricultural University,1207,Dhaka,BD,https://www.fablabsau.com/,https://www.fablabs.io/labs/fablabsau,3d-printing;cnc;electronics;laser;precision-milling;vinyl-cutting,high,source:fablabs.io;status:active;kind:fab_lab;idcode:1597
Fab Lab Dhaka,23.8105008,90.4124974,"House 12, Road 101, Gulshan 2, Dhaka, Bangladesh",1212,Dhaka,BD,http://fablabdhaka.strikingly.com,https://www.fablabs.io/labs/dhaka,cnc,high,source:fablabs.io;status:active;kind:mini_fab_lab;idcode:938
FabLab Dhaka,23.7745941,90.4120034,Dhaka,1230,Dhaka,BD,,https://www.fablabs.io/labs/fablabdhaka,3d-printing;cnc;electronics;precision-milling,medium,source:fablabs.io;status:planned;kind:fab_lab;idcode:598
FabLabIUB,23.81538489860985,90.4276937715058,"Independent University, Bangladesh Plot 16, Block B, Aftabuddine Ahmed Road, Bashundhara R/A, Dhaka 1212",1212,Dhaka,BD,http://fablabiub.com,https://www.fablabs.io/labs/fablabiub,3d-printing;cnc;electronics;laser;precision-milling;vinyl-cutting,high,source:fablabs.io;status:active;kind:fab_lab;idcode:1740
FAB LAB DUET,24.0187038,90.42001110000001,"DUET 2nd Campus Road Shaheed Sayed Nazrul Islam Academic Building, 6007, Level-6",1707,Gazipur,BD,http://www.fablabduet.com.bd,https://www.fablabs.io/labs/fablabduet,3d-printing;cnc;electronics;laser;vinyl-cutting,high,source:fablabs.io;status:active;kind:fab_lab;idcode:1712
FabLab KUET,22.8087816,89.24671910000006,Khulna Division Khulna University of Engineering & Technology (KUET),9203,Khulna,BD,https://www.facebook.com/FabLabKUET/,https://www.fablabs.io/labs/fablabkuet,3d-printing;cnc;electronics;laser;precision-milling;vinyl-cutting,high,source:fablabs.io;status:active;kind:fab_lab;idcode:1469
Fab Lab BAU,24.7243021,90.43524739999998,"BAU, Agricultural Engineering Faculty, Engineering Workshop",2202,Mymensingh,BD,http://fablab.bau.edu.bd/,https://www.fablabs.io/labs/fablabbau,3d-printing;cnc;electronics;laser;vinyl-cutting,high,source:fablabs.io;status:active;kind:fab_lab;idcode:1696
"FabLab, RUET",24.3651186,88.62347419999992,RUET Area,6204,Rajshahi,BD,,https://www.fablabs.io/labs/FabLabRUET,3d-printing;cnc;electronics;laser;vinyl-cutting,medium,source:fablabs.io;status:planned;kind:fab_lab;idcode:1477
Fab Lab DIU,23.8762915,90.3199034,"Daffodil International University Daffodil Smart City (DSC), Birulia",1216,Savar,BD,http://fablab.coderorigin.com/,https://www.fablabs.io/labs/fablabdiu,3d-printing;cnc;electronics;laser;precision-milling;vinyl-cutting,high,source:fablabs.io;status:active;kind:fab_lab;idcode:2625
Fablab solidaire Orange Digital Center - Burkina Faso - ODC,12.3092883,-1.529194,Cissin secteur 26 0022676260720,"01 BP 6622, Ouagadougou 01",OUAGADOUGOU,BF,,https://www.fablabs.io/labs/Fablabodcburkina,3d-printing;cnc;electronics;laser;precision-milling;vinyl-cutting,high,source:fablabs.io;status:active;kind:fab_lab;idcode:2791
Faso Civic,12.3759431,-1.558258300000034,08 BP 11625,08,Ouagadougou,BF,https://www.fasocivic.org,https://www.fablabs.io/labs/fasocivic,3d-printing;electronics;vinyl-cutting,high,source:fablabs.io;status:active;kind:mini_fab_lab;idcode:1386
InViis LAB,12.4080625,-1.4863125,Somgande,12 BP 32,Ouagadougou,BF,,https://www.fablabs.io/labs/inviislab,3d-printing;cnc;electronics;laser,high,source:fablabs.io;status:active;kind:fab_lab;idcode:2833
ouagalab,12.3529618,-1.505501299999991,www.ouagalab.bf https://www.facebook.com/pages/Ouagalab/159514010814943,03bp7099ouagadougou03,Ouagadougou,BF,http://www.ouagalab.com,https://www.fablabs.io/labs/ouagalab,3d-printing;cnc,high,source:fablabs.io;status:active;kind:fab_lab;idcode:320
FabLab INNOVATOR,43.1990647236198,27.91454911349183,. 1,9000,,BG,https://innovator.bg/,https://www.fablabs.io/labs/fablabinnovator,3d-printing;cnc;laser,medium,source:fablabs.io;status:planned;kind:fab_lab;idcode:1800
coolcsn,42.13066365582788,24.70491891874394,7 Chemshir str.,4001,,BG,,https://www.fablabs.io/labs/coolcsn,3d-printing,medium,source:fablabs.io;status:active;kind:fab_lab;idcode:1551
SCIFI,42.6318201,23.36663010000007,"Floyd Blyak, Mladost 2, Sofia Bulgaria",1799,Sofia,BG,https://www.acs.bg/campus-life/student-computer-innovation-and-fabrication-institute-scifi/,https://www.fablabs.io/labs/scifiacs,3d-printing;cnc;electronics;laser;precision-milling;vinyl-cutting,high,source:fablabs.io;status:active;kind:fab_lab;idcode:2142
Smart Fab Lab,42.6840207,23.33210170000007,Sofia Center 1 Hristo Smirnenski Street,1046,Sofia,BG,http://www.smartfablab.org/,https://www.fablabs.io/labs/smartfablab,3d-printing;cnc;laser,high,source:fablabs.io;status:unknown;kind:fab_lab;idcode:274
The Social Makerspace,43.2020701,27.914896,Preslav 53,9020,Varna,BG,http://www.trikey.space,https://www.fablabs.io/labs/thesocialmakerspace,3d-printing;cnc;electronics;laser;precision-milling,high,source:fablabs.io;status:active;kind:fab_lab;idcode:2873
FabLab BH,26.23437594566047,50.53243540173344,Manama,,Manama,BH,http://@FabLab_Bahrain,https://www.fablabs.io/labs/fablabbh,,medium,source:fablabs.io;status:unknown;kind:fab_lab;idcode:527
FabLab Bahrain,26.2294708,50.54654000000005,"802 Bldg 614, Road 1011, Block 410",,Manama,BH,http://fablab.bh,https://www.fablabs.io/labs/fablabbahrain,3d-printing;cnc;electronics;laser;precision-milling;vinyl-cutting,high,source:fablabs.io;status:active;kind:fab_lab;idcode:428
MYSIC,26.2030185,50.5951169,Um Al-Hassam,,"Um Al-Hassam, Manama, Kingdom of Bahrain",BH,https://www.mys.gov.bh/,https://www.fablabs.io/labs/MYSIC,3d-printing;cnc;electronics;laser;precision-milling;vinyl-cutting,high,source:fablabs.io;status:active;kind:fab_lab;idcode:1911
MYSIC: Ministry of Youth and Sports Innovation Center,26.2030185,50.5951169,Um Al-Hassam,,"Um Al-Hassam, Manama, Kingdom of Bahrain",BH,https://www.mys.gov.bh/,https://www.fablabs.io/labs/MYSIC2030,3d-printing;cnc;electronics;laser;precision-milling;vinyl-cutting,high,source:fablabs.io;status:active;kind:fab_lab;idcode:1912
BLOLAB,6.394645074978872,2.34612902050776,Cotonou,,Cotonou,BJ,http://www.udl-benin.org,https://www.fablabs.io/labs/blolab,3d-printing,medium,source:fablabs.io;status:unknown;kind:fab_lab;idcode:617
Blolab Cotonou,6.370299999999999,2.3922853,Cotonou,03BP2279,Cotonou,BJ,http://www.blolab.org,https://www.fablabs.io/labs/blolabcotonou,3d-printing;cnc;laser;vinyl-cutting,high,source:fablabs.io;status:active;kind:fab_lab;idcode:1125
IROKO FabLab,6.3736012,2.4257544,"Cotonou Jericho, 237 Ave de la Liberation",00229,Cotonou,BJ,http://www.irokolab.org,https://www.fablabs.io/labs/Irokofablab,3d-printing;cnc;laser,high,source:fablabs.io;status:active;kind:fab_lab;idcode:1989
Iroko FabLab,6.3736191,2.4257833,"237 Ave de la Liberation, Jericho, Cotonou",,Cotonou,BJ,https://www.facebook.com/IrokoFabLab,https://www.fablabs.io/labs/AtelierIroko,3d-printing;cnc;laser;precision-milling,high,source:fablabs.io;status:active;kind:fab_lab;idcode:1991
FabLab-MEM,-17.9928546,-67.13652309999999,Ciudadela Universitaria de la Facultad Nacional de Ingenieria Final Avenida Dehene,0000,Oruro,BO,,https://www.fablabs.io/labs/fablabmem,3d-printing;cnc;electronics;laser;precision-milling,high,source:fablabs.io;status:active;kind:fab_lab;idcode:2934
FAB LAB SANTA CRUZ,-17.7743563,-63.1925824,Av. Busch y 2do anillo 1113,00000,Santa Cruz,BO,https://tiktok.com/@fablabscz,https://www.fablabs.io/labs/fablabscz,3d-printing;cnc;electronics;laser;precision-milling;vinyl-cutting,high,source:fablabs.io;status:active;kind:fab_lab;idcode:2780
FAB LAB UPSA,-17.762898,-63.14776799999999,Santa Cruz de la Sierra,0000,Santa Cruz de la Sierra,BO,http://www.upsa.edu.bo,https://www.fablabs.io/labs/fablabupsa,3d-printing;cnc;electronics;laser;precision-milling;vinyl-cutting,high,source:fablabs.io;status:active;kind:fab_lab;idcode:1791
FabLab UEB,-17.8326987,-63.2049182,Edificio de Tecnologia Campus UEB,0000,Santa Cruz de la Sierra,BO,,https://www.fablabs.io/labs/fablabueb,3d-printing;electronics;laser;precision-milling,medium,source:fablabs.io;status:planned;kind:mini_fab_lab;idcode:3004
JIT FAB LAB,-17.7539697,-63.1589247,Avenida Nicolas Suarez #730,0000,Santa Cruz de la Sierra,BO,http://www.jitsrl.com,https://www.fablabs.io/labs/jitfablab,3d-printing;cnc;electronics;laser;vinyl-cutting,high,source:fablabs.io;status:active;kind:fab_lab;idcode:1305
FAB LAB LIVRE SP C.F.C. CIDADE TIRADENTES,-23.5801259,-46.38984289999996,"R. Inacio Monteiro, 6900",,-,BR,http://www.fablablivresp.prefeitura.sp.gov.br/,https://www.fablabs.io/labs/fablabtiradentes,3d-printing;cnc;electronics;laser;precision-milling;vinyl-cutting,high,source:fablabs.io;status:active;kind:fab_lab;idcode:2007
Fab Lab - UniEVANGELICA,-16.2938003,-48.9454088,"Av. Universitaria, 3105 - Cidade Universitaria",75083-515,Anaplos,BR,,https://www.fablabs.io/labs/fablabunievangelica,3d-printing;cnc;electronics;laser;precision-milling;vinyl-cutting,high,source:fablabs.io;status:active;kind:fab_lab;idcode:2941
Fab Lab GO,-16.3285209,-48.95344699999998,Anapolis,75074590,Anapolis,BR,,https://www.fablabs.io/labs/fablabgo,3d-printing;cnc;electronics;laser;precision-milling;vinyl-cutting,high,source:fablabs.io;status:active;kind:mini_fab_lab;idcode:1270
FABLAB AJU,-10.9333713,-37.06260759999998,,,Aracaju,BR,http://www.soldagembrasil.blogspot.com,https://www.fablabs.io/labs/fablabsergipe,3d-printing;cnc;electronics;laser;precision-milling;vinyl-cutting,medium,source:fablabs.io;status:planned;kind:mobile;idcode:1257
Tiradentes Fab Lab,-10.967776,-37.0601051,"Av. Murilo Dantas, 300 Farolandia",49032-490,Aracaju,BR,https://tiradentesinnovation.com,https://www.fablabs.io/labs/tiradentesfablab,3d-printing;cnc;electronics;laser;precision-milling,high,source:fablabs.io;status:active;kind:fab_lab;idcode:2338
FAB LAB Escola SESI-SP Araraquara,-21.7773426,-48.1627634,"Avenida Octaviano de Arruda Campos, 686",14810-901,Araraquara,BR,https://www.instagram.com/fablabescola/,https://www.fablabs.io/labs/fablabescolasesiararaquara,3d-printing;cnc;electronics;laser;vinyl-cutting,high,source:fablabs.io;status:active;kind:fab_lab;idcode:2620
Fab Lab Uniara,-21.7971743,-48.1781976,"Rua Carlos Gomes, 1217 - Centro",14801-340,Araraquara,BR,https://www.uniara.com.br/nite/,https://www.fablabs.io/labs/uniara,3d-printing;cnc;electronics;laser,high,source:fablabs.io;status:active;kind:fab_lab;idcode:2692
Fab Lab Escola SESI Araras,-22.3716299,-47.3546032,"Av. Melvin Jones, 2600 - Heitor Villa Lobos",13607-450,Araras,BR,https://www.facebook.com/FabLabSesiSP/,https://www.fablabs.io/labs/fablabescolasesiararas,3d-printing;cnc;electronics;laser;precision-milling;vinyl-cutting,high,source:fablabs.io;status:active;kind:fab_lab;idcode:2556
UniAvan Fab Lab,-26.99490535357915,-48.655754683667,"Av. Marginal Leste, 3600 Bloco 4 da UniAvan",88339-125,Balneario Camboriu,BR,http://avantis.edu.br,https://www.fablabs.io/labs/uniavan,3d-printing;laser;vinyl-cutting,high,source:fablabs.io;status:active;kind:fab_lab;idcode:1965
Fab Lab da FIRJAN Barra Mansa,-22.5337504,-44.1840952,"R. Sr. do Bonfim, 107 - Saudade",27340040,Barra Mansa,BR,http://www.firjan.com.br,https://www.fablabs.io/labs/fablabdafirjanbarramansa,3d-printing;cnc;laser;precision-milling;vinyl-cutting,high,source:fablabs.io;status:active;kind:fab_lab;idcode:3053
QuitandaLab - FabLab,-12.14754,-45.0235895,"Rua da Prainha, 1326 - Morada Nobre",47810-047,Barreiras,BR,,https://www.fablabs.io/labs/quitandalabplus,3d-printing;cnc;laser,high,source:fablabs.io;status:active;kind:mini_fab_lab;idcode:2886
FAB LAB CITEB,-22.3286675,-49.0660694,Av. Engenheiro Luiz Edmundo Carrijo Coube 14-01,17033-360,Bauru,BR,http://faac.unesp.br,https://www.fablabs.io/labs/fablabciteb,3d-printing;electronics;laser,high,source:fablabs.io;status:active;kind:fab_lab;idcode:1562
Fab Lab Escola SESI - Bauru,-22.3320623,-49.0783183,"Rua Rubens Arruda, 8-50",17014-300,Bauru,BR,https://bauru.sesisp.org.br/,https://www.fablabs.io/labs/fablabescolasesibauru,3d-printing;cnc;electronics;laser;precision-milling;vinyl-cutting,high,source:fablabs.io;status:active;kind:fab_lab;idcode:2433
Fab Lab Belem,-1.4636207,-48.44637950000003,"Avenida Perimetral da Ciencia, km 01 Guama Parque de Ciencia e Tecnologia Guama, Predio Espaco Inovacao, Terceiro Piso, Sala 15",66075-750,Belem,BR,http://www.fablabbelem.org,https://www.fablabs.io/labs/fablabbelem,3d-printing;cnc;electronics;laser,high,source:fablabs.io;status:active;kind:fab_lab;idcode:283
13 FabLab Belo Horizonte,-19.9452542,-43.92256850000001,"Av. Afonso Pena, 4000 3o Andar",30130-009,Belo Horizonte,BR,http://r13.eng.br/fablab,https://www.fablabs.io/labs/13fablabbelo,3d-printing;electronics;laser;vinyl-cutting,high,source:fablabs.io;status:planned;kind:fab_lab;idcode:815
Anima Lab UniBH,-19.9720754,-43.9645739,"R. Libero Leone, 259 Buritis",30493-145,Belo Horizonte,BR,http://animalab.net/,https://www.fablabs.io/labs/animalabunibh,3d-printing;cnc;electronics;laser;precision-milling;vinyl-cutting,high,source:fablabs.io;status:active;kind:fab_lab;idcode:1859
Fab LAB Newton,-19.9661541,-43.9631832,"Av. Presidente Carlos Luz, 220 - Alto Caicaras Centro Universitario Newton Paiva - Campus Carlos Luz",31230-010,Belo Horizonte,BR,https://newtonpaiva.br/estrutura/centros-de-inovacao/fab_lab_newton/,https://www.fablabs.io/labs/fablabnewton,3d-printing;cnc;electronics;laser;precision-milling;vinyl-cutting,high,source:fablabs.io;status:active;kind:fab_lab;idcode:835
Fab Lab Dom Helder,-19.9235319,-43.92552939999999,"R. Alvares Maciel, 628 Santa Efigenia",30120-010,Belo Horizonte,BR,https://domhelder.edu.br/fablab/,https://www.fablabs.io/labs/fablabdomhelder,3d-printing;cnc;laser;precision-milling,high,source:fablabs.io;status:planned;kind:mini_fab_lab;idcode:3159
Laboratorio Aberto SENAI FIEMG,-19.9187252,-43.93839620000001,RUA RIO DE JANEIRO 471 CENTRO,30160-040,Belo Horizonte,BR,https://www.fiemg.com.br/area-de-interesse/inovacao-e-tecnologia/laboratorio-aberto/,https://www.fablabs.io/labs/fablababertosenai,3d-printing;cnc;electronics;laser;precision-milling,high,source:fablabs.io;status:active;kind:fab_lab;idcode:915
FabLab Ramacrisna,-19.9137773,-44.2732511,"R. Aracaju, 321 - Santo Afonso, Betim - MG, 32623-522 -",32623-522,Betim,BR,https://ramacrisna.org.br/projeto/fablabramacrisna/,https://www.fablabs.io/labs/fablabramacrisna,3d-printing;cnc;electronics;laser;precision-milling;vinyl-cutting,high,source:fablabs.io;status:active;kind:fab_lab;idcode:3009
Fab Lab Escola SESI - Birigui,-21.2993316,-50.33269519999999,"Av. Jose Agostinho Rossi, 620",,Birigui,BR,https://www.facebook.com/FabLabSesiSP/,https://www.fablabs.io/labs/fablabescolasesibirigui,3d-printing;electronics;laser;precision-milling;vinyl-cutting,high,source:fablabs.io;status:active;kind:fab_lab;idcode:1656
Laboratorio de Fabricacao Digital (LFD),-26.8916650481747,-49.08343340278071,"Rua Sao Paulo, 3250 - Itoupava Seca",89030-000,Blumenau,BR,https://www.furb.br/estacaobusiness,https://www.fablabs.io/labs/fablablfd,3d-printing;cnc;electronics;laser;precision-milling,high,source:fablabs.io;status:active;kind:fab_lab;idcode:2891
Fab Lab Escola SESI - Botucatu,-22.9194155,-48.44477210000002,"Rua Doutor Celso Cariola,60",SP,Botucatu,BR,,https://www.fablabs.io/labs/sesibotucatu,3d-printing;electronics;laser;vinyl-cutting,medium,source:fablabs.io;status:planned;kind:fab_lab;idcode:2169
Fab Lab Escola SESI - Botucatu SP,-22.9181829,-48.44426259999999,"Rua Doutor Celso Cariola, 60, Park Residencial Convivio",18605 - 265,Botucatu,BR,https://www.facebook.com/FabLabSesiSP/,https://www.fablabs.io/labs/fablabescolasesibotucatu,3d-printing;electronics;laser;precision-milling;vinyl-cutting,high,source:fablabs.io;status:active;kind:fab_lab;idcode:2561
Brasilia Fab Lab,-15.7763335,-47.8845422,"CLN 305 Bl B, Sala 06, Subsolo",70737-520,Brasilia,BR,http://www.brasiliafablab.com.br,https://www.fablabs.io/labs/brasiliafablab,3d-printing;cnc;laser;vinyl-cutting,high,source:fablabs.io;status:unknown;kind:fab_lab;idcode:382
Laboratorio Aberto de Brasilia,-15.7622478,-47.8737119,"ULEG/ FT, CAMPUS DARCY RIBEIRO, ASA NORTE Ponto de referencia: Proximo ao posto de gasolina",70297400,Brasilia,BR,https://www.laboratorioaberto.com.br/,https://www.fablabs.io/labs/laboratrioabertodebraslia,3d-printing;electronics;laser,high,source:fablabs.io;status:active;kind:fab_lab;idcode:2992
SESI Lab,-15.79634668102616,-47.88247426190184,SCTS Lote 1 Bloco A SESI Lab,70070-110,Brasilia,BR,https://sesilab.com.br/,https://www.fablabs.io/labs/sesilab,3d-printing;cnc;electronics;laser;precision-milling;vinyl-cutting,high,source:fablabs.io;status:active;kind:fab_lab;idcode:3082
Thomas Maker,-15.76858848102498,-47.87419621349181,Setor de Grandes Areas Norte 606 Conjunto B,70297-400,Brasilia,BR,https://www.instructables.com/member/ThomasMaker/,https://www.fablabs.io/labs/thomasmaker,3d-printing;electronics;laser;vinyl-cutting,high,source:fablabs.io;status:active;kind:mini_fab_lab;idcode:2119
FAB LAB GAMT,-23.1071378,-45.7014437,"250, Nacoes Unidas St",12281-050,Cacapava,BR,http://gamt.org.br,https://www.fablabs.io/labs/fablabgamt,3d-printing;cnc;electronics;laser;precision-milling,high,source:fablabs.io;status:active;kind:mini_fab_lab;idcode:2610
Fab Lab Camassary,-12.6947141,-38.29536400000001,"Camacari Rua Sapoti, Centro Comercial Parque das Palmeiras",42802500,Camacari,BR,http://www.fablabcamassary.com,https://www.fablabs.io/labs/fablabcamassary,3d-printing;cnc;electronics,high,source:fablabs.io;status:active;kind:mini_fab_lab;idcode:1031
Fab Lab Camboriu 360,-27.0031787,-48.6621725,"Rua Monte Castelito, 39 Fal Lab Camboriu 360",88348-586,Camboriu,BR,https://www.facebook.com/Anita-Bernardes-Ganancini-Sempre-531729263532948/,https://www.fablabs.io/labs/fablabcamboriu360,3d-printing;laser;vinyl-cutting,high,source:fablabs.io;status:planned;kind:mini_fab_lab;idcode:1782
FabLab UFCG Brazil,-7.215425499999999,-35.9104087,"Rua Aprigio Veloso, 882 Bairro Universitario",58429900,Campina Grande,BR,http://www.ufcg.edu.br,https://www.fablabs.io/labs/fablabufcgbrazil,3d-printing;cnc;precision-milling;vinyl-cutting,high,source:fablabs.io;status:planned;kind:fab_lab;idcode:1414
Fab Lab Escola SESI - Campinas,-22.9154627,-47.06782519999999,"Av. das Amoreiras, 450 Parque Italia",13036-225,Campinas,BR,https://www.facebook.com/FabLabSesiSP/,https://www.fablabs.io/labs/fablabescolasesicampinas,3d-printing;electronics;laser;precision-milling;vinyl-cutting,high,source:fablabs.io;status:active;kind:fab_lab;idcode:2175
FabLab 3dtoy,-22.8843609,-47.15400599999998,"R. Aristides Dalla Dea, 300 - Chacara Nova Boa Vista, Campinas - SP, 13064-652, Brasil",,Campinas,BR,http://www.3dtoy.com.br,https://www.fablabs.io/labs/fablab3dtoy,3d-printing;cnc;electronics;laser;precision-milling;vinyl-cutting,high,source:fablabs.io;status:active;kind:fab_lab;idcode:1869
FabLab PUC-Campinas,-22.8365295,-47.0496996,"Rua Professor Dr. Euryclides de Jesus Zerbini, no 1.516 Parque das Universidades",13087,Campinas,BR,http://fablab.puc-campinas.edu.br,https://www.fablabs.io/labs/puccampinas,3d-printing;cnc;electronics;laser,high,source:fablabs.io;status:planned;kind:fab_lab;idcode:2021
Mackenzie Campinas,-22.8857065,-47.0686067,"Av. Brasil, 1220 - Jardim Guanabara",13073-148,Campinas,BR,,https://www.fablabs.io/labs/mackenziecampinas,3d-printing;cnc;electronics;laser;precision-milling;vinyl-cutting,high,source:fablabs.io;status:active;kind:fab_lab;idcode:2764
Mescla FabLab PUC-Campinas,-22.83415,-47.05123,"Rua Professor Dr. Euryclides de Jesus Zerbini, 1516 Parque Rural Fazenda Santa Candida",13087-571,Campinas,BR,https://www.puc-campinas.edu.br/mescla/labfabdig/,https://www.fablabs.io/labs/mescla,3d-printing;cnc;laser,high,source:fablabs.io;status:corona;kind:fab_lab;idcode:2248
PE2/ Plasma,-22.8185203,-47.0641046,Av. Albert Einstein - Cidade Universitaria,13083852,Campinas,BR,https://sites.google.com/unicamp.br/plasma,https://www.fablabs.io/labs/pe2plasma,cnc;electronics;laser;precision-milling;vinyl-cutting,high,source:fablabs.io;status:active;kind:mini_fab_lab;idcode:2951
Lab Maker Living Lab MS,-20.4532249,-54.6050192,"Rua Brasil, 205",79010-230,Campo Grande,BR,https://www.livinglabms.com.br/,https://www.fablabs.io/labs/labmakerlivinglabms,3d-printing;cnc;electronics;laser;precision-milling,high,source:fablabs.io;status:active;kind:fab_lab;idcode:2498
Fablab Unilasalle,-29.9174808,-51.18170800000001,"Av. Vitor Barreto, 2288 sala 108 predio 1",92010-000,Canoas,BR,,https://www.fablabs.io/labs/fablabunilasalle,3d-printing;cnc;laser;vinyl-cutting,medium,source:fablabs.io;status:unknown;kind:fab_lab;idcode:1118
FabLab Caxias do Sul,-29.1392721,-51.17160149999999,"R. Avelino Antonio de Souza, 1730",95043-700,Caxias do Sul,BR,https://integra.ifrs.edu.br/portfolio/laboratorios/laboratorio-de-metrologia-campus-caxias-do-sul,https://www.fablabs.io/labs/caxiasfablab,3d-printing;cnc;electronics;laser,high,source:fablabs.io;status:active;kind:fab_lab;idcode:2963
Pronto3D Unochapeco,-27.0940366,-52.6664865,"Servidao Anjo da Guarda, no 295-D, Bairro Efapi",89809-900,Chapeco,BR,http://www.unochapeco.edu.br/arquitetura,https://www.fablabs.io/labs/pronto3dunochapeco,3d-printing;cnc;electronics;laser;precision-milling,high,source:fablabs.io;status:active;kind:fab_lab;idcode:2655
Fab Lab Escola SESI - Cotia,-23.6039393,-46.8481073,"R. Mesopotamia, 300",06712-100,Cotia,BR,https://www.facebook.com/FabLabSesiSP/,https://www.fablabs.io/labs/fablabescolasesicotia,3d-printing;cnc;electronics;laser;precision-milling,high,source:fablabs.io;status:active;kind:fab_lab;idcode:2423
fab lab.au - UFMT,-15.607067,-56.06619090000004,"Avenida Fernando Correa da Costa, 2367 Bairro Boa Esperanca",78060-900,Cuiaba,BR,https://labaumaker.wixsite.com/labau,https://www.fablabs.io/labs/labau,3d-printing;cnc;electronics;laser;precision-milling,high,source:fablabs.io;status:active;kind:fab_lab;idcode:502
Curitiba Fab Lab - Prefeitura Municipal de Curitiba,-25.4413598,-49.2201633,"Av. Prefeito Mauricio Fruet, 2150 1 piso",82900-000,Curitiba,BR,https://linktr.ee/curitibafablab,https://www.fablabs.io/labs/curitibafablab,3d-printing;cnc;electronics;laser;precision-milling;vinyl-cutting,high,source:fablabs.io;status:active;kind:mini_fab_lab;idcode:2139
"Fab Lab da Industria - SESI/SENAI/IEL CIC - Curitiba, Parana, Brazil",-25.49756,-49.31141,"Rua Senador Accioly Filho, 298 - Cidade Industrial",81.310-000,Curitiba,BR,http://www.sistemafiep.org.br/fablab/,https://www.fablabs.io/labs/fablabdaindustria,3d-printing;cnc;electronics;laser;precision-milling;vinyl-cutting,high,source:fablabs.io;status:active;kind:fab_lab;idcode:1348
FabLab Curitiba,-25.4314581,-49.27524199999999,"Curitiba R. Candido Lopes, 304 - Centro, Curitiba - PR, 80020-060, Brazil",80020-060,Curitiba,BR,http://www.fablabcuritiba.com.br,https://www.fablabs.io/labs/fablabcuritiba,3d-printing,high,source:fablabs.io;status:planned;kind:fab_lab;idcode:625
FabTech,-25.4268985,-49.2651984,Rua Pedro Gusso 2601,81310-900,Curitiba,BR,https://utfpr.curitiba.br/fabtech/,https://www.fablabs.io/labs/fabtech,3d-printing;cnc;electronics;laser;precision-milling;vinyl-cutting,high,source:fablabs.io;status:active;kind:fab_lab;idcode:2983
Fab Lab Escola SESI - Diadema,-23.6696638,-46.6163067,Avenida Paranapanema 1500,09930-450,Diadema,BR,https://www.facebook.com/FabLabSesiSP/,https://www.fablabs.io/labs/fablabescolasesidiadema,3d-printing;cnc;vinyl-cutting,high,source:fablabs.io;status:planned;kind:fab_lab;idcode:2149
FabLab Senai-UEMS,-22.2584169,-54.800352,"Rua Vinte de Dezembro, 2445 Jardim Rasslem",79813-280,Dourados,BR,,https://www.fablabs.io/labs/fablabsenaiuems,3d-printing;cnc;electronics;precision-milling,high,source:fablabs.io;status:active;kind:fab_lab;idcode:1097
Fablab da Firjan SENAI Caxias,-22.7833343,-43.30788680000001,"Travessa Arthur Goulart, 124 SENAI-Servico Nacional de Aprendizagem Industrial",25070-020,Duque de Caxias,BR,https://firjansenai.com.br/cursorio/fablab/sobre-o-fablab,https://www.fablabs.io/labs/fablabcaxias,3d-printing;cnc;electronics;laser;precision-milling,high,source:fablabs.io;status:corona;kind:fab_lab;idcode:1944
Renovatela,-22.7895085,-43.3111781,Duque de Caxias avenida dr manuel teles 77,,Duque de Caxias,BR,,https://www.fablabs.io/labs/renovatela,3d-printing,medium,source:fablabs.io;status:active;kind:fab_lab;idcode:2366
IdeaLab,-29.2031259,-51.3489849,"Av. Sao Vicente, 785, IFRS - Farroupilha campus, room 209A",95174274,Farroupilha,BR,https://integra.ifrs.edu.br/portfolio/laboratorios/idealab-campus-farroupilha,https://www.fablabs.io/labs/idealabifrs,3d-printing;cnc;electronics;laser;precision-milling,high,source:fablabs.io;status:active;kind:fab_lab;idcode:2769
FabLab Unisul,-27.59287707966645,-48.55157968706362,"Antonio Dib Mussi, 366 Centro",88015 110,Florianopolis,BR,https://www.facebook.com/FabLab-Unisul-722760067826368/?fref=ts,https://www.fablabs.io/labs/fablabunisul,3d-printing;laser,high,source:fablabs.io;status:planned;kind:fab_lab;idcode:1090
Fablab campeche,-27.6658033,-48.4814871,Av. Campeche 2480,88015500,Florianopolis,BR,,https://www.fablabs.io/labs/campeche,3d-printing;cnc;electronics;laser;precision-milling,high,source:fablabs.io;status:active;kind:fab_lab;idcode:2774
PRONTO3D,-27.6018743,-48.52017639999997,Florianopolis UFSC,,Florianopolis,BR,http://www.pronto3d.com.br,https://www.fablabs.io/labs/pronto3D,3d-printing;cnc;electronics;laser;precision-milling;vinyl-cutting,high,source:fablabs.io;status:active;kind:fab_lab;idcode:735
Fab Lab Fortaleza,-3.741118135843032,-38.51239064655761,"Rua Benedito Prata, 02",60115-060,Fortaleza,BR,http://www.fablabfortaleza.com.br,https://www.fablabs.io/labs/fablabfortaleza,3d-printing;laser;precision-milling,high,source:fablabs.io;status:unknown;kind:fab_lab;idcode:943
Joy Fab Lab,-3.730866676912121,-38.50881052394254,"R. Monsenhor Bruno, 927",60115-190,Fortaleza,BR,https://www.facebook.com/joyfablab/?fref=ts,https://www.fablabs.io/labs/joyfablab,3d-printing;cnc;electronics;laser;precision-milling;vinyl-cutting,high,source:fablabs.io;status:unknown;kind:fab_lab;idcode:1189
Padlab,-3.7891511,-38.51777779999998,"Av. Humberto Monte, 2977 Campus do Pici - Bloco 310",60455-401,Fortaleza,BR,http://padlab.ufc.br,https://www.fablabs.io/labs/padlab,3d-printing;cnc;electronics;laser;precision-milling;vinyl-cutting,high,source:fablabs.io;status:active;kind:fab_lab;idcode:1731
Laboratorio de Fabricacao Digital 3 Fronteiras,-25.5451801,-54.5810803,"R. Edmundo de Barros, 554",,Foz do Iguacu,BR,https://github.com/3fronteiras/,https://www.fablabs.io/labs/3fronteiras,3d-printing;electronics;laser;vinyl-cutting,medium,source:fablabs.io;status:planned;kind:mini_fab_lab;idcode:1896
Fab Lab Escola SESI - Franca,-20.5427133,-47.3823596,"Avenida Santa Cruz, 2870, Vila Scarabucci.",14403-600,Franca,BR,https://www.facebook.com/FabLabSesiSP/,https://www.fablabs.io/labs/fablabescolasesifranca,3d-printing;cnc;electronics;laser;precision-milling;vinyl-cutting,high,source:fablabs.io;status:active;kind:fab_lab;idcode:2424
Fab Lab -Creare,-16.7167593330471,-49.27159894232796,"Rua c-259 , Setor Nova Suica, qd 593 , lote 08",74280-220,Goiania,BR,https://www.crearestudio.com.br/,https://www.fablabs.io/labs/fablabcreare,3d-printing;cnc;electronics;laser,high,source:fablabs.io;status:active;kind:fab_lab;idcode:1519
FAB LAB ENIAC,-23.4723402,-46.5308296,"R. Forca Publica, 89",07012-030,Guarulhos,BR,,https://www.fablabs.io/labs/fablabeniac,3d-printing;cnc;electronics;laser;vinyl-cutting,high,source:fablabs.io;status:active;kind:fab_lab;idcode:1526
Fab Lab FHA,-20.0160177,-44.08522320000001,Avenida Sao Paulo 3996,32415-250,Ibirite,BR,https://www.canva.com/design/DAFnOMB4N8M/Zps9tdpZhXDyJpT0CNIvyw/view?utm_content=DAFnOMB4N8M&utm_campaign=designshare&utm_medium=link&utm_source=publishsharelink,https://www.fablabs.io/labs/fhafablab,3d-printing;cnc;electronics;laser;vinyl-cutting,high,source:fablabs.io;status:active;kind:fab_lab;idcode:2765
AMADOTEC FAB LAB,-23.0790945,-47.21357660000001,"R. Cap. Alberto Mendes Junior, 108",13330-560,Indaiatuba,BR,http://www.amadomaker.com.br,https://www.fablabs.io/labs/amadotec,3d-printing;cnc;electronics;laser;precision-milling;vinyl-cutting,high,source:fablabs.io;status:active;kind:fab_lab;idcode:2078
Fab Lab Escola SESI - Indaiatuba SP,-23.1143188,-47.220594,"Av. Francisco de Paula Leite, 2701",13346-000,Indaiatuba,BR,https://www.facebook.com/FabLabSesiSP/,https://www.fablabs.io/labs/fablabescolasesiindaiatubasp,3d-printing;cnc;electronics;laser;precision-milling;vinyl-cutting,high,source:fablabs.io;status:planned;kind:fab_lab;idcode:2178
FabLab ipora,-16.43662390631523,-51.12779181429442,"R. Maranhao, 418",76200000,Ipora,BR,https://chat.whatsapp.com/invite/Dv3sNDbV6ed8OhEb8ZOZLg,https://www.fablabs.io/labs/fablabipora,3d-printing;cnc;electronics;laser;vinyl-cutting,high,source:fablabs.io;status:active;kind:mini_fab_lab;idcode:2138
Fablab ITA,-14.78067499044585,-39.26791318091205,"Itabuna R. Sao Sebastiao, 281B - Fatima",45604-105,Itabuna,BR,https://fb.me/fablabitabuna/,https://www.fablabs.io/labs/fablabita,3d-printing;cnc;electronics;laser;precision-milling;vinyl-cutting,high,source:fablabs.io;status:active;kind:fab_lab;idcode:1153
Fab Lab da Firjan SENAI Itaguai,-22.8646086,-43.7503403,"Rodovia Rio-Santos LT J-1 LT J - 1 QUADRA 97, Vila Ibirapitanga",23812-101,Itaguai,BR,,https://www.fablabs.io/labs/fablabdafirjansenaiitaguai,3d-printing;cnc;electronics;laser;precision-milling;vinyl-cutting,high,source:fablabs.io;status:active;kind:fab_lab;idcode:1938
Fab Lab Escola SESI - Itu SP,-23.2750222,-47.28401029999998,"Rua Jose Bruni, 201. Sao Luiz.",13304-080,Itu,BR,https://www.facebook.com/FabLabSesiSP/,https://www.fablabs.io/labs/fablabescolasesiitusp,3d-printing;electronics;laser;precision-milling;vinyl-cutting,high,source:fablabs.io;status:active;kind:fab_lab;idcode:2179
BeeLab - Laboratorio de Prototipagem,-17.9217741,-51.71803629999999,"BR 364, km 195, no 3800",75801-615,Jatai,BR,https://copi.jatai.ufg.br/p/43393-beelab,https://www.fablabs.io/labs/beelab,3d-printing;cnc;laser;vinyl-cutting,high,source:fablabs.io;status:active;kind:fab_lab;idcode:2502
Fablab UFPB,-7.1373793,-34.847542,Cidade Universitaria,58051900,Joao Pessoa,BR,,https://www.fablabs.io/labs/fablabufpb,3d-printing;cnc;electronics;laser;precision-milling;vinyl-cutting,high,source:fablabs.io;status:active;kind:fab_lab;idcode:2170
Fab Lab Joinville,-26.2349622,-48.8840313,"Perini Business Park, Condominio Rua Dona Francisca, 8300 Predio Uni no Agora Tech Park",89219602,Joinville,BR,http://www.fablabjoinville.com.br,https://www.fablabs.io/labs/fablabjoinville,3d-printing;cnc;electronics;laser;precision-milling;vinyl-cutting,high,source:fablabs.io;status:active;kind:fab_lab;idcode:1215
FABLAB UNIFAP,-7.2048984,-39.3112654,"Rua Santa Isabel, 241 Bairro Sao Miguel",63010-555,Juazeiro do Norte,BR,https://garagemlab.com.br/fablabunifap,https://www.fablabs.io/labs/unifap,3d-printing;cnc;electronics;laser;precision-milling;vinyl-cutting,high,source:fablabs.io;status:active;kind:fab_lab;idcode:2560
Fab Lab Escola SESI - Jundiai,-23.1784633,-46.8975733,"Rua Sao Lazaro, 220 - Jardim Morumbi, Jundiai - SP, 13201-843, Brasil",13201-843,Jundiai,BR,https://www.facebook.com/FabLabSesiSP/,https://www.fablabs.io/labs/fablabescolasesijundiai,3d-printing;cnc;electronics;laser;precision-milling;vinyl-cutting,high,source:fablabs.io;status:active;kind:fab_lab;idcode:1650
Fablab Jundiai,-23.192315,-46.8763859,Avenida Doutor Cavalcanti,13201-003,Jundiai,BR,,https://www.fablabs.io/labs/fablabjundiaiprefeitura,3d-printing;cnc;electronics;laser;precision-milling;vinyl-cutting,high,source:fablabs.io;status:active;kind:fab_lab;idcode:2173
Fab Lab Escola SESI - Limeira,-22.5755154,-47.49089000000004,"Rua Arthur Voight, 250 - Jd. Nova Suica",,Limeira,BR,https://www.facebook.com/FabLabSesiSP/,https://www.fablabs.io/labs/fablabescolasesilimeira,3d-printing;cnc;electronics;laser;precision-milling,high,source:fablabs.io;status:active;kind:fab_lab;idcode:1654
Fab Lab da Firjan SENAI Macae,-22.3644119,-41.7919036,Rua Antonio Bechara Filho,27946-130,Macae,BR,http://www.firjan.com.br,https://www.fablabs.io/labs/fablabfirjansenaimaca,3d-printing;cnc;electronics;laser;precision-milling,high,source:fablabs.io;status:active;kind:fab_lab;idcode:3054
Fab Lab UFAL,-9.5522581,-35.7750839,"Av. Lourival Melo Mota, S/N Tabuleiro do Martins Centro de Tecnologia - Campus AC. Simoes",57072-900,Maceio,BR,https://www.instagram.com/fablabufal,https://www.fablabs.io/labs/fablabufal,3d-printing;electronics;laser;precision-milling,high,source:fablabs.io;status:active;kind:mini_fab_lab;idcode:2253
Fab Lab Manaus,-3.0864882,-60.00433589999999,,69058-030,Manaus,BR,https://www.facebook.com/fablabmanaus,https://www.fablabs.io/labs/fablabmanaus,3d-printing;cnc;electronics;laser;vinyl-cutting,high,source:fablabs.io;status:active;kind:fab_lab;idcode:1563
Fab Lab Escola SESI - Marilia,-22.2411623,-49.9269889,"Av. Joao Ramalho, 1306",17520-240,Marilia,BR,https://www.facebook.com/FabLabSesiSP/,https://www.fablabs.io/labs/fablabescolasesimarilia,3d-printing;electronics;laser;precision-milling;vinyl-cutting,high,source:fablabs.io;status:active;kind:fab_lab;idcode:2416
Fab Lab Escola SESI - Maua,-23.6632519,-46.4492663,"Av. Pres. Castelo Branco, 237",09320-590,Maua,BR,https://www.facebook.com/FabLabSesiSP/,https://www.fablabs.io/labs/Fablabescolasesimaua,3d-printing;cnc;electronics;laser;precision-milling;vinyl-cutting,high,source:fablabs.io;status:active;kind:fab_lab;idcode:2427
Fab Lab Escola SESI - Mogi Guacu,-22.3452072,-46.9326054,"Eduardo Figueiredo St., 300. Parque Zaniboni III",13848090,Mogi Guacu,BR,https://www.facebook.com/FabLabSesiSP/,https://www.fablabs.io/labs/fablabescolasesimogiguacusp,3d-printing;electronics;laser;precision-milling;vinyl-cutting,high,source:fablabs.io;status:active;kind:fab_lab;idcode:2557
Fab Lab Escola SESI - Mogi das Cruzes SP,-23.5419922,-46.2159109,"Rua Valmet, 171. Bras Cubas",08740-640,Mogi das Cruzes,BR,https://www.facebook.com/FabLabSesiSP/,https://www.fablabs.io/labs/fablabescolasesimogidascruzessp,3d-printing;electronics;laser;precision-milling;vinyl-cutting,high,source:fablabs.io;status:active;kind:fab_lab;idcode:2558
Fab Lab Maker Educ,-5.1804926,-37.3500473,"R. Francisco Xavier, 365",59619-040,Mossoro,BR,https://www.instagram.com/makereduc/,https://www.fablabs.io/labs/fablabmakereduc,3d-printing;electronics;vinyl-cutting,high,source:fablabs.io;status:active;kind:mini_fab_lab;idcode:2203
Firjan SENAI Niteroi,-22.8615768411474,-43.10264102009887,Rua General Castrioto,24732350,Niteroi,BR,,https://www.fablabs.io/labs/firjansenainiteri,3d-printing;cnc;laser;vinyl-cutting,high,source:fablabs.io;status:active;kind:fab_lab;idcode:2036
FabLab da Firjan SENAI Nova Friburgo,-22.2843336,-42.53310829999999,"R. Pref. Jose Eugenio Muller, 220 - Centro",28610-010,Nova Friburgo,BR,https://www.youtube.com/watch?v=uFiLofEKIkM,https://www.fablabs.io/labs/fablabfirjansenainovafriburgo,3d-printing;cnc;electronics;laser;precision-milling;vinyl-cutting,high,source:fablabs.io;status:active;kind:fab_lab;idcode:1945
Fab Lab da Firjan SENAI Nova Iguacu,-22.7534409,-43.47405699999999,"Rua Gerson Chernichard - Nossa Senhora das Gracas, Nova Iguacu - RJ, Brasil",26263150,Nova Iguacu,BR,http://www.firjan.com.br,https://www.fablabs.io/labs/fablabdafirjansenainovaiguacu,3d-printing;cnc;electronics;laser;precision-milling;vinyl-cutting,high,source:fablabs.io;status:planned;kind:mini_fab_lab;idcode:3056
Fab Lab Leonardo da Vinci,-19.9673088,-44.20119169999998,"Rua Jornalista Djalma Andrade, 1300 - Belvedere - Minas Gerais",30320-540,Nova Lima,BR,http://www.fundacaotorino.com.br,https://www.fablabs.io/labs/leonardodavincifablab,3d-printing;cnc;electronics;laser;precision-milling;vinyl-cutting,high,source:fablabs.io;status:active;kind:fab_lab;idcode:1368
Fab Lab Escola SESI - Piratinga-Osasco,-23.5141258,-46.7870101,"Rua Calixto Barbieri, 23/83",06233-020,Osasco,BR,https://www.sesisp.org.br/educacao/fab-lab-escola,https://www.fablabs.io/labs/fablabescolasesipiratininga,3d-printing;cnc;electronics;laser;precision-milling;vinyl-cutting,high,source:fablabs.io;status:active;kind:fab_lab;idcode:2622
Fab Lab Escola SESI - Ourinhos,-22.9630912,-49.8870167,"Ourinhos Rua Professora Maria Jose Ferreira, 100",19910-075,Ourinhos,BR,https://www.instagram.com/fablabescola/?hl=pt-br,https://www.fablabs.io/labs/fablabescolasesispourinhos,3d-printing;cnc;electronics;laser;precision-milling;vinyl-cutting,high,source:fablabs.io;status:active;kind:fab_lab;idcode:2167
iFabLab - Ambiente de Inovacao IFMG campus Ouro Preto,-20.3960903,-43.5024922,"Bauxita, Ouro Preto - MG, 35400-000 898",35400000,Ouro Preto,BR,https://ifablab.ouropreto.ifmg.edu.br/,https://www.fablabs.io/labs/IFMGOP,3d-printing;cnc;electronics;laser;precision-milling,high,source:fablabs.io;status:active;kind:fab_lab;idcode:2719
SENAI LAB CETEC PALMAS,-10.1761875,-48.3356875,"201 Norte, Av. LO-04, Cj. 03 Lts - Plano Diretor Norte",77001-134,Palmas,BR,,https://www.fablabs.io/labs/cetecpalmas,3d-printing;laser;vinyl-cutting,high,source:fablabs.io;status:active;kind:fab_lab;idcode:2153
Fab Lab Passo Fundo,-28.2541778,-52.3959625,"Av. Brasil Leste, 839",99050-073,Passo Fundo,BR,https://sites.google.com/edu.pmpf.rs.gov.br/escoladasprofissoes/fablab,https://www.fablabs.io/labs/fablabpf,3d-printing;cnc;electronics;laser,high,source:fablabs.io;status:active;kind:fab_lab;idcode:2771
FabLAB amadomakerUPF,-28.2334672,-52.40568409999999,"Rodovia BR 285, Km 292,7, s/n, Sao Jose",99042-800,Passo Fundo,BR,https://sites.google.com/amadomaker.com.br/fablab-upf/home?authuser=8,https://www.fablabs.io/labs/fablabamadomakerupf,3d-printing;cnc;laser;precision-milling,high,source:fablabs.io;status:active;kind:fab_lab;idcode:2872
Fab Lab Unipam,-18.5744505,-46.51370080000004,"R. Maj. Gote, 808",38700-207,Patos de Minas,BR,https://www.unipam.edu.br/,https://www.fablabs.io/labs/fablabunipam,3d-printing;cnc;electronics;laser;precision-milling;vinyl-cutting,high,source:fablabs.io;status:active;kind:fab_lab;idcode:1498
FabLab Unipam,-18.5744505,-46.51370080000004,"R. Maj. Gote, 808 - Caicaras, Patos de Minas - MG, 38700-207",38700-207,Patos de Minas,BR,https://www.unipam.edu.br/,https://www.fablabs.io/labs/unipamfablab,3d-printing;cnc;electronics;laser;precision-milling,high,source:fablabs.io;status:active;kind:fab_lab;idcode:1640
FabLab Unisinos POA,-30.0316823,-51.1752465,"Av. Luiz Manoel Gonzaga, 744",90470280,Porto Alegre,BR,https://www.facebook.com/FabLabUnisinos,https://www.fablabs.io/labs/fablabunisinospoa,3d-printing;cnc;electronics;laser;vinyl-cutting,high,source:fablabs.io;status:active;kind:fab_lab;idcode:1268
LIFE_Laboratorio de Inovacao e Fabricacao Digital da Escola de Engenharia,-30.0322316,-51.22143619999997,"Av. Osvaldo Aranha, 99",90035-190,Porto Alegre,BR,,https://www.fablabs.io/labs/life,3d-printing;cnc;electronics;laser;precision-milling,medium,source:fablabs.io;status:unknown;kind:fab_lab;idcode:936
POALAB,-30.0261471,-51.2212387,"R. Cel.Vicente, 281 IFRS - Campus Porto Alegre",90030-040,Porto Alegre,BR,http://www.poalab.net.br,https://www.fablabs.io/labs/poalab,3d-printing;cnc;electronics;laser;precision-milling,high,source:fablabs.io;status:active;kind:fab_lab;idcode:757
TECNOPUC FabLab - FreeZone,-30.0603008,-51.169549,"Av. Ipiranga, 6681 Predio 94 - Terreo",90619-900,Porto Alegre,BR,https://www.pucrs.br/ideia/laboratorios-ideia/fablab/,https://www.fablabs.io/labs/freezone,3d-printing;cnc;electronics;laser;precision-milling,high,source:fablabs.io;status:active;kind:fab_lab;idcode:1756
Usina Fab Lab,-30.03210339999999,-51.2026841,"Rua Casemiro de Abreu, 570",90420000,Porto Alegre,BR,http://www.usinafablab.com.br,https://www.fablabs.io/labs/usina,3d-printing;electronics;laser;precision-milling,high,source:fablabs.io;status:active;kind:mini_fab_lab;idcode:1037
Fab Lab Escola SESI - Presidente Prudente,-22.1133195,-51.3746453,"585, Dr. Ibraim Nobre Avenue",19030-260,Presidente Prudente,BR,https://www.facebook.com/FabLabSesiSP/,https://www.fablabs.io/labs/fablabescolasesiprudente,3d-printing;cnc;electronics;laser;precision-milling;vinyl-cutting,high,source:fablabs.io;status:active;kind:fab_lab;idcode:1649
ABA Fab Lab,-8.0382561,-34.8996126,"Av. Conselheiro Rosa e Silva, 1510 - Aflitos",50030-210,Recife,BR,https://www.sympla.com.br/produtor/abafablab,https://www.fablabs.io/labs/abafablab,3d-printing;cnc;laser;vinyl-cutting,high,source:fablabs.io;status:active;kind:fab_lab;idcode:1475
Fab Lab Recife,-8.064719,-34.8730152,"Rua da Moeda, 129 Recife Antigo",50030040,Recife,BR,http://www.fablabrecife.com,https://www.fablabs.io/labs/fablabrecife,3d-printing;cnc;laser;precision-milling;vinyl-cutting,high,source:fablabs.io;status:active;kind:fab_lab;idcode:319
Fab Lab da Firjan SENAI Resende,-22.4634924,-44.457607,"Rua Sarquis Jose Sarquis, 156 Bairro: Jardim Jalisco",27510100,Resende,BR,https://firjansenai.com.br/cursorio/o-senai-rio/fablab,https://www.fablabs.io/labs/fablabfirjansenairesende,3d-printing;cnc;electronics;laser;precision-milling,high,source:fablabs.io;status:active;kind:fab_lab;idcode:1601
Fab Lab Escola SESI - Ribeirao Preto,-21.1905805,-47.7765925,"R. Dom Luis do Amaral Mousinho, 3465",14090-383,Ribeirao Preto,BR,https://www.facebook.com/FabLabSesiSP/,https://www.fablabs.io/labs/fablabescolasesiribeiraopreto,3d-printing;electronics;laser;precision-milling;vinyl-cutting,high,source:fablabs.io;status:active;kind:fab_lab;idcode:1651
FabLab Escola Concept RAO,-21.2356565,-47.83688999999998,"Av. Luiz Eduardo Toledo Prado, 2675",14027-250,Ribeirao Preto,BR,https://www.instagram.com/escolaconcept/?hl=pt-br,https://www.fablabs.io/labs/fablabescolaconceptrao,3d-printing;cnc;electronics;laser;precision-milling;vinyl-cutting,high,source:fablabs.io;status:active;kind:fab_lab;idcode:2017
aFabrica Fab Lab,-21.1707901,-47.811674,"Rua Mariana Junqueira, 33 Ponto de referencia: Antiga Fabrica Cervejaria Paulista",14015-010,Ribeirao Preto,BR,https://www.institutoseb.org.br/fabrica,https://www.fablabs.io/labs/afabrica,3d-printing;cnc;electronics;laser;precision-milling;vinyl-cutting,high,source:fablabs.io;status:active;kind:fab_lab;idcode:3109
CITec - Centro de Integracao Tecnologico,-32.040073,-52.0883149,"Rua Alfredo Huch, 475",96202-336,Rio Grande,BR,https://integra.ifrs.edu.br/portfolio/laboratorios/citec---centro-de-integracao-tecnologica-campus-rio-grande-30,https://www.fablabs.io/labs/citec,3d-printing;electronics;laser,high,source:fablabs.io;status:active;kind:fab_lab;idcode:2752
FAB LAB RIO,-22.8848648,-43.31245250000001,"Avenida Dom Helder Camara, 8840 Sala 403",21380-246,Rio de Janeiro,BR,https://fablabrio.wixsite.com/fablabrio,https://www.fablabs.io/labs/fablabrio,3d-printing;cnc;electronics;laser;precision-milling;vinyl-cutting,high,source:fablabs.io;status:active;kind:fab_lab;idcode:1959
Fab Lab Casa Firjan,-22.9500794,-43.1890712,"R. Guilhermina Guinle, 211",22270-060,Rio de Janeiro,BR,http://www.casafirjan.com.br,https://www.fablabs.io/labs/fablabcasafirjan,3d-printing;cnc;electronics;laser;precision-milling,high,source:fablabs.io;status:active;kind:fab_lab;idcode:1832
Fab Lab Firjan SENAI Campos,-21.753321,-41.338199,"R. Bruno de Azevedo, 37 - Jardim Maria de Queiroz, Campos dos Goytacazes - RJ, 28030-330",28030-330,Rio de Janeiro,BR,https://firjansenai.com.br/cursorio/o-senai-rio/fablab,https://www.fablabs.io/labs/fablabfirjansenaicampos,3d-printing;cnc;electronics;laser;precision-milling,high,source:fablabs.io;status:active;kind:fab_lab;idcode:1948
Fab Lab da Firjan SENAI Benfica,-22.8958759,-43.24088879999999,"Praca Natividade Saldanha, 19 Benfica - Rio de Janeiro",,Rio de Janeiro,BR,http://www.senaifablab.com.br,https://www.fablabs.io/labs/senaifablab,3d-printing;cnc;electronics;laser;precision-milling;vinyl-cutting,high,source:fablabs.io;status:active;kind:fab_lab;idcode:446
Fab Lab da Firjan SENAI Jacarepagua,-22.9339147,-43.3527384,"Avenidada Geramario Dantas, 940",22743010,Rio de Janeiro,BR,https://firjansenai.com.br/cursorio/o-senai-rio/fablab,https://www.fablabs.io/labs/fablabdafirjansenaijacarepagua,3d-printing;cnc;electronics;laser;precision-milling;vinyl-cutting,high,source:fablabs.io;status:active;kind:fab_lab;idcode:1992
Fab Lab da Firjan SENAI Maracana,-22.9155443,-43.2324363,"Rua Sao Francisco Xavier, 417 Maracana",20550-015,Rio de Janeiro,BR,http://www.firjan.com.br,https://www.fablabs.io/labs/fablabdafirjansenaimaracan,3d-printing;cnc;electronics;laser;precision-milling,high,source:fablabs.io;status:active;kind:fab_lab;idcode:3058
Fab Lab da Firjan Senai Vila Isabel,-22.9116702,-43.2376464,"rua sao francisco xavier, 601",20550-011,Rio de Janeiro,BR,https://www.firjan.com.br/senai/default.htm,https://www.fablabs.io/labs/fablabdafirjansenaivilaisabel,3d-printing;cnc;laser;precision-milling;vinyl-cutting,high,source:fablabs.io;status:planned;kind:mini_fab_lab;idcode:3055
FabLab UERJ,-22.9027525,-43.22218480000004,"Rua Fonseca Teles, 121",20940-903,Rio de Janeiro,BR,,https://www.fablabs.io/labs/fablabuerj,3d-printing;laser,medium,source:fablabs.io;status:corona;kind:mini_fab_lab;idcode:2077
Fabulosa Lab,-22.9264807,-43.1768903,"Rua do Catete, 168 Loja 7",22220-000,Rio de Janeiro,BR,http://www.fabulosalab.com.br,https://www.fablabs.io/labs/fabulosa,3d-printing;electronics;laser;precision-milling;vinyl-cutting,high,source:fablabs.io;status:active;kind:fab_lab;idcode:2685
Firjan Senai Tijuca,-22.9141885,-43.2226464,"Rua Moraes e Silva, 53",20271-030,Rio de Janeiro,BR,,https://www.fablabs.io/labs/senaitijuca,3d-printing;cnc;electronics;laser;precision-milling,high,source:fablabs.io;status:active;kind:fab_lab;idcode:3059
Olabi,-22.9472791,-43.18799560000002,Rua Martins Ferreira 12,22271-010,Rio de Janeiro,BR,http://olabi.org.br/,https://www.fablabs.io/labs/olabi,3d-printing;cnc;laser,high,source:fablabs.io;status:active;kind:mini_fab_lab;idcode:529
UVA Fab Lab,-22.9118452,-43.22123149999999,"Rua Ibituruna, 108",20271020,Rio de Janeiro,BR,,https://www.fablabs.io/labs/uvafablab,3d-printing;cnc;electronics;laser;precision-milling,high,source:fablabs.io;status:active;kind:fab_lab;idcode:1530
FAB LAB IEMA,-2.5663978,-44.31802349999998,65081-276,65081-276,SAO LUIS,BR,http://www.iema.ma.gov.br/,https://www.fablabs.io/labs/fablabiema,3d-printing;cnc;electronics;laser,high,source:fablabs.io;status:active;kind:fab_lab;idcode:2124
FabLab Escola Concept SSA,-12.9457778,-38.38424209999999,"Av. Orlando Gomes, 1094 Piata",41650-010,Salvador,BR,https://www.escolaconcept.com.br/,https://www.fablabs.io/labs/fablabescolaconceptssa,3d-printing;cnc;electronics;laser;precision-milling;vinyl-cutting,high,source:fablabs.io;status:active;kind:fab_lab;idcode:2016
Maria Felipa LAB,-12.9376419,-38.4154793,"Avenida Divino Espirito Santo do Salvador, Sao Marcos",41256-090,Salvador,BR,https://linktr.ee/iat_ba,https://www.fablabs.io/labs/mariafelipalab,3d-printing;laser,high,source:fablabs.io;status:active;kind:fab_lab;idcode:2903
ITEC FAB LAB,-29.6841609,-53.81293909999999,"R. Silva Jardim, 1323 Nossa Sra. do Rosario",97010-492,Santa Maria,BR,https://site.ufn.edu.br/pagina/conectare,https://www.fablabs.io/labs/ITECFABLABUFN,3d-printing;cnc;electronics;laser;precision-milling;vinyl-cutting,high,source:fablabs.io;status:active;kind:fab_lab;idcode:3031
Fab Lab Inatel,-22.2559663,-45.6961603,"Av. Joao de Camargo, 510",37540-000,Santa Rita do Sapucai,BR,http://www.inatel.br/ideacao,https://www.fablabs.io/labs/fablabinatel,3d-printing;cnc;electronics;laser;precision-milling,high,source:fablabs.io;status:active;kind:fab_lab;idcode:1237
FabLab Castanheiras,-23.4711153,-46.85015139999999,"al. castanheiras, 250",06543-510,Santana de parnaiba,BR,https://escolacastanheiras.com.br/,https://www.fablabs.io/labs/castanheiras,3d-printing;electronics;laser;precision-milling;vinyl-cutting,high,source:fablabs.io;status:active;kind:fab_lab;idcode:2618
Lab Maker Mocorongo,-2.4279445,-54.73724920000001,"Avenida Mendonca Furtado, 3979 Bairro Liberdade",68040-050,Santarem,BR,http://labmocorongo.saudeealegria.org.br/,https://www.fablabs.io/labs/labmakermocorongo,3d-printing;electronics,high,source:fablabs.io;status:unknown;kind:mini_fab_lab;idcode:1098
Anima Lab - Sao Judas Unimonte,-23.9438184,-46.32774749999999,"R. Comendador Martins, 52",11050-310,Santos,BR,http://animalab.net,https://www.fablabs.io/labs/animalabsjunimonte,3d-printing;cnc;electronics;laser,high,source:fablabs.io;status:active;kind:fab_lab;idcode:1813
Fab Lab Escola SESI - Sao Bernardo do Campo,-23.7123502,-46.5752123,"Rua Suecia, 900",09861610,Sao Bernardo do Campo,BR,https://www.facebook.com/FabLabSesiSP/,https://www.fablabs.io/labs/fablabescolasesisaobernardodocampo,3d-printing;cnc;electronics;laser;precision-milling;vinyl-cutting,high,source:fablabs.io;status:active;kind:fab_lab;idcode:2421
Fab Lab Movel Maua,-23.647955,-46.574245,"Praca maua, 01",09580900,Sao Caetano do Sul,BR,http://maua.br,https://www.fablabs.io/labs/fablabmovelmaua,3d-printing;cnc;electronics;laser;precision-milling;vinyl-cutting,high,source:fablabs.io;status:active;kind:mobile;idcode:2731
FabLab Maua,-23.6484683,-46.57398660000001,"Praca Maua, 01 Block D - Room D04",09580-900,Sao Caetano do Sul,BR,http://www.maua.br/imprensa/infomaua/190/texto/807,https://www.fablabs.io/labs/fablabmaua,3d-printing;cnc;electronics;laser;precision-milling;vinyl-cutting,high,source:fablabs.io;status:active;kind:fab_lab;idcode:1575
Fab Lab Firjan SENAI Sao Goncalo,-22.822413,-43.0426844,Rua Dr. Nilo Pecanha 134,24445-360,Sao Goncalo,BR,https://www.firjan.com.br/pagina-inicial.htm,https://www.fablabs.io/labs/fablabfirjansenaisogonalo,3d-printing;cnc;electronics;laser,high,source:fablabs.io;status:active;kind:fab_lab;idcode:2996
Fab Lab Escola SESI - Sao Jose do Rio Preto,-20.8093385,-49.36483049999998,"Av. Duque de Caxias, 4656",15061-001,Sao Jose do Rio Preto,BR,https://www.facebook.com/FabLabSesiSP/,https://www.fablabs.io/labs/fablabescolasesiriopreto,3d-printing;electronics;laser;precision-milling;vinyl-cutting,high,source:fablabs.io;status:active;kind:fab_lab;idcode:1655
DesignCNC,-23.223701,-45.90090739999999,"Rua Jacui, 75, Vila Sao Bento, Sao Jose dos Campos",12231480,Sao Jose dos Campos,BR,http://designcnc.wix.com/home,https://www.fablabs.io/labs/designcnc,cnc;laser,high,source:fablabs.io;status:unknown;kind:mini_fab_lab;idcode:867
Fab Lab Escola SESI - Sao Jose dos Campos,-23.2519012,-45.885259,"Av. Cidade Jardim, 4389 - Bosque dos Eucaliptos",12232-000,Sao Jose dos Campos,BR,https://www.facebook.com/FabLabSesiSP/,https://www.fablabs.io/labs/fablabescolasjcampos,3d-printing;cnc;electronics;laser;precision-milling;vinyl-cutting,high,source:fablabs.io;status:active;kind:fab_lab;idcode:2428
Fab lab da Industria- SESI SENAI IEL SJP,-25.5157075,-49.1788849,"Av. Rui Barbosa, 5.881 - Afonso Pena",83045-350,Sao Jose dos Pinhais,BR,https://www.sistemafiep.org.br/fablab/,https://www.fablabs.io/labs/fablabdaindstriasesisenaiielsjp,3d-printing;cnc;electronics;laser;precision-milling;vinyl-cutting,high,source:fablabs.io;status:active;kind:fab_lab;idcode:2182
Farol da Criatividade,-29.7301061,-51.1788213,"Rua Veranopolis, s/n, Parque Maua, Bairro Arroio da Manteiga",93135-580,Sao Leopoldo,BR,https://www.youtube.com/@fortalezasmagicaseofarol,https://www.fablabs.io/labs/fablabfaroldacriatividade,3d-printing;electronics;laser,high,source:fablabs.io;status:active;kind:fab_lab;idcode:2844
Laboratorio Aberto,-29.78617924815828,-51.16440162593381,"Av. Getulio Vargas, 3239 - Sao Joao Batista",93025-180,Sao Leopoldo,BR,http://institutossenai.org.br/instituto/metalmecanica,https://www.fablabs.io/labs/laboratorioaberto,3d-printing;electronics;precision-milling,high,source:fablabs.io;status:planned;kind:fab_lab;idcode:1525
Sala Criativa,-29.7297833,-51.1797497,"Rua Veranopolis, s/n, Parque Maua, Bairro Arroio da Manteiga Rua Veranopolis, 56",93135-580,Sao Leopoldo,BR,https://www.saoleopoldo.rs.gov.br/,https://www.fablabs.io/labs/salacriativa,3d-printing;electronics;laser,high,source:fablabs.io;status:active;kind:fab_lab;idcode:3039
3D Criar Fab Lab,-23.5664547,-46.73804180000002,"Av. Professor Lineu Prestes, 2242, Cietec, sala 251 Cietec, sala 251",05508000,Sao Paulo,BR,,https://www.fablabs.io/labs/3dcriarfablab,3d-printing;cnc;electronics;laser;precision-milling,medium,source:fablabs.io;status:planned;kind:fab_lab;idcode:2051
Colegio Albert Sabin,-23.5753949,-46.7738113,"Av. Darcy Reis, 1901 Parque dos Principes",05396-450,Sao Paulo,BR,https://www.albertsabin.com.br/,https://www.fablabs.io/labs/albertsabin,3d-printing;electronics;laser;vinyl-cutting,high,source:fablabs.io;status:active;kind:fab_lab;idcode:2997
Drone Lab Brasil,-23.5420374,-46.6358004,"Avenida Brigadeiro luis Antonio, 580 5o andar",01318-000,Sao Paulo,BR,http://www.dronelab.com.br,https://www.fablabs.io/labs/dronelabbrasil,3d-printing;electronics;laser;vinyl-cutting,high,source:fablabs.io;status:active;kind:mini_fab_lab;idcode:790
FAB LAB CENTRO CULTURAL DA PENHA,-23.52586579999999,-46.54841870000001,"Largo do Rosario, 20",03634-020,Sao Paulo,BR,http://www.fablablivresp.prefeitura.sp.gov.br/,https://www.fablabs.io/labs/fablabpenha,3d-printing;electronics;laser;precision-milling;vinyl-cutting,high,source:fablabs.io;status:active;kind:mini_fab_lab;idcode:2004
FAB LAB LIVRE SP CASA DA MEMORIA ITAQUERA,-23.5357688,-46.45533950000004,"Rua Antonio Carlos de Oliveira Cesar, 97",08210-590,Sao Paulo,BR,http://www.fablablivresp.prefeitura.sp.gov.br/,https://www.fablabs.io/labs/fablabitaquera,3d-printing;electronics;laser;precision-milling;vinyl-cutting,high,source:fablabs.io;status:active;kind:mini_fab_lab;idcode:2006
FAB LAB LIVRE SP CENTRO CULTURAL DA JUVENTUDE,-23.47592414754992,-46.67041598836056,"Av. Dep. Emilio Carlos, 3641",02720-200,Sao Paulo,BR,http://www.fablablivresp.prefeitura.sp.gov.br/,https://www.fablabs.io/labs/fablabccj,3d-printing;electronics;laser;precision-milling;vinyl-cutting,high,source:fablabs.io;status:active;kind:mini_fab_lab;idcode:2003
FAB LAB LIVRE SP CENTRO CULTURAL SAO PAULO,-23.5714751,-46.64021439999999,"Rua Vergueiro, 1000",01504-000,Sao Paulo,BR,http://www.fablablivresp.prefeitura.sp.gov.br/,https://www.fablabs.io/labs/fablabccsp,3d-printing;electronics;laser;precision-milling;vinyl-cutting,high,source:fablabs.io;status:active;kind:mini_fab_lab;idcode:2002
FAB LAB LIVRE SP CEU ANHANGUERA,-23.4397843,-46.7871379,"R. Pedro Jose de Lima, 1020",05267-150,Sao Paulo,BR,http://www.fablablivresp.prefeitura.sp.gov.br/,https://www.fablabs.io/labs/fablabanhanguera,3d-printing;electronics;laser;precision-milling;vinyl-cutting,high,source:fablabs.io;status:active;kind:mini_fab_lab;idcode:2008
FAB LAB LIVRE SP CEU HELIOPOLIS,-23.6221722,-46.59079480000003,"Estr. das Lagrimas, 2385",04232000,Sao Paulo,BR,http://www.fablablivresp.prefeitura.sp.gov.br/,https://www.fablabs.io/labs/fablabheliopolis,3d-printing;cnc;electronics;laser;precision-milling;vinyl-cutting,high,source:fablabs.io;status:active;kind:fab_lab;idcode:2011
FAB LAB LIVRE SP CEU TRES PONTES,-23.478372,-46.38130189999998,"Rua Capachos, 400",08191-330,Sao Paulo,BR,http://www.fablablivresp.prefeitura.sp.gov.br/,https://www.fablabs.io/labs/fablab3pontes,3d-printing;electronics;laser;precision-milling;vinyl-cutting,high,source:fablabs.io;status:active;kind:mini_fab_lab;idcode:2005
FAB LAB LIVRE SP CHACARA DO JOCKEY,-23.598009,-46.74468100000001,"R. Santa Crescencia, 323",05524-020,Sao Paulo,BR,http://www.fablablivresp.prefeitura.sp.gov.br/,https://www.fablabs.io/labs/fablabjockey,3d-printing;cnc;electronics;laser;precision-milling;vinyl-cutting,high,source:fablabs.io;status:active;kind:fab_lab;idcode:2010
FAB LAB LIVRE SP GALERIA OLIDO,-23.5434541,-46.6390538,"Av. Sao Joao, 473",01036-000,Sao Paulo,BR,http://fablablivresp.art.br,https://www.fablabs.io/labs/fablabolido,3d-printing;cnc;electronics;laser;precision-milling;vinyl-cutting,high,source:fablabs.io;status:active;kind:fab_lab;idcode:2000
FAB LAB LIVRE SP SAO JOAQUIM,-23.6869926,-46.74950150000001,"R. Bacabinha, 280",04917-030,Sao Paulo,BR,http://www.fablablivresp.prefeitura.sp.gov.br/,https://www.fablabs.io/labs/fablabsaojoaquim,3d-printing;electronics;laser;precision-milling;vinyl-cutting,high,source:fablabs.io;status:active;kind:mini_fab_lab;idcode:2009
FAB LAB LIVRE SP VILA ITORORO,-23.561983,-46.64108149999998,"R. Maestro Cardim, 60",01323-000,Sao Paulo,BR,http://www.fablablivresp.prefeitura.sp.gov.br/,https://www.fablabs.io/labs/fablabitororo,3d-printing;electronics;laser;precision-milling;vinyl-cutting,high,source:fablabs.io;status:active;kind:mini_fab_lab;idcode:2001
FAB LAB LIVRE SP VILA RUBI,-23.7279573,-46.69721089999999,"Rua Domingos Tarroso, 101 - Vila Rubi",04823-090,Sao Paulo,BR,http://www.fablablivresp.prefeitura.sp.gov.br,https://www.fablabs.io/labs/fablabvilarubi,3d-printing;cnc;electronics;laser;precision-milling;vinyl-cutting,high,source:fablabs.io;status:active;kind:fab_lab;idcode:2690
FAB LAB ODONTO,-23.5619138,-46.68790629999999,"Rua Cardeal Arcoverde, 1749 - 48B - Pinheiros - Sao Paulo - SP - Brasil",13104-072,Sao Paulo,BR,http://www.fablabodonto.com.br,https://www.fablabs.io/labs/fablabodonto,3d-printing;cnc;electronics;laser;precision-milling;vinyl-cutting,high,source:fablabs.io;status:active;kind:fab_lab;idcode:2341
FAB LAB SP,-23.5600704,-46.72829780000001,Rua do Lago 876 Laboratorio de Modelos e Ensaios - LAME FAU USP,05508-080,Sao Paulo,BR,,https://www.fablabs.io/labs/fablabsaopaulo,3d-printing;cnc;laser;precision-milling;vinyl-cutting,medium,source:fablabs.io;status:unknown;kind:fab_lab;idcode:117
Fab Lab Escola SESI - A.E. Carvalho,-23.5358612,-46.47542019999999,"R. Deodato Saraiva da Silva, 110",03694-090,Sao Paulo,BR,https://aecarvalho.sesisp.org.br/,https://www.fablabs.io/labs/fablabescolasesiaecarvalho,3d-printing;cnc;electronics;laser;precision-milling;vinyl-cutting,high,source:fablabs.io;status:active;kind:fab_lab;idcode:2425
Fab Lab Escola SESI - Ipiranga,-23.5824375,-46.6080625,"Rua Bom Pastor, 654 - Ipiranga",04203-050,Sao Paulo,BR,,https://www.fablabs.io/labs/fablabescolasesiipirangasp,3d-printing;cnc;electronics;laser;precision-milling,high,source:fablabs.io;status:active;kind:fab_lab;idcode:2418
Fab Lab Escola SESI - Vila Leopoldina,-23.5276541,-46.7293114,"R. Carlos Weber, 835",05303-902,Sao Paulo,BR,https://www.facebook.com/FabLabSesiSP/,https://www.fablabs.io/labs/fablabescolasesivilaleopoldina,3d-printing;cnc;electronics;laser;precision-milling;vinyl-cutting,high,source:fablabs.io;status:active;kind:fab_lab;idcode:1152
FabLab Escola Concept SP,-23.5798975,-46.67903899999999,Avenida Nove de Julho 5520,01406-200,Sao Paulo,BR,https://www.escolaconcept.com.br/,https://www.fablabs.io/labs/fablabescolaconceptsp,3d-printing;cnc;electronics;laser;vinyl-cutting,high,source:fablabs.io;status:active;kind:fab_lab;idcode:2015
INSTITUTO FAB LAB BRASIL,-23.5551806,-46.67399039999998,Praca da luz 1,05408040,Sao Paulo,BR,https://institutofablabbrasil.org/,https://www.fablabs.io/labs/institutofablabbrasil,,high,source:fablabs.io;status:active;kind:fab_lab;idcode:1639
Insper FAB LAB,-23.5990471,-46.67601839999998,"R. Quata 200, Vila Olimpia",04546-042,Sao Paulo,BR,http://www.insper.edu.br/fab-lab/,https://www.fablabs.io/labs/ifablab,3d-printing;cnc;electronics;laser;precision-milling;vinyl-cutting,high,source:fablabs.io;status:corona;kind:fab_lab;idcode:487
UNIP Fab Lab,-23.6032583,-46.64857440000003,"Doutor Bacelar, 1212",04026002,Sao Paulo,BR,https://www.unip.br/fablab/,https://www.fablabs.io/labs/unipfablab,3d-printing;cnc;electronics;laser;precision-milling;vinyl-cutting,high,source:fablabs.io;status:active;kind:fab_lab;idcode:2133
Fab Lab Escola SESI - Sertaozinho,-21.1251013,-48.0188652,"R. Jose Rodrigues Godinho, 100 - Conj. Hab. Maurilio Biagi",14177-320,Sertaozinho,BR,https://www.facebook.com/FabLabSesiSP/,https://www.fablabs.io/labs/fablabescolasesisertaozinho,3d-printing;cnc;electronics;laser;precision-milling;vinyl-cutting,high,source:fablabs.io;status:active;kind:fab_lab;idcode:2432
Fab LAB Facens,-23.4714317,-47.42875170000001,"Rodovia Senador Jose Ermirio de Moraes, 1425 Castelinho km 1,5",18087-125,Sorocaba,BR,http://fablab.facens.br/,https://www.fablabs.io/labs/fablabfacens,3d-printing;cnc;electronics;laser;precision-milling;vinyl-cutting,high,source:fablabs.io;status:active;kind:fab_lab;idcode:768
FabLab Cuiaba-BR,-23.4718943,-47.43183519999999,"Rua Ibiuna, 527 Rua Ibiuna, 527",18085-520,Sorocaba,BR,http://www.instagram.com/fablabcuiaba/,https://www.fablabs.io/labs/fablabcuiaba,3d-printing;electronics;precision-milling,high,source:fablabs.io;status:active;kind:mini_fab_lab;idcode:1644
FabLab Escola SESI - Sorocaba SP,-23.5076636,-47.4694973,"R. Gustavo Teixeira, 369 - Vila Independencia",18040-323,Sorocaba,BR,https://facebook.com/FabLabSesiSP/,https://www.fablabs.io/labs/fablabescolasesisorocaba,3d-printing;electronics;laser;precision-milling;vinyl-cutting,high,source:fablabs.io;status:active;kind:fab_lab;idcode:2559
FabLab PTS - Parque Tecnologico de Sorocaba,-23.4838702,-47.4718848,"Av. Itavuvu, 11.777 - Jardim Santa Cecilia, Sorocaba - SP, 18078-005",18078-005,Sorocaba,BR,,https://www.fablabs.io/labs/fablabparquetec,3d-printing;electronics;laser;precision-milling,high,source:fablabs.io;status:active;kind:mini_fab_lab;idcode:2689
Smart Mall,-23.4963413,-47.4674963,"Rua Dr, Av. Dr. Afonso Vergueiro, 823",18035-070,Sorocaba,BR,https://facens.br,https://www.fablabs.io/labs/smartmall,3d-printing;electronics;laser;vinyl-cutting,high,source:fablabs.io;status:active;kind:mini_fab_lab;idcode:2111
Fab Lab Escola SESI - Suzano,-23.5341285,-46.32018069999998,"Av. Dr. Odilon de Souza, 431",08673-250,Suzano,BR,https://www.facebook.com/FabLabSesiSP/,https://www.fablabs.io/labs/fablabescolasesisuzano,3d-printing;cnc;electronics;laser;precision-milling;vinyl-cutting,high,source:fablabs.io;status:active;kind:fab_lab;idcode:1653
Fab Lab Escola SESI - Tatui,-23.3423221,-47.8390639,"Av. Sao Carlos, 900 - Vila Dr. Laurindo",18271-380,Tatui,BR,https://www.facebook.com/FabLabSesiSP/,https://www.fablabs.io/labs/fablabescolasesitatui,3d-printing;cnc;electronics;laser;precision-milling;vinyl-cutting,high,source:fablabs.io;status:active;kind:fab_lab;idcode:2429
FabLab Taua,-6.003216900000001,-40.3001369,"R. Abigail C. de Oliveira , No SN - Planalto dos Colibris",63660-000,Taua,BR,https://fablab.taua.ce.gov.br/index.php,https://www.fablabs.io/labs/fablabtaua,3d-printing;electronics;laser;vinyl-cutting,high,source:fablabs.io;status:active;kind:fab_lab;idcode:3051
Fab Lab Escola SESI - Taubate,-23.01681,-45.57399239999999,"Av. Voluntario Benedito Sergio, 710",12050-470,Taubate,BR,https://www.facebook.com/FabLabSesiSP/,https://www.fablabs.io/labs/fablabescolasesitaubate,3d-printing;cnc;electronics;laser;precision-milling;vinyl-cutting,high,source:fablabs.io;status:active;kind:fab_lab;idcode:1652
Opala Lab,-5.0607786,-42.79029550000001,"Rua General Adelmar Rocha, 2525 - (Espaco Colaborativo The Doors) Horto Teresina - PI",64052-885,Teresina,BR,,https://www.fablabs.io/labs/opalafablab,3d-printing,medium,source:fablabs.io;status:planned;kind:mini_fab_lab;idcode:1629
Fab Lab da Firjan SENAI Tres Rios,-22.1224785,-43.2106031,"Avenida Vereador Mario de Castro Reis, numero 25. Avenida Tenente Eneas Torno",25804100,Tres Rios,BR,https://www.firjan.com.br/senai/,https://www.fablabs.io/labs/fablabfirjansenaitresrios,3d-printing;cnc;electronics;laser;precision-milling;vinyl-cutting,high,source:fablabs.io;status:active;kind:fab_lab;idcode:2660
Fab Lab da Firjan SENAI Volta Redonda,-22.5017802,-44.0791545,Pedro Lima Mendes,27283130,Volta Redonda,BR,http://www.firjan.com.br,https://www.fablabs.io/labs/fablabfirjanvoltaredonda,3d-printing;cnc;electronics;laser;precision-milling;vinyl-cutting,high,source:fablabs.io;status:active;kind:fab_lab;idcode:3057
JWPTI fablab,26.9356875,90.3683125,"JWPTI, Dekiling",31002,Dekiling,BT,,https://www.fablabs.io/labs/jwptifablab,3d-printing;cnc;electronics;laser;precision-milling;vinyl-cutting,high,source:fablabs.io;status:active;kind:fab_lab;idcode:2528
Jigme Namgyel Engineering College FabLab,26.8608175,91.46466009999999,Jigme Namgyel Engineering College,42002,Deothang,BT,,https://www.fablabs.io/labs/JNEC,3d-printing;cnc;electronics;laser;precision-milling;vinyl-cutting,high,source:fablabs.io;status:active;kind:fab_lab;idcode:2950
"Fablab CST - Phuntsholing, Bhutan",26.8501757,89.3940013,College of Science and Technology Phuntsholing,21011,Phuntsholing,BT,https://fablab.cst.edu.bt/#!/,https://www.fablabs.io/labs/fablabcst,3d-printing;cnc;electronics;laser;vinyl-cutting,high,source:fablabs.io;status:active;kind:fab_lab;idcode:2642
Choego FabLab,27.4825494,89.6320559,"Ground Floor, Choego Centre, Chubachu",na,Thimphu,BT,,https://www.fablabs.io/labs/choegofablab,3d-printing;cnc;electronics;laser;precision-milling;vinyl-cutting,high,source:fablabs.io;status:active;kind:fab_lab;idcode:2758
"Jigme Namgyel Wangchuck Super FabLab, Bhutan",27.4277338,89.6510856,CMH2+39 Thimphu,11001,Thimphu,BT,https://innotech.dhi.bt/,https://www.fablabs.io/labs/JNWSuperFabLab,3d-printing;cnc;electronics;laser;precision-milling;vinyl-cutting,high,source:fablabs.io;status:active;kind:fab_lab;idcode:2529
"Bio-FabLab(BFL), CNR",27.5033446,89.878613,"CNR, lobesa",,punakha,BT,,https://www.fablabs.io/labs/cnrbiofablab,3d-printing;cnc;electronics;laser;precision-milling;vinyl-cutting,medium,source:fablabs.io;status:active;kind:fab_lab;idcode:2531
FabLab - OCTT Homiel,52.4744201,30.9967098,"st. Lepeshinskogo, 9b",246015,Homiel,BY,https://octt.by/,https://www.fablabs.io/labs/fablaboctt,3d-printing;cnc;electronics;laser,high,source:fablabs.io;status:active;kind:fab_lab;idcode:2507
Fab Lab Brossard,45.4549944,-73.46807179999999,7855 Avenue San Francisco,J4X 2A4,Brossard,CA,https://biblio.brossard.ca/fablab,https://www.fablabs.io/labs/fablabbrossard,3d-printing;cnc;laser;precision-milling;vinyl-cutting,high,source:fablabs.io;status:active;kind:fab_lab;idcode:1050
Fuse33,51.0384764,-113.9861172,1720 Radisson Dr SE,T2A 1Z8,Calgary,CA,http://fuse33.com,https://www.fablabs.io/labs/Fuse33,3d-printing;cnc;electronics;laser;precision-milling;vinyl-cutting,high,source:fablabs.io;status:active;kind:fab_lab;idcode:2506
STEM IA High School FabLab,51.086816,-114.1377455,3636 Research Road NW,T2L 1Y1,Calgary,CA,,https://www.fablabs.io/labs/stemiahighschoolfablab,3d-printing;cnc;electronics;laser;vinyl-cutting,high,source:fablabs.io;status:active;kind:fab_lab;idcode:2892
Fablab du jardin,45.7214201,-76.5956848,1259 Hwy 148,J0X 1K0,Campbell's Bay,CA,http://www.fabriquemobile.coop/fablabdujardin,https://www.fablabs.io/labs/fablabdujardin,3d-printing;cnc;laser;vinyl-cutting,high,source:fablabs.io;status:active;kind:fab_lab;idcode:2113
Fab Lab Atlantic,46.2582893,-63.1408303,550 University Ave,C1A 4P3,Charlottetown,CA,,https://www.fablabs.io/labs/fablabatlantic,3d-printing;cnc;electronics;laser;vinyl-cutting,medium,source:fablabs.io;status:planned;kind:fab_lab;idcode:679
FabLab Marie-Rivier,45.8983052,-72.502231,265 Saint-Felix,J2C 5M1,Drummondville,CA,http://www.fablabmr.ca,https://www.fablabs.io/labs/fablabmarierivier,3d-printing;cnc;electronics;laser;precision-milling;vinyl-cutting,high,source:fablabs.io;status:active;kind:fab_lab;idcode:2101
Fab lab Outaouais par La Fabrique Mobile de l'Outaouais,45.459193,-75.76972769999999,333 Boulevard de la Cite-des-Jeunes,J8Y 6M4,Gatineau,CA,https://www.fabriquemobile.coop/,https://www.fablabs.io/labs/fablaboutaouais,3d-printing;cnc;electronics;laser;precision-milling;vinyl-cutting,high,source:fablabs.io;status:active;kind:fab_lab;idcode:389
FabLab Onaki,45.4254189,-75.7179118,85B Promenade du Portage,J8X 2K2,Gatineau,CA,http://www.cipp-fpic.com/en/fablab-onaki/,https://www.fablabs.io/labs/FabLabOnaki,3d-printing;cnc;laser;vinyl-cutting,high,source:fablabs.io;status:active;kind:fab_lab;idcode:1801
ACTMC,68.3561708,-133.7279114,68 Veteran's Way,X0E 0T0,Inuvik,CA,https://www.actmc.ca/,https://www.fablabs.io/labs/ACTMC,3d-printing;cnc;laser;vinyl-cutting,high,source:fablabs.io;status:active;kind:fab_lab;idcode:2237
La Shop,48.8035736,-79.2049789,295 rue Principale,J9Z1Z1,La Sarre,CA,http://www.lashop.quebec,https://www.fablabs.io/labs/lashop,3d-printing;cnc;laser;precision-milling;vinyl-cutting,high,source:fablabs.io;status:active;kind:fab_lab;idcode:2513
FabLab CSMB (formely @Marguerite),45.4182088,-73.62159020000001,"8700, boul. Champlain",H8P 3H7,LaSalle,CA,http://wp.csmb.qc.ca/fablab,https://www.fablabs.io/labs/fablabmarguerite,3d-printing;cnc;laser;precision-milling;vinyl-cutting,high,source:fablabs.io;status:unknown;kind:fab_lab;idcode:349
Club Techno - FabLab,45.5448065,-73.75310800000001,"1170 Boulevard Cure-Labelle, suite 114",H7V2V5,Laval,CA,https://sites.google.com/centre-lrec.com/fablab/nous-rejoindre,https://www.fablabs.io/labs/clubtechnofablab,3d-printing;laser;vinyl-cutting,high,source:fablabs.io;status:active;kind:mini_fab_lab;idcode:2973
FabLab Matane,48.8408412,-67.4968537,"616, ave. Saint-Redempteur Local B-189",G4W 1L1,Matane,CA,https://sites.google.com/view/fablabmatane/,https://www.fablabs.io/labs/matane,3d-printing;cnc;electronics;laser;precision-milling;vinyl-cutting,high,source:fablabs.io;status:active;kind:fab_lab;idcode:2499
BennyFab,45.4665985,-73.63093960000003,6400 Av de Monkland,H4B 1H3,Montreal,CA,,https://www.fablabs.io/labs/bennyfab,3d-printing;vinyl-cutting,medium,source:fablabs.io;status:unknown;kind:fab_lab;idcode:1213
District3,45.4956206,-73.57825309999998,,,Montreal,CA,http://d3center.ca/makerspace/,https://www.fablabs.io/labs/MSD3,3d-printing;cnc;laser,medium,source:fablabs.io;status:unknown;kind:mini_fab_lab;idcode:432
Fab Lab du PEC,45.54978029999999,-73.5387575,1691 Boulevard Pie-IX,H1V 2C3,Montreal,CA,http://www.fablabdupec.com,https://www.fablabs.io/labs/fablabdupec,3d-printing;cnc;electronics;laser;precision-milling;vinyl-cutting,high,source:fablabs.io;status:active;kind:fab_lab;idcode:1045
InterFAB,45.50333450000001,-73.63698239999997,6767 Chemin de la Cote-des-Neiges,H3S 2T6,Montreal,CA,,https://www.fablabs.io/labs/fablabinterculturel,3d-printing;cnc;electronics;laser;precision-milling;vinyl-cutting,medium,source:fablabs.io;status:corona;kind:fab_lab;idcode:1990
L'Architech - College de Montreal,45.4945846,-73.58500119999997,1931 rue Sherbrooke Ouest College de Montreal,H3H 1E3,Montreal,CA,https://college-montreal.qc.ca/,https://www.fablabs.io/labs/fablabcdm,3d-printing;electronics;laser;precision-milling;vinyl-cutting,high,source:fablabs.io;status:active;kind:fab_lab;idcode:1957
LCC Fab Lab,45.4703053,-73.6234488,4099 Royal Avenue,H4A 2M5,Montreal,CA,https://twitter.com/fablab_lcc,https://www.fablabs.io/labs/lccfablab,3d-printing;cnc;electronics;laser;precision-milling;vinyl-cutting,high,source:fablabs.io;status:active;kind:fab_lab;idcode:788
PolyFab Normand Brais,45.5047412,-73.61475059999998,Pavillons Pierre-Lassonde et Claudette McKay-Lassonde,H3T 1J4,Montreal,CA,http://polyfab.polymtl.ca/wiki/ ,https://www.fablabs.io/labs/polyfab,3d-printing;cnc;electronics;laser;precision-milling;vinyl-cutting,high,source:fablabs.io;status:active;kind:fab_lab;idcode:1458
echofab,45.5445628,-73.6560847,55 rue de Louvain Ouest Suite 330,H2N1A4,Montreal,CA,http://www.echofab.quebec,https://www.fablabs.io/labs/echofab,3d-printing;cnc;electronics;laser;precision-milling;vinyl-cutting,high,source:fablabs.io;status:active;kind:fab_lab;idcode:10
Grey Bruce Makers,44.5669998,-80.9208141,1130 8th Street E,N4K 5N8,Owen Sound,CA,https://www.greybrucemakers.ca,https://www.fablabs.io/labs/greybrucemakers,3d-printing;cnc;laser;precision-milling;vinyl-cutting,high,source:fablabs.io;status:active;kind:fab_lab;idcode:2989
EspaceLab,46.7704126,-71.2939768,"3643 Avenue des Compagnons, local F-105",G1X 3Z6,Quebec,CA,http://www.espace-lab.org,https://www.fablabs.io/labs/espacelab,3d-printing;cnc;electronics;laser;vinyl-cutting,high,source:fablabs.io;status:active;kind:fab_lab;idcode:712
FabLab4D,46.8528631,-71.38155189999999,12610 Rue du Glorieux 12610 Rue du Glorieux,G2A 3R5,Quebec,CA,http://www.fablab4d.ca,https://www.fablabs.io/labs/fablab4d,3d-printing;cnc;electronics;laser;precision-milling;vinyl-cutting,high,source:fablabs.io;status:active;kind:fab_lab;idcode:2324
Fab Lab - Cegep Limoilou,46.8217058,-71.2258425,299 3e Ave,G1L2V7,Quebec City,CA,https://www.fablabcegeplimoilou.ca/,https://www.fablabs.io/labs/fablabcegeplimoilou,3d-printing;cnc;laser;precision-milling,high,source:fablabs.io;status:planned;kind:fab_lab;idcode:2773
"Fabbulle, Fab Lab de Riviere-du-Loup",47.8269801,-69.53878619999999,"80, rue Frontenac",G5R 1R1,Riviere-du-Loup,CA,http://fabbulle.tech,https://www.fablabs.io/labs/fabbulle,3d-printing;cnc;electronics;laser;vinyl-cutting,high,source:fablabs.io;status:active;kind:fab_lab;idcode:1508
Fab Lab AST,45.6463796,-73.77498430000003,1 Chemin des Ecoliers,J7A 4Y4,Rosemere,CA,http://fablabast.org,https://www.fablabs.io/labs/ast,3d-printing;cnc;electronics;laser;precision-milling;vinyl-cutting,high,source:fablabs.io;status:active;kind:fab_lab;idcode:1581
Fab Lab de l'Academie Ste-Therese,45.6463796,-73.77498430000003,1 Chemin des Ecoliers,J7A 4Y4,Rosemere,CA,http://www.fablabast.org,https://www.fablabs.io/labs/fablabast,3d-printing;cnc;electronics;laser;precision-milling;vinyl-cutting,high,source:fablabs.io;status:active;kind:fab_lab;idcode:1537
Fablab Sept-Iles,50.2274566,-66.3533047,175 Rue de la Verendrye,G4R 5G7,Sept-Iles,CA,https://www.itmi.ca/,https://www.fablabs.io/labs/fablabdeseptiles,3d-printing;electronics,high,source:fablabs.io;status:planned;kind:fab_lab;idcode:3170
Fablab@Champlain,45.5165416,-73.5206865,900 Riverside Drive,J4P 3P2,St-Lambert,CA,http://www.champlainonline.com/champlainweb/,https://www.fablabs.io/labs/fablabchamplain,3d-printing;cnc;electronics;laser;vinyl-cutting,high,source:fablabs.io;status:planned;kind:fab_lab;idcode:429
IF Windsor Essex,42.3092264,-82.8885197,12050 Arbour St.,N8N1N8,Tecumseh,CA,http://www.ifwe.ca,https://www.fablabs.io/labs/IFWE,3d-printing;cnc;laser;precision-milling;vinyl-cutting,high,source:fablabs.io;status:planned;kind:fab_lab;idcode:1208
Orange mecanique,46.0987368,-71.32293469999999,"671, boul. Frontenac Ouest",G6G 1N1,Thetford mines,CA,http://www.cegepth.qc.ca,https://www.fablabs.io/labs/orangemecanique,3d-printing,high,source:fablabs.io;status:planned;kind:fab_lab;idcode:335
MIDAS Fab Lab,49.09767249999999,-117.6806537,2950 Highway Drive,,Trail,CA,https://www.midaslab.ca,https://www.fablabs.io/labs/midaslab,3d-printing;cnc;electronics;laser;precision-milling;vinyl-cutting,medium,source:fablabs.io;status:unknown;kind:fab_lab;idcode:1172
FabLab du Musee de l'ingeniosite J.Armand Bombardier,45.49476689999999,-72.3105291,1001 Avenue J A Bombardier,J0E 2L0,Valcourt,CA,http://www.museebombardier.com/,https://www.fablabs.io/labs/fablabmuseebombardier,3d-printing;cnc;electronics;laser;precision-milling;vinyl-cutting,high,source:fablabs.io;status:planned;kind:fab_lab;idcode:1012
FabLab Vancouver,49.2662853,-123.0991497,260 E 5th Ave (Please enter from the red garage door.),,Vancouver,CA,http://www.fablabvan.ca,https://www.fablabs.io/labs/fablabvancouver,3d-printing;cnc;electronics;laser;precision-milling;vinyl-cutting,high,source:fablabs.io;status:active;kind:fab_lab;idcode:1157
MakerLabs,49.2819164,-123.0876599,780 East Cordova,V6A1M3,Vancouver,CA,http://www.makerlabs.com,https://www.fablabs.io/labs/makerlabs,3d-printing;cnc;electronics;laser;precision-milling;vinyl-cutting,high,source:fablabs.io;status:active;kind:fab_lab;idcode:733
"SIAT, SFU",49.261226,-123.1139268,,V5Y,Vancouver,CA,http://www.interactionart.org,https://www.fablabs.io/labs/siatsfu,,medium,source:fablabs.io;status:planned;kind:fab_lab;idcode:118
Vancouver Hack Space,49.2769504,-123.0725879,1601 Venables St,V5L 2H1,Vancouver,CA,https://vanhack.ca,https://www.fablabs.io/labs/vhs,3d-printing;cnc;electronics;laser;precision-milling;vinyl-cutting,high,source:fablabs.io;status:active;kind:fab_lab;idcode:2496
Victoria Makerspace,48.4940902,-123.412918,4476 Markham st Unit 4A,V8Z7X8,Victoria,CA,https://makerspace.ca/,https://www.fablabs.io/labs/VictoriaMakerspace,3d-printing;laser;precision-milling,high,source:fablabs.io;status:active;kind:fab_lab;idcode:2663
Makerspace YK,62.44576910000001,-114.3895685,5001 Forrest Drive Unit 101,X1A 2A7,Yellowknife,CA,https://www.makerspaceyk.com/,https://www.fablabs.io/labs/makerspaceyk,3d-printing;cnc;electronics;laser;precision-milling;vinyl-cutting,high,source:fablabs.io;status:active;kind:fab_lab;idcode:2921
Kivu group corporation,-2.5123017,28.84802839999998,Bukavu 5A,,Bukavu,CD,http://kivumakers.com,https://www.fablabs.io/labs/kivugroupcorporation,3d-printing;cnc;vinyl-cutting,high,source:fablabs.io;status:active;kind:mini_fab_lab;idcode:1726
FabLab ULC-Icam,-4.4710864,15.3014109,"Kimwenza Mission, C/ Mont Ngafula",3724,Kinshasa,CD,https://www.ulc-icam.com/,https://www.fablabs.io/labs/fablabulcicam,3d-printing;cnc;laser,high,source:fablabs.io;status:active;kind:fab_lab;idcode:2554
Fablab Solidaire Orange Digital Center RDC - ODC,-4.3309278,15.3067844,"5 avenue des Huileries, Lingwala",,Kinshasa,CD,https://www.orangedigitalcenters.com/country/cd/home,https://www.fablabs.io/labs/fablabodcrdc,3d-printing;cnc;electronics;laser;precision-milling;vinyl-cutting,high,source:fablabs.io;status:active;kind:fab_lab;idcode:2832
LLab,-4.396010699999999,15.31897260000005,Lemba Super Lemba (en face de la station Total),,Kinshasa,CD,http://www.llab.cd,https://www.fablabs.io/labs/llab,3d-printing;electronics;vinyl-cutting,medium,source:fablabs.io;status:unknown;kind:mini_fab_lab;idcode:987
Lisungi Fablab,-4.3117345,15.30360250000001,"44 Avenue De La Democratie (ex-huillerie), Kinshasa-Gombe",,Kinshasa,CD,http://lisungifablab.org/,https://www.fablabs.io/labs/lisungifablab,3d-printing;cnc;laser;vinyl-cutting,high,source:fablabs.io;status:active;kind:fab_lab;idcode:1792
UnionLab,-4.274765100000001,15.254406,"Ecole Nationale Superieure Polytechnique(ENSP),Universite Marien NGOUBI",,Brazzaville,CG,https://www.facebook.com/unionlab.fablab,https://www.fablabs.io/labs/unionlab,3d-printing;cnc;electronics;laser;vinyl-cutting,high,source:fablabs.io;status:active;kind:mini_fab_lab;idcode:2906
FabLab la Cote,46.3840365,6.2157144,Rue du Village 8A,1273,Arzier,CH,http://www.fablab-lacote.ch,https://www.fablabs.io/labs/fablablacote,3d-printing;cnc;laser;precision-milling;vinyl-cutting,high,source:fablabs.io;status:active;kind:fab_lab;idcode:321
Starship Factory,47.5406972,7.61385139999993,Auf dem Wolf 13,4052,Basel,CH,http://www.starship-factory.ch/,https://www.fablabs.io/labs/starshipfactory,3d-printing;electronics;vinyl-cutting,high,source:fablabs.io;status:unknown;kind:fab_lab;idcode:248
Quartierwerkstatt Viktoria,46.9479739,7.4474468,Gotthelfstrasse 29,3014,Bern,CH,https://www.quartierwerkstatt-viktoria.ch/,https://www.fablabs.io/labs/qwv,3d-printing;cnc;laser;precision-milling;vinyl-cutting,high,source:fablabs.io;status:active;kind:fab_lab;idcode:2926
FabLab Bern,46.94037830000002,7.432664296295115,Eigerstrasse 12,3007,Berne,CH,http://www.fablab-bern.ch,https://www.fablabs.io/labs/fablabbern,,medium,source:fablabs.io;status:unknown;kind:fab_lab;idcode:140
JouleHub Accademy - FABLabEntlebuch,46.9949613,8.06373880000001,Bahnhofstrasse 42,6162,Entlebuch,CH,https://www.joulehub.com,https://www.fablabs.io/labs/joulehub,3d-printing;cnc;electronics;laser;precision-milling;vinyl-cutting,high,source:fablabs.io;status:planned;kind:fab_lab;idcode:1388
Fablab Fribourg Freiburg,46.7988235,7.147495299999946,Passage du Cardinal,1700,Fribourg,CH,http://www.fablab-fribourg.ch,https://www.fablabs.io/labs/fablabfribourg,3d-printing;cnc;electronics;laser;vinyl-cutting,high,source:fablabs.io;status:active;kind:fab_lab;idcode:378
MIY MakerS,46.80070500000001,7.151794600000001,Bd de Perolles 13a,1700,Fribourg,CH,https://www.miy.ch,https://www.fablabs.io/labs/miymakers,3d-printing;cnc;electronics;laser;precision-milling;vinyl-cutting,high,source:fablabs.io;status:active;kind:fab_lab;idcode:1807
SDG Solution Space,46.2206964,6.1470595,Avenue de Secheron 15,1202,Geneve,CH,http://sdgsolutionspace.org,https://www.fablabs.io/labs/sdgsolutionspace,3d-printing;electronics;laser;precision-milling;vinyl-cutting,high,source:fablabs.io;status:active;kind:fab_lab;idcode:1576
MonFabLab,46.2651056,6.1554443,Route de Valavran 139 15,1294,Genthod,CH,https://www.monfablab.ch/,https://www.fablabs.io/labs/monfablab,3d-printing;cnc;electronics;laser;vinyl-cutting,high,source:fablabs.io;status:active;kind:fab_lab;idcode:2999
M'AU 3D Lab,46.2483539,9.147117900000012,"Grono, Paese Ca' Rossa - Loc. Scima Gron",6537,Grono,CH,http://www.moesadaur.ch/prod/fab-lab-2/,https://www.fablabs.io/labs/mau3d,3d-printing;cnc;electronics;laser;precision-milling,high,source:fablabs.io;status:unknown;kind:mini_fab_lab;idcode:933
FabLab Luzern,47.01444565475521,8.305063519573991,Technikumstrasse 21 Trakt I,6048,Horw,CH,http://luzern.fablab.ch,https://www.fablabs.io/labs/fablabluzern,,medium,source:fablabs.io;status:unknown;kind:fab_lab;idcode:79
At3flo,47.0043,7.106496,Bandrain 12,3232,Ins,CH,http://www.at3flo.com,https://www.fablabs.io/labs/at3flo,3d-printing;cnc;electronics;laser;precision-milling;vinyl-cutting,high,source:fablabs.io;status:active;kind:fab_lab;idcode:1110
EigerMaker - Makerspace & FabLab Berner Oberland,46.692313,7.876584499999999,Dammweg 9,3800,Interlaken,CH,https://eigermaker.ch,https://www.fablabs.io/labs/eigermaker,3d-printing;laser;vinyl-cutting,high,source:fablabs.io;status:active;kind:fab_lab;idcode:2414
Fablab - La Chaux-de-Fonds,47.1035765,6.8328658,La Chaux-de-Fonds Rue de la Serre 68,2300,La Chaux-de-Fonds,CH,http://www.fablab-chaux-de-fonds.ch,https://www.fablabs.io/labs/fablabchauxdefonds,3d-printing;cnc;laser;precision-milling;vinyl-cutting,high,source:fablabs.io;status:active;kind:fab_lab;idcode:2116
FabLab Lyss,47.0725616,7.303587399999969,Aarbergstrasse 25,3250,Lyss,CH,https://fablablyss.ch,https://www.fablabs.io/labs/fablablyss,3d-printing;laser,high,source:fablabs.io;status:planned;kind:mini_fab_lab;idcode:2089
FabLab Underes Atzisloo,47.7612106,8.586822399999999,Switzerland Kirchgasse,8232,Merishausen,CH,http://www.randelab.ch/,https://www.fablabs.io/labs/fablabunderesaetzisloo,3d-printing;cnc;electronics;laser;precision-milling;vinyl-cutting,high,source:fablabs.io;status:active;kind:fab_lab;idcode:232
FabLab Neuchatel,46.9969519,6.937713199999999,Espace de l'Europe 7,2000,Neuchatel,CH,http://fablab-neuch.ch,https://www.fablabs.io/labs/fablabneuch,3d-printing;cnc;laser;vinyl-cutting,high,source:fablabs.io;status:active;kind:fab_lab;idcode:80
Onl'fait,46.16641430000001,6.103334100000001,Route de la Galaise 23-25a 1st & 2nd floor,1203,Plan-les-ouates,CH,https://onlfait.ch,https://www.fablabs.io/labs/onlfait,3d-printing;cnc;laser;precision-milling;vinyl-cutting,high,source:fablabs.io;status:active;kind:fab_lab;idcode:1531
Makerspace Reinach,47.49378,7.5904626,Schulgasse 1,4153,Reinach,CH,https://makerspace-reinach.ch/,https://www.fablabs.io/labs/MakerspaceReinach,3d-printing;cnc;laser,high,source:fablabs.io;status:active;kind:fab_lab;idcode:2526
FabLab Renens,46.5274187,6.59294639999996,Chemin du Closel 3,1020,Renens,CH,https://fablab-renens.ch/,https://www.fablabs.io/labs/FabLabRenens,3d-printing;cnc;laser;vinyl-cutting,high,source:fablabs.io;status:active;kind:fab_lab;idcode:817
FabLab Makerspace Rheinfelden,47.549339,7.77408760000003,Quellenstrasse 37 Q37 im 1. Stock,4310,Rheinfelden,CH,https://makerspace-rheinfelden.ch/,https://www.fablabs.io/labs/fablabmakerspacerheinfelden,3d-printing;cnc;electronics;laser;vinyl-cutting,high,source:fablabs.io;status:active;kind:fab_lab;idcode:1141
Funlab Basel,47.5667651,7.644420999999999,Grenzacherweg 307,4125,Riehen,CH,http://funlab.ch,https://www.fablabs.io/labs/funlabbasel,3d-printing;laser;vinyl-cutting,high,source:fablabs.io;status:active;kind:mini_fab_lab;idcode:25
FabLab Sion,46.2274514,7.3643724,"c/o Fabulle, Rue de l'Industrie 23",1950,Sion,CH,https://fablabsion.ch/,https://www.fablabs.io/labs/fablabsion,3d-printing;cnc;laser;precision-milling;vinyl-cutting,high,source:fablabs.io;status:active;kind:fab_lab;idcode:1806
Fablab Riviera,46.4589623,6.8533782,Avenue de la Prairie 24,1800,Vevey,CH,https://fablab-riviera.ch,https://www.fablabs.io/labs/fablabriviera,3d-printing;cnc;laser;precision-milling;vinyl-cutting,high,source:fablabs.io;status:active;kind:fab_lab;idcode:2491
FabLab SUPSI,46.0357017,8.966154999999958,FabLab Campus SUPSI DACD,6850,Via Francesco Catenazzi 23,CH,http://www.fablab.supsi.ch,https://www.fablabs.io/labs/fablabsupsilugano,3d-printing;cnc;laser;precision-milling;vinyl-cutting,high,source:fablabs.io;status:active;kind:fab_lab;idcode:172
FabLab Winti,47.4943079,8.716536799999972,"Technoparkstrasse 2 (Eingang A, Untergeschoss)",8406,Winterthur,CH,https://www.fablabwinti.ch,https://www.fablabs.io/labs/fablabwinti,3d-printing;cnc;electronics;laser;vinyl-cutting,high,source:fablabs.io;status:active;kind:fab_lab;idcode:307
Y-Fablab,46.781902,6.649005399999999,Avenue des Sports 5,1400,Yverdon-les-Bains,CH,https://y-fablab.ch,https://www.fablabs.io/labs/yfablab,3d-printing;cnc;laser;precision-milling;vinyl-cutting,high,source:fablabs.io;status:active;kind:fab_lab;idcode:2944
FabLab Zug,47.1814121,8.523882100000037,Oberallmendstrasse 18,6300,Zug,CH,http://fablab-zug.ch,https://www.fablabs.io/labs/fablabzug,3d-printing;cnc;laser;vinyl-cutting,high,source:fablabs.io;status:active;kind:fab_lab;idcode:2135
FabLab Zurich,47.3838556,8.50966189999997,Zimmerlistrasse 6,8004,Zurich,CH,http://zurich.fablab.ch,https://www.fablabs.io/labs/fablabzurich,3d-printing;cnc;electronics;laser;precision-milling;vinyl-cutting,high,source:fablabs.io;status:active;kind:fab_lab;idcode:81
Ayiyikoh,5.316667,-4.03333299999997,Abidjan,225,Abidjan,CI,http://fb.com/ayiyikoh,https://www.fablabs.io/labs/ayiyikoh,electronics;laser,high,source:fablabs.io;status:unknown;kind:fab_lab;idcode:840
BABY LAB,5.418889,-4.020555999999942,Abobo Habitat,225,Abidjan,CI,,https://www.fablabs.io/labs/babylab,,medium,source:fablabs.io;status:unknown;kind:fab_lab;idcode:656
H-FABLAB,5.369562500000001,-3.8908125,"Bingerville, Akoua Santai, avant la cite DE LACELLE",0000,Abidjan,CI,https://h-fablab.org,https://www.fablabs.io/labs/hfablab,3d-printing;cnc;electronics;laser;precision-milling;vinyl-cutting,high,source:fablabs.io;status:active;kind:fab_lab;idcode:2563
Hfablab,5.369562500000001,-3.8908125,"Bingerville, avant la Cite De LACELLE",,"Abidjan, Bingerville",CI,https://h-fablab.org/,https://www.fablabs.io/labs/hvfablab,3d-printing;cnc;electronics;laser;precision-milling;vinyl-cutting,high,source:fablabs.io;status:active;kind:fab_lab;idcode:2697
FabLab TIC4ED,4.7659027,-6.6732198,Quartier Soleil Villa lot 509 ilot 46,,San Pedro,CI,https://www.tic4ed.ci,https://www.fablabs.io/labs/tic4ed,3d-printing;electronics;laser,high,source:fablabs.io;status:active;kind:fab_lab;idcode:2266
Fab Lab INP-HB Y'ello Lab,6.885288,-5.2254739,INP-HB centre Genie mecanique 223 genie mecanique salle 223,BP1093,Yamoussoukro,CI,https://fabacademy.org/2023/labs/inphb/,https://www.fablabs.io/labs/yellolab,3d-printing;cnc;electronics;laser;precision-milling;vinyl-cutting,high,source:fablabs.io;status:active;kind:fab_lab;idcode:2927
Fab Lab Atacama-AIS,-23.7276419,-70.4369886,Avenida Jaime Guzman 04300,,Antofagasta,CL,http://www.fablabatacama.cl,https://www.fablabs.io/labs/fablabatacama,3d-printing;cnc;electronics;laser;precision-milling,high,source:fablabs.io;status:active;kind:fab_lab;idcode:825
FabLabConcepcion,-36.819085,-73.059188,Lincoyan 1370,4030208,Concepcion,CL,https://fablabconcepcion.tumblr.com/,https://www.fablabs.io/labs/fablabconce,3d-printing;cnc;laser,high,source:fablabs.io;status:active;kind:mini_fab_lab;idcode:1627
Biomakerlab,-29.9657849,-71.3531053,"Facultad de Ciencias del Mar, Universidad Catolica del Norte, Larrondo 1281, Coquimbo.",1780000,Coquimbo,CL,,https://www.fablabs.io/labs/biomakerlab,3d-printing;electronics;laser,high,source:fablabs.io;status:active;kind:fab_lab;idcode:3060
Curauma Makerspace,-33.1465057,-71.5690716,"Avenida Universidad 330, Curauma, Valparaiso, Chile",2373223,Curauma,CL,,https://www.fablabs.io/labs/curaumamakerspace,3d-printing;cnc;electronics;laser,high,source:fablabs.io;status:active;kind:fab_lab;idcode:3076
Fablab Utalca,-35.0045354,-71.22503649999999,"Camino a los Niches, Km 1 - Curico",3340000,Curico,CL,http://www.fablabutalca.cl,https://www.fablabs.io/labs/fablabutalca,3d-printing;cnc;electronics;laser;precision-milling,high,source:fablabs.io;status:planned;kind:fab_lab;idcode:1736
Technolab_EDU,-29.9476385,-71.24870529999998,La Serena Santiago del Apostol 4198,,La Serena,CL,http://www.technolab.cl,https://www.fablabs.io/labs/technolab,3d-printing;electronics,high,source:fablabs.io;status:active;kind:mini_fab_lab;idcode:2094
FabIDI,-33.50005208557685,-70.61189559206542,Vicuna Mackenna 4860 Edificio STEM,7820436,Macul,CL,https://dilab-uc.cl/fablabidi/,https://www.fablabs.io/labs/fablabidi,3d-printing;laser;vinyl-cutting,high,source:fablabs.io;status:active;kind:fab_lab;idcode:1424
FabLab Centro de Innovacion UC,-33.4978202,-70.61526169999999,"Vicuna Mackenna 4860 3rd floor, Centro de Innovacion UC",7820436,Macul,CL,https://centrodeinnovacion.uc.cl/fablab,https://www.fablabs.io/labs/centrodeinnovacionuc,3d-printing;cnc;electronics;laser;precision-milling;vinyl-cutting,high,source:fablabs.io;status:active;kind:fab_lab;idcode:2208
FABHAUS UC,-33.4199492,-70.6177189,El Comendador 1916,7520245,Providencia,CL,https://fabhaus.wordpress.com/,https://www.fablabs.io/labs/fabhausuc,3d-printing;cnc;electronics;laser;precision-milling,high,source:fablabs.io;status:active;kind:fab_lab;idcode:1429
Sinestesia.cc,-33.4487688,-70.63040839999996,Almirante Riveros 085,7501543,Providencia,CL,http://www.sinestesia.cc,https://www.fablabs.io/labs/sinestesia,3d-printing;cnc;electronics;laser;vinyl-cutting,high,source:fablabs.io;status:active;kind:mini_fab_lab;idcode:1766
Fab Lab Austral,-54.9352098,-67.60585370000001,O higgins 1180,,Puerto Williams,CL,http://www.fablabaustral.org,https://www.fablabs.io/labs/fablabaustral,3d-printing;cnc;electronics;laser;precision-milling;vinyl-cutting,high,source:fablabs.io;status:active;kind:fab_lab;idcode:1894
FabLab Umag,-53.1687042,-70.9145539,"21 de Mayo 1690, Punta Arenas, Chile Avenida Manuel Bulnes 01855, Punta Arenas, Chile",6201448,Punta Arenas,CL,https://fablab.umag.cl/,https://www.fablabs.io/labs/fablabumag,3d-printing;electronics;laser;vinyl-cutting,high,source:fablabs.io;status:active;kind:fab_lab;idcode:2933
Fabrica digital O'Higgins,-34.16401004999023,-70.74235364375,Universidad de O'Higgins Zocalo edificio B,2820000,Rancagua,CL,https://fabricadigital.uoh.cl/inicio,https://www.fablabs.io/labs/fabricadigitalohiggins,3d-printing;cnc;electronics;laser;precision-milling;vinyl-cutting,high,source:fablabs.io;status:active;kind:fab_lab;idcode:3013
FABLAB BLEST GANA,-33.5196125,-70.6381538,Mirador 1674,,San Ramon,CL,http://www.colegioblestgana.cl/,https://www.fablabs.io/labs/fablababg,3d-printing;cnc;electronics;laser;precision-milling,high,source:fablabs.io;status:active;kind:fab_lab;idcode:1494
FABLAB ABG,-33.5201503,-70.6374712,Mirador 1743,,Santiago,CL,https://wikifactory.com/@wikifablababg,https://www.fablabs.io/labs/fablabABGX20,3d-printing;cnc;laser;precision-milling;vinyl-cutting,high,source:fablabs.io;status:active;kind:fab_lab;idcode:2158
Fab Lab Santiago,-33.4190456,-70.64176040000001,Puma 1180 Recoleta,,Santiago,CL,http://www.fablabsantiago.org,https://www.fablabs.io/labs/fablabscl,3d-printing;cnc;electronics;laser;precision-milling;vinyl-cutting,medium,source:fablabs.io;status:unknown;kind:fab_lab;idcode:201
Fab Lab UAI,-33.4861692,-70.5138702,Av. Diagonal Las Torres 2640 Penalolen,7941169,Santiago,CL,http://www.designlab.uai.cl/fablab,https://www.fablabs.io/labs/fablabuai,3d-printing;cnc;electronics;laser;precision-milling;vinyl-cutting,high,source:fablabs.io;status:active;kind:fab_lab;idcode:11
Fab Lab UTFSM,-33.4906569,-70.61919339999997,Avenida Vicuna Mackena 3939 Avenida Vicuna Mackenna 3939,8320000,Santiago,CL,http://fablab.usm.cl,https://www.fablabs.io/labs/fablabutfsm,3d-printing;cnc;electronics;laser;precision-milling;vinyl-cutting,high,source:fablabs.io;status:active;kind:fab_lab;idcode:1544
FabLab U. de Chile,-33.4581444,-70.664705,Beauchef 851,8370456,Santiago,CL,http://www.fablab.uchile.cl,https://www.fablabs.io/labs/fablabuniversidaddechile,3d-printing;cnc;electronics;precision-milling;vinyl-cutting,high,source:fablabs.io;status:active;kind:fab_lab;idcode:152
Innova FabLab,-33.390499,-70.62240170000001,Palacio Riesco 4325,8580000,Santiago,CL,http://www.innovafablab.cl,https://www.fablabs.io/labs/innovafablab,3d-printing;cnc;laser,high,source:fablabs.io;status:planned;kind:fab_lab;idcode:508
Nido MakerLab,-33.35169,-70.50392769999996,av el rodeo 14200,7690923,Santiago,CL,https://www.instagram.com/nido_makerlab/,https://www.fablabs.io/labs/nidomakerlab,3d-printing;cnc;laser;precision-milling;vinyl-cutting,high,source:fablabs.io;status:active;kind:fab_lab;idcode:1961
Physalis Lab,-33.4504948,-70.68391270000001,Avenida Ecuador 3493,9170124,Santiago,CL,https://innovacionblockc.webnode.cl,https://www.fablabs.io/labs/physalislab,3d-printing;laser;vinyl-cutting,high,source:fablabs.io;status:active;kind:fab_lab;idcode:1963
ProteinLab UTEM,-33.451644,-70.65715009999997,Dieciocho 414,8330526,Santiago,CL,http://www.proteinlab.cl,https://www.fablabs.io/labs/proteinlab,3d-printing;cnc;electronics;laser;precision-milling;vinyl-cutting,high,source:fablabs.io;status:active;kind:fab_lab;idcode:1994
Industrial Studio,-35.42324440000001,-71.64848039999998,"Talca 26 Sur 6 poniente 274 , Talca",3460000,Talca,CL,http://www.industrialstudio.cl,https://www.fablabs.io/labs/industrialstudio,3d-printing;electronics;laser,high,source:fablabs.io;status:unknown;kind:mini_fab_lab;idcode:312
FabLab UV,-33.0458863,-71.6131585,Gral Cruz 222,2362905,Valparaiso,CL,http://fablab.uv.cl,https://www.fablabs.io/labs/fablabuv,3d-printing;laser;precision-milling,high,source:fablabs.io;status:active;kind:fab_lab;idcode:1845
FabLab Solidaire Orange Digital Center ODC - Cameroun - WouriLab,4.0474499,9.6939232,"Akwa, Boulevard Ahmadou Ahidjo, Orange Agence Commerciale Soudanaise, 1er etage",BP:1864,Douala,CM,https://www.orange.cm/orange-digital-center/fr/fab-lab.html,https://www.fablabs.io/labs/wourilab,3d-printing;laser;vinyl-cutting,high,source:fablabs.io;status:active;kind:fab_lab;idcode:2340
Yansokilab,3.9698931,9.7918787,"Institut Ucac-Icam, Campus de Douala, 5504 Akwa",5504,Douala,CM,http://ucac-icam.com,https://www.fablabs.io/labs/yansokilab,3d-printing;cnc;electronics;laser;vinyl-cutting,high,source:fablabs.io;status:active;kind:fab_lab;idcode:2555
Africa Robot,4.338841869367481,11.43746462402344,Yaounde Metropolitan Area Yaounde 5 Rue 5109 Porte 168,20275,Yaounde,CM,http://africarobot.cm,https://www.fablabs.io/labs/africarobot,3d-printing;electronics;vinyl-cutting,high,source:fablabs.io;status:active;kind:mini_fab_lab;idcode:2323
Ecolia Labs,3.8680387,11.54757540000003,Yaounde Mimboman,,Yaounde,CM,http://www.ecolialabs.org,https://www.fablabs.io/labs/ecolialabs,3d-printing;cnc;laser;vinyl-cutting,medium,source:fablabs.io;status:unknown;kind:fab_lab;idcode:1252
Ongola Fablab,3.8577597,11.5070915,"AUF-CAMPUS NUMERIQUE FRANCOPHONE, BLD DE LA REUNIFICATION, NGOA-EKELLE, BP 8114 YAOUNDE-CAMEROUN",,Yaounde,CM,,https://www.fablabs.io/labs/ongolafablab,3d-printing;cnc;laser;precision-milling;vinyl-cutting,medium,source:fablabs.io;status:active;kind:fab_lab;idcode:1626
TechLab Yaounde,3.8407337,11.4878714,Accacia Rue Derriere Afriland Firstbank,,Yaounde,CM,http://techlabacademy.org,https://www.fablabs.io/labs/techlabyaounde,3d-printing;cnc;electronics;laser;vinyl-cutting,high,source:fablabs.io;status:active;kind:fab_lab;idcode:3095
BNDS FabLab,39.9006683,116.2537626,102206,100039,,CN,,https://www.fablabs.io/labs/bndsfablab,3d-printing;cnc;electronics;laser;precision-milling,medium,source:fablabs.io;status:active;kind:fab_lab;idcode:3121
Digital Crafts,26.647453,106.630141,"No.30, Duyun Road, Jinyang Gaoxin Industries Park",550001,,CN,http://digitalcraft.cc,https://www.fablabs.io/labs/digitalcrafts,3d-printing;cnc;laser;precision-milling;vinyl-cutting,medium,source:fablabs.io;status:unknown;kind:fab_lab;idcode:806
FabLab UNNC,29.80191,121.56162,"199 IAMET301,401",315104,,CN,http://www.nbfablab.com,https://www.fablabs.io/labs/fablabunnc,3d-printing;cnc;electronics;laser;precision-milling;vinyl-cutting,high,source:fablabs.io;status:active;kind:fab_lab;idcode:3073
Fablab Beijing Normal University,22.3495407,113.5352284,Yuanbai Builidng,,,CN,,https://www.fablabs.io/labs/fablabbeijingnormaluniversity,,medium,source:fablabs.io;status:active;kind:fab_lab;idcode:3011
Fablab SZPolytechnic,22.592017,113.9480009,,518055,,CN,,https://www.fablabs.io/labs/fablabszpolytechnic,3d-printing;laser,medium,source:fablabs.io;status:active;kind:fab_lab;idcode:1854
Fablab Wuhan,30.44498145547059,114.3957753042298,HUST Science Park Innovation Base Building No.2,430223,,CN,http://www.i-microlab.com,https://www.fablabs.io/labs/fabwuhan,3d-printing;cnc;electronics;laser;precision-milling;vinyl-cutting,medium,source:fablabs.io;status:unknown;kind:fab_lab;idcode:1020
Fablab X Wuhan,30.479022,114.306229,"Hubei University of Technology Engineering Building 2, Industrial Design School, 4th floor",430068,,CN,,https://www.fablabs.io/labs/fablabxwuhan,3d-printing;cnc;electronics;laser;precision-milling,medium,source:fablabs.io;status:active;kind:fab_lab;idcode:3008
Fablab syyz shiyan,32.6411964259304,110.7903925263977,Shiyan No. 1 Middle School,442012,,CN,,https://www.fablabs.io/labs/syyz,3d-printing;cnc;electronics;laser;precision-milling,medium,source:fablabs.io;status:active;kind:fab_lab;idcode:3093
MG Space,22.552837,114.044396,Futian District Shenzhen Women Building Room 310,518034,,CN,http://www.mgspace.net/,https://www.fablabs.io/labs/mgspace,3d-printing;electronics;laser;vinyl-cutting,high,source:fablabs.io;status:active;kind:fab_lab;idcode:3097
STEMInsight - RIA School Fab Lab,32.4353343,120.5138381,99,226532,,CN,http://www.steminsight.com.cn,https://www.fablabs.io/labs/steminsightrialab,3d-printing;cnc;electronics;laser;precision-milling,high,source:fablabs.io;status:active;kind:fab_lab;idcode:1786
ZeeCamp,31.34475099999999,121.434762,63-121,201906,,CN,,https://www.fablabs.io/labs/zeecamp,3d-printing;cnc;laser;precision-milling;vinyl-cutting,medium,source:fablabs.io;status:active;kind:fab_lab;idcode:1443
BWYA Fab Lab,40.02148,116.44624,27,100012,Beijing,CN,,https://www.fablabs.io/labs/bwyafablab,3d-printing;laser;vinyl-cutting,medium,source:fablabs.io;status:planned;kind:mini_fab_lab;idcode:2305
FabLab C+,39.919024,116.415018,"53 Deng Shi Kou Da Jie, DongDan, Dongcheng Qu, Beijing Shi, China Center for Innovation Laboratory, 4 floor, Teaching building, Beijing Jing Shan School",100006,Beijing,CN,http://www.fablabbj.com/ ,https://www.fablabs.io/labs/fablabc,3d-printing;cnc;electronics;laser;precision-milling,high,source:fablabs.io;status:active;kind:fab_lab;idcode:1612
Fablab BeiJing,40.01221,116.37494,"No. 2, Lin Cui Road, Chaoyang District",,Beijing,CN,http://www.fablabbj.com/,https://www.fablabs.io/labs/fablabbj,3d-printing;cnc;electronics;laser;precision-milling,high,source:fablabs.io;status:active;kind:fab_lab;idcode:1666
C -Fabrication Laboratory,30.62703179999999,104.0765348,"No. 141-1, Kehua North Road, Wuhou District",610065,Chengdu,CN,http://www.scuspark.com/,https://www.fablabs.io/labs/cfablab,3d-printing;cnc;electronics;laser;precision-milling;vinyl-cutting,high,source:fablabs.io;status:active;kind:fab_lab;idcode:2069
Fablab Chengdu,30.7139803,104.011452,818679,610031,Chengdu,CN,,https://www.fablabs.io/labs/fablabchengdu,3d-printing;cnc;electronics;laser;precision-milling;vinyl-cutting,high,source:fablabs.io;status:active;kind:fab_lab;idcode:743
Fab Lab XH,23.05915,113.58312,"No.7, Yuan Jiangxi Lu Machong",523133,Dongguan,CN,https://fablabxh.xhsysu.edu.cn/,https://www.fablabs.io/labs/fablabxh,3d-printing;cnc;electronics;laser;precision-milling;vinyl-cutting,high,source:fablabs.io;status:active;kind:fab_lab;idcode:694
FabLab DongGuan,22.9353578,113.8874546,"Building #13 #1 Headquarter, Songshan Lake",523808,Dongguan,CN,http://chuangxingongchang.sxl.cn,https://www.fablabs.io/labs/dongguan,3d-printing;cnc;electronics;laser;precision-milling;vinyl-cutting,high,source:fablabs.io;status:unknown;kind:mini_fab_lab;idcode:764
ISA Innovation Centre,23.15365,113.43286,"66 Yushu South Road, Science City, Huangpu District",510663,Guangzhou,CN,https://www.isaieg.com/about/innovation-centre,https://www.fablabs.io/labs/isaic,3d-printing;cnc;electronics;laser;precision-milling;vinyl-cutting,high,source:fablabs.io;status:active;kind:fab_lab;idcode:2754
ISA Innovation Centre Liwan,23.05683711549407,113.1960679814758,Hailong Road (only 800 meters from the Longxi Station of the Guangzhou-Foshan Metro Line.),,Guangzhou,CN,https://www.isaieg.com/about/innovation-centre,https://www.fablabs.io/labs/isaiclw,3d-printing;cnc;electronics;laser;precision-milling;vinyl-cutting,high,source:fablabs.io;status:active;kind:fab_lab;idcode:2888
FABLAB,30.190948,120.152715,"No. 83, Shop 26, Caihongcheng Community, Binjiang District",310000,Hangzhou,CN,,https://www.fablabs.io/labs/fabei,3d-printing;cnc;electronics;laser;precision-milling;vinyl-cutting,high,source:fablabs.io;status:active;kind:fab_lab;idcode:1488
FabLab Nanchang,28.682984,115.962144,"204, Rose Garden, Nanchang Science and Technology Plaza, High-tech Development Zone",,Nanchang,CN,http://www.fablab-nc.com,https://www.fablabs.io/labs/fablabnanchang,3d-printing;cnc;electronics;laser;precision-milling,high,source:fablabs.io;status:active;kind:fab_lab;idcode:2301
ZEOLF,32.060255,118.796877,Nanjing,,Nanjing,CN,http://Www.zeolf.com,https://www.fablabs.io/labs/zeolf,3d-printing;cnc;electronics;vinyl-cutting,medium,source:fablabs.io;status:planned;kind:mini_fab_lab;idcode:2123
Fab Lab Nantong,31.97651999999999,120.91184,"1F, Building 3, No.58, Chongchuan Road",226000,Nantong,CN,http://www.ntiti.com.cn/,https://www.fablabs.io/labs/fablabnantong,3d-printing;electronics;laser;precision-milling;vinyl-cutting,high,source:fablabs.io;status:unknown;kind:fab_lab;idcode:1238
Qinhuangdao Innovation Laboratory,39.9344999,119.61063,"B10-2 Building, Sino-Swedish Design Park, No.1, Hebin Road, Haigang District",066000,Qinghuadao,CN,,https://www.fablabs.io/labs/qhdil,3d-printing;cnc;electronics;laser;precision-milling;vinyl-cutting,high,source:fablabs.io;status:active;kind:fab_lab;idcode:2198
Fab Lab SHSID,31.13938,121.44153,No. 400 Shangzhong Road Xuhui District,200231,Shanghai,CN,https://www.shsid.org/index.htm,https://www.fablabs.io/labs/shsid,3d-printing;cnc;electronics;laser;precision-milling;vinyl-cutting,high,source:fablabs.io;status:active;kind:fab_lab;idcode:3006
Fab1 Fab - XinFab,31.22519,121.4331520000001,"1288 , 302 WuDingXi road 1288, Room 302",,Shanghai,CN,http://www.xinfab.com,https://www.fablabs.io/labs/xinfab,3d-printing;cnc;electronics;laser;precision-milling,high,source:fablabs.io;status:active;kind:fab_lab;idcode:436
FabLab Gezhi,31.2350158,121.4775297,Gezhi High School 66 Guangxi North Road,200001,Shanghai,CN,,https://www.fablabs.io/labs/fablabgezhi,3d-printing;cnc;electronics;laser;precision-milling;vinyl-cutting,medium,source:fablabs.io;status:planned;kind:fab_lab;idcode:395
Fablab O - Mobile FABO,31.28118810118144,121.5074445767212,"42 Zhangwu Rd, Yangpu District, Shanghai, China, 200092",200092,Shanghai,CN,https://fablabo.com/,https://www.fablabs.io/labs/mobilefabo,3d-printing;cnc;electronics;laser;precision-milling;vinyl-cutting,high,source:fablabs.io;status:active;kind:mobile;idcode:1897
Fablab O - Shanghai -,31.2805,121.50852,"No.281 Fuxin Road College of Design and Innovation, Tongji University",200092,Shanghai,CN,https://fablabo.com,https://www.fablabs.io/labs/ShanghaiFablab,3d-printing;cnc;electronics;laser;precision-milling;vinyl-cutting,high,source:fablabs.io;status:active;kind:fab_lab;idcode:469
Fablab O - Shanghai Tech -,31.1741478,121.5989002,"Shanghai Tech University Zhangjiang Campus 393 Middle Huaxia Road, Pudong",201210,Shanghai,CN,http://fablabo.com,https://www.fablabs.io/labs/fablaboshanghaitech,3d-printing;cnc;electronics;laser;precision-milling;vinyl-cutting,high,source:fablabs.io;status:active;kind:fab_lab;idcode:1750
Shaoxing Open Innovation Lab,29.9966586,120.5647896,"1st Floor, Building 4, YangJing Lake Technology and Innovation Park ingfu Road, Yuecheng District",312000,Shaoxing,CN,https://mp.weixin.qq.com/s/ccD56p8UeHC7kVx0ZgIxfQ,https://www.fablabs.io/labs/shaoxingopeninnovationlab,3d-printing;cnc;electronics;laser;precision-milling;vinyl-cutting,high,source:fablabs.io;status:active;kind:fab_lab;idcode:2197
Fab2E,22.559712,114.1376809999999,3002,518000,Shenzhen,CN,http://fab2e.com,https://www.fablabs.io/labs/fab2e,3d-printing;cnc;electronics;laser;precision-milling;vinyl-cutting,high,source:fablabs.io;status:active;kind:fab_lab;idcode:1593
Fablab O - Shenzhen -,22.720923,114.2468220000001,No 680 Jixiang Rd. (near Longpi Xi Road) Longgang District,518172,Shenzhen,CN,http://weibo.com/fablab,https://www.fablabs.io/labs/fablaboshenzhen,3d-printing;electronics;laser,high,source:fablabs.io;status:unknown;kind:fab_lab;idcode:364
Fablab Shenzhen - Shenzhen Open Innovation Lab,22.50980942602258,114.0548231679841,"3 Shihua Road, Building 4, Suite 531, Fantasia Funian Plaza, Futian Bonded Zone, Futian District",518045,Shenzhen,CN,http://szoil.org,https://www.fablabs.io/labs/szoil,3d-printing;cnc;electronics;laser;precision-milling;vinyl-cutting,high,source:fablabs.io;status:active;kind:fab_lab;idcode:736
Litchee Lab,22.543876,113.920212,"Idea Factory 406, Nantou City, Nanshan District",518000,Shenzhen,CN,https://litcheelab.super.site/,https://www.fablabs.io/labs/litcheelab,3d-printing;cnc;electronics;laser;precision-milling;vinyl-cutting,high,source:fablabs.io;status:active;kind:fab_lab;idcode:1223
SIFC ACT Center,22.7838125,113.8379375,"No.8 Yizhan 4th Road, International Art Exhibition Center, Baoan District",518000,Shenzhen,CN,,https://www.fablabs.io/labs/ACTCenter,3d-printing;electronics;laser,high,source:fablabs.io;status:active;kind:fab_lab;idcode:2794
iMakerbase,22.6053605,113.8482781,Hangcheng Chuangxinchuangye Park Baoan district,158101,Shenzhen,CN,,https://www.fablabs.io/labs/imakerbase,3d-printing;cnc;electronics;laser;precision-milling;vinyl-cutting,high,source:fablabs.io;status:active;kind:fab_lab;idcode:1533
Fablab O @U Link -,31.267948,120.749154,377,,SuZhou,CN,,https://www.fablabs.io/labs/fablaboULINK,3d-printing;cnc;laser;precision-milling;vinyl-cutting,medium,source:fablabs.io;status:active;kind:fab_lab;idcode:862
Rockmaker,31.4639928,120.6176926000001,"Guantang Road 1,Building C 511",215131,Suzhou,CN,http://www.rockmaker.org,https://www.fablabs.io/labs/rockmaker,3d-printing;cnc;electronics;laser;precision-milling;vinyl-cutting,high,source:fablabs.io;status:planned;kind:fab_lab;idcode:1455
Fablab XIAN,34.24109,108.92883,"2nd floor, CASStar & Vanke Cloud Maker space, 322#, West Youyi Road, Beilin District",710068,Xi'an,CN,http://www.casstar.com.cn/,https://www.fablabs.io/labs/fablabxian,3d-printing;cnc;electronics;laser;precision-milling;vinyl-cutting,high,source:fablabs.io;status:unknown;kind:fab_lab;idcode:1127
XMU-Torch Geek Space,24.4898752,118.1824336,"432,Building 39,Wanghai Road,Plan II of Software Park, Siming District",361008,Xiamen City,CN,http://maker.xmu.edu.cn/,https://www.fablabs.io/labs/xmutorch,3d-printing;cnc;electronics;laser;precision-milling,high,source:fablabs.io;status:unknown;kind:fab_lab;idcode:981
FABLAB XuanYuan,34.5049808,113.7683458,"1st Floor, Building 4, The Makers' Town Of Central China, Intersection of Provincial Highway 102 and Nuanquan Road, Xuedian Town, Xinzheng City, Henan Province, China",451150,Xinzheng City,CN,https://www.fablabxy.com/,https://www.fablabs.io/labs/xuanyuan,3d-printing;cnc;electronics;laser;precision-milling,high,source:fablabs.io;status:active;kind:fab_lab;idcode:2019
FabLab-ZS PengLai,37.81738233641925,120.7900474552612,PengLai Maker Education Centre 200 metres West of Hai Jing Yuan's North Gate,265600,Yantai,CN,,https://www.fablabs.io/labs/fablabpenglai,3d-printing;cnc;electronics;laser,high,source:fablabs.io;status:active;kind:mini_fab_lab;idcode:1735
Fablab Zhengzhou,34.79236931126967,113.543574269226,"Room 102, South Building, 1#, The National University Science Park of Henan Province No.11 Changchu, zhengzhou, Henan,CN",450000,Zhengzhou,CN,http://www.zmaker.cn,https://www.fablabs.io/labs/fablabzhengzhou,3d-printing;cnc;electronics;laser;precision-milling;vinyl-cutting,high,source:fablabs.io;status:active;kind:fab_lab;idcode:1754
Beijing Fablab,39.98218747651936,116.3118247920654,"B1/D9 () No 15, zhongguancun St",100080,beijing,CN,http://www.beijingfablab.com/,https://www.fablabs.io/labs/beijingFablab,3d-printing;cnc;electronics;laser;precision-milling;vinyl-cutting,high,source:fablabs.io;status:active;kind:mini_fab_lab;idcode:1671
Formshop Shanghai,31.17985895191637,121.4332533544922,"in the cross of sanhui road and kaijin road, xuhui district, city shanghai, china.",200062,shanghai,CN,https://fabacademy.org/2023/labs/formshop/,https://www.fablabs.io/labs/formshopshanghai,3d-printing;cnc;electronics;laser;precision-milling;vinyl-cutting,high,source:fablabs.io;status:planned;kind:mini_fab_lab;idcode:2805
Niba maker space,34.341067,108.939714,"Room 307, Xi'an Innovation Design Center, No. 69, Western Section, South Second Ring, Beilin District",710068,xi'an,CN,https://v.qq.com/x/page/e0311l21081.html,https://www.fablabs.io/labs/nibamakerspace,3d-printing;cnc;laser,high,source:fablabs.io;status:active;kind:fab_lab;idcode:1582
MACONDOLAB,10.99632448153454,-74.79683890370484,Carrera 54 #64-223,080001,Barranquilla,CO,http://www.macondolab.com,https://www.fablabs.io/labs/macondolab,3d-printing;cnc;electronics;precision-milling,high,source:fablabs.io;status:active;kind:fab_lab;idcode:1922
STELLAMLab,10.9934045,-74.79671499999999,Kr 50 # 62 -61 Casa 2,080020,Barranquilla,CO,https://www.stellam.com.co,https://www.fablabs.io/labs/stellamlab,3d-printing;electronics;laser,high,source:fablabs.io;status:active;kind:fab_lab;idcode:2732
EAN Lab,4.6635178,-74.0550501,Carrera 11 No. 78-47 Edificio Ean Legacy,111321,Bogota,CO,https://www.universidadean.edu.co/,https://www.fablabs.io/labs/EANlab,3d-printing;cnc;electronics;laser;precision-milling;vinyl-cutting,high,source:fablabs.io;status:active;kind:fab_lab;idcode:2723
FABLAB UMNG,4.6837408,-74.0418323,Carrera 11 No. 101-80 Universidad Militar Nueva Granada,1101111,Bogota,CO,https://hubinnovacion.umng.edu.co/laboratorios-de-fabricacion-digital/,https://www.fablabs.io/labs/FABLABUMNG,3d-printing;cnc;laser;precision-milling;vinyl-cutting,high,source:fablabs.io;status:active;kind:fab_lab;idcode:2668
Fab Lab Bogota,4.645451183797162,-74.05660722578125,Bogota Cll 63 No. 3 09,,Bogota,CO,,https://www.fablabs.io/labs/atomfablabbogot,3d-printing,medium,source:fablabs.io;status:planned;kind:fab_lab;idcode:393
Tecnoparque Bogota,4.640532114672286,-74.06446073377685,Calle 54 # 10 39,,Bogota,CO,,https://www.fablabs.io/labs/tecnoparquebogota,3d-printing;electronics;laser,medium,source:fablabs.io;status:unknown;kind:fab_lab;idcode:445
UFPS Cucuta,7.896952799999999,-72.4882288,"Avenida Gran Colombia No. 12E-96 Barrio Colsag, San Jose de Cucuta - Colombia",540003,CUCUTA,CO,http://fablab.ufps.edu.co/,https://www.fablabs.io/labs/ufpscucuta,3d-printing;cnc;electronics;laser;precision-milling;vinyl-cutting,high,source:fablabs.io;status:active;kind:fab_lab;idcode:3002
FabLab Cali,3.3543448,-76.5219179,Calle 25 # 115 - 85 Km. 2 Via Cali - Jamundi Universidad Autonoma de Occidente,760030,Cali,CO,http://FabLabCali.org,https://www.fablabs.io/labs/fablabcali,3d-printing;cnc;electronics;laser;precision-milling;vinyl-cutting,high,source:fablabs.io;status:active;kind:fab_lab;idcode:151
FabLab Diseno Industrial - Uptc,5.8270615,-73.0238814,"Carrera 18 con Calle 22, Duitama, Boyaca",150462,Duitama,CO,https://www.instagram.com/fablab_dis/?hl=es-la,https://www.fablabs.io/labs/fablabdiseoindustrialuptc,3d-printing;laser;precision-milling;vinyl-cutting,high,source:fablabs.io;status:active;kind:mini_fab_lab;idcode:3064
Aula Stem FabLab,5.0560227,-75.4912019,"Av. Paralela #62-71 a 62-3, Manizales, Caldas Samoga. 2 SF",170003,Manizales,CO,http://dama.manizales.unal.edu.co/index.php/aula-stem/,https://www.fablabs.io/labs/AulaStemFabLab,3d-printing;cnc;electronics;laser;precision-milling;vinyl-cutting,high,source:fablabs.io;status:active;kind:fab_lab;idcode:2734
Fab Lab UN Medellin,6.2637665,-75.57863550000002,Universidad Nacional de Colombia sede Medellin calle 59A No 63 - 20,,Medellin,CO,https://www.facebook.com/FabLabUN/,https://www.fablabs.io/labs/fablabUNmedellin,3d-printing;cnc;electronics;laser;precision-milling;vinyl-cutting,high,source:fablabs.io;status:active;kind:fab_lab;idcode:145
FabLab Colmayor,6.272929299999999,-75.58979029999999,Carrera 78 # 65 - 46 Bloque Patrimonial - Piso 1 - A169,,Medellin,CO,https://fablabcolmayor.com/,https://www.fablabs.io/labs/fablabcolmayor,3d-printing;cnc;electronics;laser;precision-milling;vinyl-cutting,high,source:fablabs.io;status:active;kind:fab_lab;idcode:2321
LabPro CIDET,6.236063,-75.571643,Cra. 46 #56-11,050015,Medellin,CO,http://www.cidet.org.co/,https://www.fablabs.io/labs/labpro,3d-printing;cnc;laser,high,source:fablabs.io;status:active;kind:mini_fab_lab;idcode:1755
Red Maker IUPascualBravo,6.2760449,-75.58751529999999,"Edificio ParqueTech Bloque 8, Calle 73 # 73A 226 Medellin, Colombia",050034,Medellin,CO,https://pascualbravo.edu.co/,https://www.fablabs.io/labs/redmaker,3d-printing;cnc;electronics;laser;precision-milling;vinyl-cutting,high,source:fablabs.io;status:active;kind:fab_lab;idcode:2970
Tecnoparque Medellin,6.235925,-75.57513699999998,Carrera 46 #56 11,,Medellin,CO,http://tecnoparque.sena.edu.co/sedes/medellin/Paginas/default.aspx,https://www.fablabs.io/labs/tpsmedellin,3d-printing;electronics,medium,source:fablabs.io;status:unknown;kind:fab_lab;idcode:444
FabLab SENA Neiva,2.9624846,-75.2832444,Carrera 9 No. 68 - 50 Neiva,410010,Neiva,CO,https://vimeo.com/user66649531,https://www.fablabs.io/labs/fablabsenaneiva,3d-printing;cnc;electronics;laser;precision-milling;vinyl-cutting,high,source:fablabs.io;status:active;kind:fab_lab;idcode:1448
FabLab UTP - Pereira,4.8064782,-75.71341760000001,Carrera 27 #10-02 Barrio Alamos - Risaralda - Colombia,660003,PEREIRA,CO,http://tecnologias.utp.edu.co/tecnologia-mecanica/laboratorios,https://www.fablabs.io/labs/utptecnologamecnica,3d-printing;cnc;laser;precision-milling,high,source:fablabs.io;status:active;kind:fab_lab;idcode:1217
prodilab,4.8051875,-75.7254375,Avenidad de las Americas # 49 - 95,660005,Pereira,CO,,https://www.fablabs.io/labs/prodilab,3d-printing;cnc;laser;precision-milling,high,source:fablabs.io;status:active;kind:fab_lab;idcode:2269
FabLab Unicauca,2.446564803376677,-76.5984477538452,Cra. 2 #4N-140,190001,Popayan,CO,http://instagram.com/fablab_unicauca,https://www.fablabs.io/labs/fablabunicauca,3d-printing;cnc;laser,high,source:fablabs.io;status:active;kind:fab_lab;idcode:3030
FabLab Unicomfacauca,2.4422225,-76.6053901,Calle 4 # 68-4,190001,Popayan,CO,,https://www.fablabs.io/labs/fablabunicomfacauca,3d-printing;cnc;laser;precision-milling;vinyl-cutting,high,source:fablabs.io;status:active;kind:fab_lab;idcode:2376
FabLab Choco,5.694402999999999,-76.6498262,Quibdo Calle 18 # 21 - 46 Frente a la Universidad Tecnologica del Choco,270001,Quibdo,CO,http://fablabchoco.org,https://www.fablabs.io/labs/fablabchoco,3d-printing;cnc;electronics;laser,high,source:fablabs.io;status:active;kind:fab_lab;idcode:1811
ITSA FabLab,10.9355341,-74.7659832,Cl. 18 #39-100,083002,Soledad,CO,,https://www.fablabs.io/labs/itsafablab,3d-printing;cnc;electronics;laser,high,source:fablabs.io;status:active;kind:mini_fab_lab;idcode:1985
Kom In Centro de Innovacion,4.710988599999999,-74.072092,carrera 51 # 96-22,111211,bogota,CO,http://www.komin.com.co,https://www.fablabs.io/labs/kominicentrodeinnovacion,3d-printing;cnc;precision-milling,high,source:fablabs.io;status:active;kind:fab_lab;idcode:1661
FabLabs Kujana,4.1220605,-73.57434940000002,camino ganadero con avenida catama,50001,villavicencio,CO,https://www.fablabkujana.com/,https://www.fablabs.io/labs/FabLabsKujana,3d-printing;cnc;electronics;laser,high,source:fablabs.io;status:planned;kind:fab_lab;idcode:1467
Espacio Maker UNA,10.0030691,-84.116827,"1st av, 9th st, Heredia, Costa Rica",40101,Heredia,CR,https://www.fisica.una.ac.cr/index.php/investigacion-extension-y-docencia/programas-y-laboratorios,https://www.fablabs.io/labs/EspacioMakerUNA,3d-printing;cnc;electronics;laser;precision-milling;vinyl-cutting,high,source:fablabs.io;status:active;kind:fab_lab;idcode:2641
UTN Guanacaste,10.6173855,-85.4384137,Centro Plaza Liberia Shopping Mall,50101,Liberia,CR,https://www.utn.ac.cr/,https://www.fablabs.io/labs/utnguanacaste,3d-printing;laser,high,source:fablabs.io;status:active;kind:fab_lab;idcode:2845
Fab Lab Ka Trare,9.9402336,-84.0474072,"202, San Jose, San Pedro, Costa Rica",11501,"Mercedes, Montes de Oca",CR,http://investiga.uned.ac.cr/redinvestigacion/proyectos/laboratorio-de-fabricacion-fablab/,https://www.fablabs.io/labs/katrare,3d-printing;cnc;electronics;laser;vinyl-cutting,high,source:fablabs.io;status:active;kind:fab_lab;idcode:1453
Fab Lab VERITAS,9.9257077,-84.06505429999999,"Universidad Veritas 1 Km al Oeste de Casa Presidencial, San Jose 10105, Costa Rica",10105,San Jose,CR,http://fablab.veritas.cr/,https://www.fablabs.io/labs/fablabveritas,3d-printing;cnc;electronics;laser;precision-milling;vinyl-cutting,high,source:fablabs.io;status:active;kind:fab_lab;idcode:880
IICA FabLab,9.9686801,-84.0177389,"600 m. noreste del Cruce Ipis-Coronado Coronado Vasquez de Coronado, San Isidro 11101",11101,San Jose,CR,https://www.iica.int/es/countries/costa-rica,https://www.fablabs.io/labs/iicafablab,3d-printing;electronics;laser,high,source:fablabs.io;status:active;kind:fab_lab;idcode:2211
SifaisLab,9.9611551,-84.15020969999999,La Carpio,,San Jose,CR,https://www.facebook.com/fablabdeluz/,https://www.fablabs.io/labs/sifais,3d-printing;cnc;electronics;laser;precision-milling;vinyl-cutting,high,source:fablabs.io;status:active;kind:fab_lab;idcode:1823
FabLab St. Jude,9.9504713,-84.2030913,Lindora Del Banco Davivienda 1km al oeste,10903,Santa Ana,CR,http://archive.fabacademy.org/archives/2017/fablabveritas/students/140/,https://www.fablabs.io/labs/fablabstjude,3d-printing;electronics;laser;precision-milling;vinyl-cutting,high,source:fablabs.io;status:planned;kind:fab_lab;idcode:1465
Fab Lab INA,10.0898681,-84.34728330000002,"Centro de Formacion Profesional Sarchi, Sarchi Norte",,Sarchi,CR,https://www.facebook.com/pg/fablabina,https://www.fablabs.io/labs/fablabina,3d-printing;cnc;laser,high,source:fablabs.io;status:active;kind:fab_lab;idcode:1500
FABLAB CYPRUS,35.33890978438657,33.32520993307492,Arkin University of Creative Arts and Design Sair Nedim Street No 11,,Girne (Kyrenia),CY,http://www.arucad.edu.tr,https://www.fablabs.io/labs/fablabcyprus,3d-printing;cnc;electronics;laser;precision-milling;vinyl-cutting,high,source:fablabs.io;status:active;kind:fab_lab;idcode:1680
Fab Lab UCY,35.1740495,33.3613559,Ledras 68,1010,Nicosia,CY,,https://www.fablabs.io/labs/fablabucy,3d-printing;electronics;laser;vinyl-cutting,high,source:fablabs.io;status:active;kind:fab_lab;idcode:2236
The Island School Fab Lab,34.7451229,32.9827267,Vangeriotissas 95A,4549,Palodia,CY,https://drive.google.com/drive/folders/1Bq7dx1oMO_B2RPY9Jc3HtNVTvYWTa4Gp?usp=drive_link,https://www.fablabs.io/labs/theislandschoolfablab,3d-printing;electronics;laser;vinyl-cutting,high,source:fablabs.io;status:active;kind:fab_lab;idcode:3126
FabLab Experience,49.233128,16.57237199999997,Purkynova 127,621 00,-,CZ,https://www.fablabexperience.cz/,https://www.fablabs.io/labs/fablabexperience,3d-printing;cnc;electronics;laser;precision-milling;vinyl-cutting,high,source:fablabs.io;status:active;kind:mobile;idcode:2129
FabLab Brno,49.2329671,16.5729015,Purkynova 649/127,61200,Brno,CZ,http://www.fablabbrno.cz,https://www.fablabs.io/labs/fablabbrno,3d-printing;cnc;electronics;laser;precision-milling;vinyl-cutting,high,source:fablabs.io;status:active;kind:fab_lab;idcode:1303
Geniator,49.6504962,17.4104903,Dukelskych hrdinu 29,783 61,Hlubocky,CZ,https://geniator.cz/,https://www.fablabs.io/labs/geniator,3d-printing;cnc;electronics;laser;precision-milling;vinyl-cutting,high,source:fablabs.io;status:active;kind:fab_lab;idcode:3134
Hradec Kralove,50.2103605,15.825211,,500 02,Hradec Kralove,CZ,http://fleq.cz,https://www.fablabs.io/labs/hradeckralove,,medium,source:fablabs.io;status:planned;kind:fab_lab;idcode:120
FABLAB Liberec,50.766701,15.05408839999996,1. maje 109/8,460 07,Liberec,CZ,,https://www.fablabs.io/labs/fablabliberec,3d-printing;cnc;electronics;laser;precision-milling;vinyl-cutting,medium,source:fablabs.io;status:planned;kind:fab_lab;idcode:1408
PrusaLab,50.109052,14.43708620000007,Partyzanska 188/7A,170 00,Prague,CZ,https://prusalab.cz/,https://www.fablabs.io/labs/prusalab,3d-printing;cnc;electronics;laser;precision-milling;vinyl-cutting,high,source:fablabs.io;status:active;kind:fab_lab;idcode:2159
NTK 3D workshop,50.1043424,14.3909472,Technicka 6,160 80,Praha,CZ,https://www.techlib.cz/cs/84997-polytechnicka-dilna,https://www.fablabs.io/labs/ntk3dworkshop,3d-printing;laser;precision-milling;vinyl-cutting,high,source:fablabs.io;status:active;kind:fab_lab;idcode:2949
Takt,50.0866266,14.4587981,Jeseniova 212,13000,Praha 3 - Zizkov,CZ,http://taktpraha.cz,https://www.fablabs.io/labs/takt,3d-printing;cnc;electronics;laser,high,source:fablabs.io;status:active;kind:fab_lab;idcode:2847
IN-HUB Prerov,49.45450029999999,17.4487806,Bratska 2,750 02,Prerov,CZ,https://inhubprerov.eu/,https://www.fablabs.io/labs/inhubprerov,3d-printing;precision-milling,high,source:fablabs.io;status:active;kind:fab_lab;idcode:2858
L1A Makerspace,49.8775536,8.657725600000049,,,-,DE,http://www.l1a.de,https://www.fablabs.io/labs/l1amakerspace,3d-printing;cnc;vinyl-cutting,high,source:fablabs.io;status:active;kind:mini_fab_lab;idcode:313
Fab Lab Aachen at RWTH Aachen University,50.7784761,6.059938600000009,Ahornstr. 55 Room 2213 (2nd floor),52074,Aachen,DE,https://fablab-aachen.de,https://www.fablabs.io/labs/aachen,3d-printing;cnc;electronics;laser;precision-milling;vinyl-cutting,high,source:fablabs.io;status:active;kind:fab_lab;idcode:27
Das Habitat Augsburg e.V.,48.36779550372908,10.87127474973749,Eberlestrae 29,86157,Augsburg,DE,,https://www.fablabs.io/labs/dashabitataugsburg,3d-printing;cnc;electronics;laser;precision-milling,high,source:fablabs.io;status:active;kind:fab_lab;idcode:2192
FabLab NEA,49.5026253,10.41320040000005,Bad Windsheim Spitalwall 16,91438,Bad Windsheim,DE,http://www.fablab-nea.de/,https://www.fablabs.io/labs/fablabnea,3d-printing;laser;vinyl-cutting,high,source:fablabs.io;status:unknown;kind:fab_lab;idcode:980
FabLab-Bayreuth,49.962135,11.6176954,Ludwig-Thoma-Strae 36 b,95447,Bayreuth,DE,http://www.fablab-bayreuth.de,https://www.fablabs.io/labs/fablabbayreuth,3d-printing;cnc;laser;precision-milling;vinyl-cutting,high,source:fablabs.io;status:active;kind:fab_lab;idcode:298
FabLab Neukolln,52.4839323,13.4495358,Harzer Str. 39,12059,Berlin,DE,https://workish.berlin/fablab,https://www.fablabs.io/labs/fablabnk,3d-printing;laser;vinyl-cutting,high,source:fablabs.io;status:active;kind:fab_lab;idcode:2715
FabLab TU-Berlin,52.5136416,13.323186,"Str. des 17. Juni, 152 Room A204a",10623,Berlin,DE,,https://www.fablabs.io/labs/fablabtuberlin,3d-printing;cnc;electronics;laser;precision-milling;vinyl-cutting,medium,source:fablabs.io;status:corona;kind:fab_lab;idcode:2402
Happylab Berlin,52.54075599999999,13.39463720000003,Demminer Str. 3,13355,Berlin,DE,https://www.happylab.de,https://www.fablabs.io/labs/happylabberlin,3d-printing;cnc;electronics;laser;precision-milling;vinyl-cutting,high,source:fablabs.io;status:active;kind:fab_lab;idcode:1169
MotionLab Berlin,52.4922762,13.45120850000001,"Bouchestrae 12, 12435 Berlin Halle 20",12435,Berlin,DE,https://motionlab.berlin/,https://www.fablabs.io/labs/motionlabberlin,3d-printing;cnc;laser;vinyl-cutting,high,source:fablabs.io;status:active;kind:fab_lab;idcode:1719
Makerspace Bocholt,51.83866339999999,6.604370599999999,Westend 31,46395,Bocholt,DE,https://www.makersapce-bocholt.de,https://www.fablabs.io/labs/MakerspaceBocholt,3d-printing;cnc;electronics;laser;precision-milling;vinyl-cutting,high,source:fablabs.io;status:active;kind:fab_lab;idcode:2581
MakerSpace Bonn,50.69804413163055,7.14502272707215,Bonn Kennedyallee 18,53175,Bonn,DE,https://makerspacebonn.de/,https://www.fablabs.io/labs/msb,3d-printing;cnc;electronics;laser;precision-milling;vinyl-cutting,high,source:fablabs.io;status:active;kind:fab_lab;idcode:2115
HRW FabLab Bottrop,51.5279401,6.926892,Am Vietshof 2-4,46236,Bottrop,DE,http://hrw-fablab.de,https://www.fablabs.io/labs/hrwfablab,3d-printing;cnc;electronics;laser;precision-milling;vinyl-cutting,high,source:fablabs.io;status:active;kind:fab_lab;idcode:767
Protohaus,52.27645709999999,10.5312089,Rebenring 31 Eingang A12,38106,Braunschweig,DE,https://www.protohaus.org,https://www.fablabs.io/labs/protohaus,3d-printing;cnc;electronics;laser;precision-milling;vinyl-cutting,high,source:fablabs.io;status:corona;kind:fab_lab;idcode:1412
ags - Wissenschaftliche Arbeitsgemeinschaft fur Studio- und Senderfragen an der TU Braunschweig e.V.,52.27301699999999,10.53498279999997,Zimmerstrae 24c,38106,Braunschweig,DE,https://www.ags.tu-bs.de/,https://www.fablabs.io/labs/ags,3d-printing;cnc;electronics;precision-milling,high,source:fablabs.io;status:active;kind:fab_lab;idcode:2084
FabLab Bremen,53.07929619999999,8.801693699999987,Bremen,,Bremen,DE,http://www.fablab-bremen.org,https://www.fablabs.io/labs/fablabbremen,3d-printing;laser;vinyl-cutting,medium,source:fablabs.io;status:unknown;kind:fab_lab;idcode:430
FabLab Chemnitz,50.831297,12.939913,Stadtfabrikanten e.V. Schuffnerstrae 1,09130,Chemnitz,DE,https://stadtfabrikanten.org,https://www.fablabs.io/labs/fablabchemnitz,3d-printing;cnc;electronics;vinyl-cutting,high,source:fablabs.io;status:active;kind:fab_lab;idcode:865
Dingfabrik Koeln e.V.,50.937531,6.96027860000004,,50667,Cologne,DE,http://www.dingfabrik.de,https://www.fablabs.io/labs/dingfabrikkoelnev,,medium,source:fablabs.io;status:unknown;kind:fab_lab;idcode:28
FabLab Cottbus,51.76884,14.32351459999995,Walther-Pauer-Strae Lehrgebaude 3,03046,Cottbus,DE,http://www.fablab-cottbus.de/,https://www.fablabs.io/labs/fablabcottbus,3d-printing;electronics,high,source:fablabs.io;status:unknown;kind:mini_fab_lab;idcode:590
Makerspace Darmstadt,49.8783676,8.650399099999959,Mainzer Strae 74c,64293,Darmstadt,DE,http://www.makerspace-darmstadt.de,https://www.fablabs.io/labs/makerspacedarmstadt,3d-printing;cnc;electronics;laser;precision-milling;vinyl-cutting,high,source:fablabs.io;status:active;kind:fab_lab;idcode:828
DEZENTRALE,51.5100738,7.439782699999999,Richardstrasse 18,,Dortmund,DE,,https://www.fablabs.io/labs/dezentrale,3d-printing;cnc;electronics;laser,medium,source:fablabs.io;status:unknown;kind:fab_lab;idcode:531
FabLab Dresden,51.0463491,13.71545119999996,"Jagdweg 1-3, 01159 Dresden",01159,Dresden,DE,http://www.fablabdd.de,https://www.fablabs.io/labs/fablabdd,3d-printing;cnc;laser;vinyl-cutting,high,source:fablabs.io;status:active;kind:fab_lab;idcode:560
Fabmobil,51.05040880000001,13.73726209999995,Dresden Jordanstrae 16,01099,Dresden,DE,http://www.fabmobil.org,https://www.fablabs.io/labs/fabmobil,3d-printing;cnc;electronics;laser;precision-milling;vinyl-cutting,high,source:fablabs.io;status:active;kind:mobile;idcode:1547
FabFarm,51.2673910958233,6.79276750490726,Am Grenzgraben 36,40468,Dusseldorf,DE,http://fabfarm.net,https://www.fablabs.io/labs/fabfarm,3d-printing;cnc;electronics;laser;precision-milling;vinyl-cutting,high,source:fablabs.io;status:planned;kind:fab_lab;idcode:660
GarageLab Dusseldorf,51.2277425,6.800367199999999,Birkenstrae 23,40233,Dusseldorf,DE,http://garage-lab.de,https://www.fablabs.io/labs/garagelabduesseldorf,3d-printing;cnc;laser,high,source:fablabs.io;status:active;kind:fab_lab;idcode:746
IOX LAB,51.2155489,6.750755799999979,Speditionsstrae 15a c/o STARTPLATZ,40221,Dusseldorf,DE,http://www.ioxlab.de,https://www.fablabs.io/labs/ioxlab,3d-printing;electronics;laser,high,source:fablabs.io;status:unknown;kind:mini_fab_lab;idcode:1029
matrixFabLab,51.2269505,6.888755799999999,Dusseldorfer Strae 16 40699 Erkrath Rittergut Haus Morp,40699,Erkrath by Dusseldorf,DE,http://matrix-fablab.de,https://www.fablabs.io/labs/matrixFabLab,3d-printing;cnc;electronics;laser;precision-milling;vinyl-cutting,high,source:fablabs.io;status:planned;kind:fab_lab;idcode:2745
FAU FabLab,49.57420749639611,11.02986154603271,Erwin-Rommel-Strae 60,91058,Erlangen,DE,https://fablab.fau.de,https://www.fablabs.io/labs/faufablab,3d-printing;cnc;electronics;laser;precision-milling;vinyl-cutting,high,source:fablabs.io;status:active;kind:fab_lab;idcode:29
ZAM,49.5999715,11.0028326,Hauptstr. 65-67,91054,Erlangen,DE,https://zam.haus,https://www.fablabs.io/labs/zam,3d-printing;laser;vinyl-cutting,high,source:fablabs.io;status:active;kind:fab_lab;idcode:2500
3D-DRUCKZENTRUM-RUHR,51.45864556598244,7.014210844180297,Schutzenbahn 19/21,45127,Essen,DE,http://www.3d-druckzentrum-ruhr.de/,https://www.fablabs.io/labs/3ddruckzentrumruhressen,3d-printing;vinyl-cutting,high,source:fablabs.io;status:unknown;kind:fab_lab;idcode:1198
FabLab@HBK-Essen,51.4608071,7.0140153,Viehofer Strae 70,45127,Essen,DE,https://www.hbk-essen.de/,https://www.fablabs.io/labs/fablabessen,3d-printing;cnc;electronics;laser;vinyl-cutting,high,source:fablabs.io;status:planned;kind:fab_lab;idcode:2577
Tatcraft,50.1405301,8.7364417,Gwinnerstrae 42,60388,Frankfurt am Main,DE,https://www.tcnhs.de,https://www.fablabs.io/labs/tatcraft,3d-printing;cnc;laser;precision-milling;vinyl-cutting,high,source:fablabs.io;status:corona;kind:fab_lab;idcode:2589
Fab Lab Region Nurnberg e.V.,49.4376404,10.99246670000002,Schwabacher Strae 512,90763,Furth,DE,http://www.fablab-nuernberg.de,https://www.fablabs.io/labs/fablabnuernberg,3d-printing;electronics;laser;vinyl-cutting,high,source:fablabs.io;status:active;kind:fab_lab;idcode:32
UnternehmerTUM MakerSpace GmbH,48.26863969999999,11.66512950000003,Lichtenbergstrae 6,85748,Garching bei Munchen,DE,https://www.maker-space.de,https://www.fablabs.io/labs/unternehmertummakerspacegmbh,3d-printing;cnc;electronics;laser;precision-milling;vinyl-cutting,high,source:fablabs.io;status:active;kind:fab_lab;idcode:1420
Offene Werkstatt Gilching,48.1089534,11.3005405,Romerstr. 28 Ruckgebaude,82205,Gilching,DE,http://www.offene-werkstatt-gilching.de,https://www.fablabs.io/labs/offenewerkstattgilching,3d-printing;cnc;electronics,high,source:fablabs.io;status:active;kind:fab_lab;idcode:2584
Oberlab,47.7506758,11.7378453,Tolzer Str. 3A,83703,Gmund am Tegernsee,DE,https://oberlab.de,https://www.fablabs.io/labs/oberlab,3d-printing;electronics;laser;vinyl-cutting,high,source:fablabs.io;status:active;kind:mini_fab_lab;idcode:1765
3ddruck,47.79302,12.41298000000006,Hochgernstrae 11,83224,Grassau,DE,,https://www.fablabs.io/labs/3ddruck,3d-printing,high,source:fablabs.io;status:active;kind:mini_fab_lab;idcode:1524
Fab Lab Fabulous St. Pauli,53.5570403,9.96123399999999,Stockmeyerstr. 41/43 Halle 4K,20457,Hamburg,DE,http://www.fablab-hamburg.org,https://www.fablabs.io/labs/fabulousstpauli,3d-printing;cnc;electronics;laser;vinyl-cutting,high,source:fablabs.io;status:active;kind:fab_lab;idcode:30
FabLab@TUHH,53.46529,9.984699999999975,Harburger Schlossstrae 28 Channel 4,21079,Hamburg,DE,http://www.tuhh.de/fablab/,https://www.fablabs.io/labs/fablabtuhh,3d-printing;electronics;laser,high,source:fablabs.io;status:unknown;kind:fab_lab;idcode:1244
HoFaLab,53.5206571,10.0199552,Packersweide 7,20539,Hamburg,DE,http://hofalab.de/,https://www.fablabs.io/labs/hofalab,3d-printing;cnc;laser,high,source:fablabs.io;status:active;kind:fab_lab;idcode:1871
OpenLab Hamburg,53.5688308,10.10738509999999,Holstenhofweg 85,22043,Hamburg,DE,http://openlab-hamburg.de/,https://www.fablabs.io/labs/openlabhamburg,3d-printing;cnc;electronics;laser;precision-milling;vinyl-cutting,high,source:fablabs.io;status:active;kind:fab_lab;idcode:1369
OpenLab Mobile,53.5694221,10.1109731,"Holstenhofweg 85, Hamburg-Wandsbek, Germany",22043,Hamburg,DE,https://openlab.hamburg/de/openlabs/mobile/,https://www.fablabs.io/labs/olm,3d-printing;cnc;laser;vinyl-cutting,high,source:fablabs.io;status:active;kind:mobile;idcode:3042
FabLab Hamm Westfalen,51.6722925,7.807128899999952,Banningstrae 15,59067,Hamm,DE,http://www.fablab-hamm.de,https://www.fablabs.io/labs/hamm,3d-printing;cnc;electronics;laser;precision-milling,high,source:fablabs.io;status:active;kind:fab_lab;idcode:2043
FabLab-Hamm,51.6723043,7.80728529999999,Banningstrae 15,59067,Hamm,DE,https://fablab-hamm.de/,https://www.fablabs.io/labs/fablabhamm,3d-printing;cnc;laser,high,source:fablabs.io;status:planned;kind:fab_lab;idcode:1835
CoMakingSpace,49.40822439999999,8.6466019,Siemensstrae 40,69123,Heidelberg,DE,https://github.com/comakingspace,https://www.fablabs.io/labs/comakingspace,3d-printing;cnc;electronics;laser;precision-milling,high,source:fablabs.io;status:active;kind:fab_lab;idcode:1665
FabLab TU Ilmenau,50.6824797,10.9393519,"Technische Universitat Ilmenau, Kirchhoffbau, 98693 Ilmenau, Deutschland Room: K1087",98693,Ilmenau,DE,https://fablab.tu-ilmenau.de/,https://www.fablabs.io/labs/fablabtuilmenau,3d-printing;cnc;electronics;laser;precision-milling;vinyl-cutting,high,source:fablabs.io;status:active;kind:fab_lab;idcode:2945
FabLab Ingolstadt,48.7609,11.41838000000007,Ingolstadt,,Ingolstadt,DE,http://www.fablab-ingolstadt.de,https://www.fablabs.io/labs/fablabingolstadt,,medium,source:fablabs.io;status:unknown;kind:mini_fab_lab;idcode:1200
brigk Makerspace,48.7766696,11.45967040000005,Schollstrae 8,85055,Ingolstadt,DE,https://www.brigk.digital/makerspace,https://www.fablabs.io/labs/brigkmakerspace,3d-printing;cnc;electronics;laser;precision-milling;vinyl-cutting,high,source:fablabs.io;status:active;kind:fab_lab;idcode:2050
FabLab Kamp-Lintfort,51.49997,6.545330000000035,Hochschule-Rhein Waal (FabLab) Friedrich-Heinrich-Allee 25,47475,Kamp-Lintfort,DE,http://fablab.hochschule-rhein-waal.de,https://www.fablabs.io/labs/fablabkamplintfort,3d-printing;cnc;electronics;laser;precision-milling;vinyl-cutting,high,source:fablabs.io;status:active;kind:fab_lab;idcode:770
"Green FabLab, Kamp-Litfort",51.4980689,6.5488534,"Friedrichstrae 2a, 47475 Kamp-Lintfort Friedrich-Heinrich-Allee 25",47475,Kamp-Lintfort,DE,https://fablab.green/,https://www.fablabs.io/labs/FabLabGreen,3d-printing;cnc;electronics;laser;precision-milling;vinyl-cutting,high,source:fablabs.io;status:active;kind:fab_lab;idcode:2619
FabLab Karlsruhe e.V,49.00455330574985,8.429153823244086,Alter Schlachthof 25a,76131,Karlsruhe,DE,https://fablab-karlsruhe.de,https://www.fablabs.io/labs/fablabkarlsruhe,3d-printing;cnc;electronics;laser;vinyl-cutting,high,source:fablabs.io;status:active;kind:fab_lab;idcode:558
FabLab Allgau,47.709999,10.3204441,FabLab Allgau im Kempodium,87435,Kempten,DE,http://www.fablab-allgaeu.de,https://www.fablabs.io/labs/fablaballgaeu,3d-printing;cnc;laser,high,source:fablabs.io;status:unknown;kind:fab_lab;idcode:419
FabLab.blue,51.7937563,6.1434487,Hochschule Rhein Waal Marie Curie Str 1,47533,Kleve,DE,https://fablab.blue,https://www.fablabs.io/labs/fablabblue,3d-printing;cnc;electronics;laser;precision-milling;vinyl-cutting,high,source:fablabs.io;status:active;kind:fab_lab;idcode:2435
FabLab-Lubeck,53.8348764,10.69744900000001,Maria-Goeppert-Strae 1 MFC I,23562,Lubeck,DE,http://www.fablab-luebeck.de,https://www.fablabs.io/labs/Luebeck,3d-printing;cnc;electronics;laser;precision-milling;vinyl-cutting,high,source:fablabs.io;status:active;kind:fab_lab;idcode:391
Gewerbehof,52.0921482,13.173138,Beelitzer Strae 24,14943,Luckenwalde,DE,https://innohub13.de/regionale_praesenzstellen/praesenzstelle_luckenwalde/,https://www.fablabs.io/labs/Gewerbehof,3d-printing;cnc;electronics;laser;precision-milling;vinyl-cutting,high,source:fablabs.io;status:active;kind:fab_lab;idcode:2382
FabLab Luneburg,53.2311825,10.4044076,Munstermannskamp 1,21335,Luneburg,DE,https://www.fablab-lueneburg.org,https://www.fablabs.io/labs/fablablg,3d-printing;cnc;laser;vinyl-cutting,high,source:fablabs.io;status:active;kind:fab_lab;idcode:2223
FabLab Lunen,51.5912243,7.54800709999995,Lanstroper Strae 6,44534,Lunen,DE,https://www.fablab-luenen.de,https://www.fablabs.io/labs/fablabluenen,3d-printing;cnc;electronics;laser;vinyl-cutting,high,source:fablabs.io;status:active;kind:fab_lab;idcode:685
FabLab Magdeburg,52.14012614829845,11.64281284031983,Universitatsplatz 2 Otto-von-Guericke-University,39106,Magdeburg,DE,http://www.inkubator.ovgu.de/FabLab,https://www.fablabs.io/labs/fablabmagdeburg,3d-printing;cnc;laser,high,source:fablabs.io;status:unknown;kind:fab_lab;idcode:311
Fab Lab Erfindergarden Munchen (Munich),48.1224222,11.5548237,Tumblingerstr. 29 and Zenettistr. 11 (1st floor),80377,Munchen,DE,http://www.erfindergarden.de,https://www.fablabs.io/labs/erfindergarden,3d-printing;electronics;laser;precision-milling;vinyl-cutting,high,source:fablabs.io;status:active;kind:fab_lab;idcode:1247
HEi,48.12885559999999,11.60224619999997,Worthstrae 42,81667,Munchen,DE,http://hei-muenchen.de,https://www.fablabs.io/labs/hei,cnc;precision-milling;vinyl-cutting,high,source:fablabs.io;status:active;kind:fab_lab;idcode:1683
Munich Maker Lab,48.158752,11.55042200000003,Dachauer Str. 112F,80636,Munchen,DE,https://munichmakerlab.de,https://www.fablabs.io/labs/munichmakerlab,3d-printing;cnc;laser;vinyl-cutting,high,source:fablabs.io;status:active;kind:fab_lab;idcode:779
FabLab Munchen e.V.,48.1370918,11.53403979999996,Gollierstrae 70 D,80339,Munich,DE,http://www.fablab-muenchen.de,https://www.fablabs.io/labs/fablabmuc,3d-printing;cnc;electronics;laser;precision-milling;vinyl-cutting,high,source:fablabs.io;status:active;kind:fab_lab;idcode:31
The Beach Lab,48.1351253,11.5819806,Around Europe,,Munich,DE,https://github.com/thebeachlab,https://www.fablabs.io/labs/thebeachlab,3d-printing;cnc;electronics;laser;precision-milling;vinyl-cutting,high,source:fablabs.io;status:active;kind:mobile;idcode:166
UnternehmerTUM MakerSpace,48.15649098634099,11.55172190422973,Freddie Mercury Str 6,,Munich,DE,http://maker-space.de,https://www.fablabs.io/labs/unternehmertummakerspacecolab,3d-printing;cnc;electronics;laser;precision-milling;vinyl-cutting,high,source:fablabs.io;status:active;kind:mini_fab_lab;idcode:3029
FabLab Munster,51.9606649,7.626134699999966,Munster,48155,Munster,DE,http://www.fablab-ms.de,https://www.fablabs.io/labs/fablabmuenster,3d-printing;cnc;electronics;laser;precision-milling;vinyl-cutting,high,source:fablabs.io;status:active;kind:fab_lab;idcode:808
FabLab Neuenstadt,49.23718239999999,9.3361199,Ohringer Str. 24,74196,Neuenstadt am Kocher,DE,http://www.fablab-neuenstadt.de/,https://www.fablabs.io/labs/fablabneuenstadt,3d-printing;cnc;electronics;laser;precision-milling;vinyl-cutting,high,source:fablabs.io;status:active;kind:fab_lab;idcode:1022
FabLab Nuernberger Land,49.5254318,11.3180834,Hauptstrasse 1,91233,Neunkirchen,DE,http://fablab.nueland.de/,https://www.fablabs.io/labs/nueland,3d-printing;electronics;laser;vinyl-cutting,high,source:fablabs.io;status:unknown;kind:fab_lab;idcode:957
FabLab NuLand,49.5581659,11.3412278,FabLab NuLand Hauptstrae 1,91233,Neunkirchen am Sand,DE,http://www.nueland.de,https://www.fablabs.io/labs/fablabnland,3d-printing;laser;vinyl-cutting,high,source:fablabs.io;status:unknown;kind:fab_lab;idcode:860
FabLab Paderborn e.V.,51.7163103,8.776626399999941,Schulze-Delitzsch-Strasse 16,33100,Paderborn,DE,http://www.fablab-paderborn.de,https://www.fablabs.io/labs/fablabpaderborn,3d-printing;cnc;electronics;laser;precision-milling;vinyl-cutting,high,source:fablabs.io;status:unknown;kind:fab_lab;idcode:337
MachBar potsdam,52.3941887,13.07269099999996,Potsdam Friedrich-Engels-Strasse 22,14473,Potsdam,DE,http://www.machbar-potsdam.de,https://www.fablabs.io/labs/machbarpotsdam,3d-printing;cnc;electronics;laser;precision-milling;vinyl-cutting,high,source:fablabs.io;status:active;kind:fab_lab;idcode:207
Fablab Regensburg,48.99805,12.13103999999998,Grunewaldstrae 5,93053,Regensburg,DE,http://www.fablab-regensburg.de,https://www.fablabs.io/labs/fablabregensburg,3d-printing;laser;vinyl-cutting,high,source:fablabs.io;status:unknown;kind:fab_lab;idcode:426
FabLab Rendsburg,54.3002,9.67043000000001,Herrenstrae 30,24768,Rendsburg,DE,http://www.bbz-nok.de/de/news1/77-schulprogramm/379.html,https://www.fablabs.io/labs/rendsburg,3d-printing;cnc;precision-milling,high,source:fablabs.io;status:unknown;kind:fab_lab;idcode:1225
FabLab Region Rothenburg o.d.T. e.V.,49.3783523,10.17804820000003,Deutschherrngasse 1,91541,Rothenburg ob der Tauber,DE,https://fablab-rothenburg.de,https://www.fablabs.io/labs/fablabrothenburg,3d-printing;cnc;electronics;laser;precision-milling;vinyl-cutting,high,source:fablabs.io;status:active;kind:fab_lab;idcode:302
Fab Lab Siegen,50.8760158,8.0219067,"Sandstr. 26, 1.OG",57072,Siegen,DE,https://fablab-siegen.de,https://www.fablabs.io/labs/fablabsiegen,3d-printing;cnc;electronics;laser;precision-milling;vinyl-cutting,high,source:fablabs.io;status:active;kind:fab_lab;idcode:493
MakerPort,54.3145234,13.0960388,Wassertrae 68,18439,Stralsund,DE,https://www.makerport.de/,https://www.fablabs.io/labs/makerportstralsund,3d-printing;cnc,high,source:fablabs.io;status:active;kind:fab_lab;idcode:2939
FabLab Neckar-Alb,48.5158512,9.062818500000049,Tubingen Walter-Simon-Str. 14,72072,Tubingen,DE,http://www.fablab-neckar-alb.org,https://www.fablabs.io/labs/fablabneckaralb,3d-printing;cnc;laser;precision-milling;vinyl-cutting,high,source:fablabs.io;status:unknown;kind:fab_lab;idcode:645
FabLab Landkreis Furth e.V.,49.51109,10.87988999999993,Siegelsdorfer Str. 24,90587,Veitsbronn,DE,https://web.facebook.com/FabLabFranken/,https://www.fablabs.io/labs/fablabfuerth,3d-printing;cnc;electronics;laser;vinyl-cutting,high,source:fablabs.io;status:active;kind:fab_lab;idcode:1826
ViNN:Lab Makerspace at TH Wildau,52.31893090000001,13.62890170000003,"Hochschulring 1 Building 16A, Room 2095",15745,Wildau,DE,https://www.th-wildau.de/vinnlab,https://www.fablabs.io/labs/vinnlab,3d-printing;cnc;laser;vinyl-cutting,high,source:fablabs.io;status:active;kind:fab_lab;idcode:251
StartUpYard Wismar,53.8892793,11.4471013,Philipp-Muller-Strae 14,23966,Wismar,DE,https://www.hs-wismar.de/startupyard,https://www.fablabs.io/labs/startupyard,3d-printing;cnc;electronics;laser;vinyl-cutting,high,source:fablabs.io;status:active;kind:fab_lab;idcode:2864
42Wolfsburg FabLab,52.4267625,10.7895275,Porschestrae 2c,38440,Wolfsburg,DE,,https://www.fablabs.io/labs/42WolfsburgFabLab,3d-printing;laser;vinyl-cutting,high,source:fablabs.io;status:active;kind:mini_fab_lab;idcode:2471
/dev/tal e.V.,51.26659,7.144999999999982,Mirker Strae 48,42105,Wuppertal,DE,http://www.devtal.de,https://www.fablabs.io/labs/devtal,3d-printing;laser;vinyl-cutting,high,source:fablabs.io;status:unknown;kind:fab_lab;idcode:708
Utopiawerkstadt,51.2668725,7.145386899999949,Mirker Str. 48 Erdgeschoss,42105,Wuppertal,DE,http://devtal.de,https://www.fablabs.io/labs/utopiawerkstadt,3d-printing;laser;vinyl-cutting,high,source:fablabs.io;status:unknown;kind:mini_fab_lab;idcode:693
FabLab Espace Creatif,11.5391458,43.114056,Universite de Djibouti - Campus de Balbala,1904,-,DJ,https://www.iom.int/news/iom-djiboutis-first-fab-lab-offers-young-migrants-tech-and-support,https://www.fablabs.io/labs/creativespacedjibouti,3d-printing;cnc;laser;vinyl-cutting,high,source:fablabs.io;status:active;kind:fab_lab;idcode:2268
Fablab Nordvest,55.7098568,12.5268761,Ringertoften 2,2400,Copenhagen NV,DK,http://www.fablabnordvest.dk,https://www.fablabs.io/labs/fablabnordvest,3d-printing;cnc;electronics;laser;precision-milling;vinyl-cutting,high,source:fablabs.io;status:active;kind:fab_lab;idcode:528
Space NV,55.7095889,12.52175929999999,Smedetoften 12,2400,Kbenhavn,DK,http://Spacenv.dk,https://www.fablabs.io/labs/spacenv,3d-printing;cnc;laser,high,source:fablabs.io;status:active;kind:fab_lab;idcode:2136
Nielsen,55.6404124,12.538742,Badehavnsgade 42P,2450,Kbenhavn SV,DK,http://betafactory.dk,https://www.fablabs.io/labs/betafactory,3d-printing;cnc;electronics;laser;vinyl-cutting,high,source:fablabs.io;status:active;kind:fab_lab;idcode:2375
FabLab Aeroe,54.8531682,10.5217913,Havnegade 11,5960,Marstal,DK,https://www.motorfabrikkenmarstal.com/,https://www.fablabs.io/labs/fablabaeroe,3d-printing;cnc;electronics;laser;precision-milling,high,source:fablabs.io;status:active;kind:fab_lab;idcode:2202
FabLab Middelfart,55.5048559,9.72925429999998,Viaduktvej 55,5500,Middelfart,DK,https://fablab.middelfart.dk/,https://www.fablabs.io/labs/fablabmiddelfart,3d-printing;cnc;electronics;laser;vinyl-cutting,high,source:fablabs.io;status:active;kind:fab_lab;idcode:1874
Fablab Danmark,55.22409,11.74865899999998,Femvej 3,4700,Nstved,DK,http://fablabdanmark.dk,https://www.fablabs.io/labs/fablabdanmark,3d-printing;cnc;electronics;laser;precision-milling;vinyl-cutting,high,source:fablabs.io;status:active;kind:fab_lab;idcode:465
FabLab Guldborgsund,54.769851,11.87029000000007,Nykbing Falster Kongensgade 43,4800,Nykbing Falster,DK,https://fablabguldborgsund.net/,https://www.fablabs.io/labs/fablabguldborgsund,3d-printing;cnc;electronics;laser;precision-milling;vinyl-cutting,high,source:fablabs.io;status:active;kind:fab_lab;idcode:1741
FabLab UCL,55.4035443,10.37986120000005,Seebladsgade 1,5000,Odense,DK,,https://www.fablabs.io/labs/FablabUCL,3d-printing;cnc;laser;precision-milling;vinyl-cutting,high,source:fablabs.io;status:active;kind:fab_lab;idcode:370
FabLab RUC,55.6526745,12.1396673,Universitetsvej 1 Building 9 & 37,4000,Roskilde,DK,http://fablab.ruc.dk,https://www.fablabs.io/labs/FabLabRUC,3d-printing;cnc;electronics;laser;precision-milling;vinyl-cutting,high,source:fablabs.io;status:active;kind:fab_lab;idcode:719
Fablab Skanderborg,56.0524272,9.949854499999999,Finlandsvej 5,8660,Skanderborg,DK,,https://www.fablabs.io/labs/fablabskanderborg,3d-printing;cnc;electronics;laser;precision-milling;vinyl-cutting,high,source:fablabs.io;status:active;kind:fab_lab;idcode:1873
Copenhagen Fablab,55.66097689999999,12.51840270000002,Valby Kulturhus/ Vrkstedshallerne Copenhagen Fablab,2500,Valgardsvej 4-8/ Julius Andersensvej 1,DK,http://www.kulturvalby.dk/fablab,https://www.fablabs.io/labs/copenhagenfablab,3d-printing;cnc;electronics;laser;precision-milling;vinyl-cutting,high,source:fablabs.io;status:active;kind:fab_lab;idcode:175
FabLab Spinderihallerne,55.7137326,9.530676399999999,Spinderigade 11,7100,Vejle,DK,https://github.com/FabLab-Spinderihallerne,https://www.fablabs.io/labs/fablabspinderihallerne,3d-printing;cnc;electronics;laser;precision-milling;vinyl-cutting,high,source:fablabs.io;status:active;kind:fab_lab;idcode:466
FabLab University of Biskra,34.8453623,5.7479061,"University of Biskra, P.O Box 145",07000,Biskra,DZ,,https://www.fablabs.io/labs/fablabumkb,3d-printing;cnc;electronics;laser,high,source:fablabs.io;status:active;kind:fab_lab;idcode:3161
Fablab Boumerdes University,36.7628467,3.4760366,Incubator Boumerdes University,35000,Boumerdes,DZ,https://www.facebook.com/samir.lecheb.35,https://www.fablabs.io/labs/fablabofboumerdesuniversity,3d-printing;cnc;electronics;laser;precision-milling;vinyl-cutting,high,source:fablabs.io;status:active;kind:fab_lab;idcode:3129
GreenTech Innovation,36.7548125,3.4556875,"Residence Rocher Noir, N: 17",35000,Boumerdes,DZ,,https://www.fablabs.io/labs/fablabgreentech,3d-printing;cnc;laser,high,source:fablabs.io;status:active;kind:fab_lab;idcode:2691
UC2 Smart FabLab,36.3570052,6.639028199999999,Constantine Algeria,25000,Constantine,DZ,,https://www.fablabs.io/labs/uc2smartfablab,3d-printing;electronics,high,source:fablabs.io;status:active;kind:fab_lab;idcode:1620
Algeria Venture,36.7427561,2.9724196,Algeria Venture Parc Dounia Dely Brahim,16000,Dely Brahim,DZ,http://www.aventure.dz,https://www.fablabs.io/labs/algeriaventure,3d-printing;cnc;electronics;precision-milling,high,source:fablabs.io;status:active;kind:fab_lab;idcode:2894
RUBI-FabLab,35.70639479175716,0.5827391448440661,Relizane University,48000,Relizane,DZ,,https://www.fablabs.io/labs/RUBI,3d-printing;cnc;laser;precision-milling;vinyl-cutting,medium,source:fablabs.io;status:planned;kind:fab_lab;idcode:3026
FabLab Indoamerica,-1.2743497,-78.65206309999999,Santa Rosa,,Ambato,EC,,https://www.fablabs.io/labs/fablabindoamrica,3d-printing;cnc;electronics;laser;precision-milling;vinyl-cutting,medium,source:fablabs.io;status:active;kind:fab_lab;idcode:2985
DROT LAB,-2.8963363,-78.9953625,Jose Joaquin de Olmedo Gonzalez Suarez,010104,Cuenca,EC,https://www.facebook.com/DrotEcuador/?ref=bookmarks,https://www.fablabs.io/labs/DROTLAB,3d-printing;electronics;laser;precision-milling;vinyl-cutting,high,source:fablabs.io;status:planned;kind:fab_lab;idcode:1505
FAB LAB UNIVERSIDAD CATOLICA DE CUENCA,-2.8854272,-79.00582450000002,Avenida de las Americas General Torres,,Cuenca,EC,https://www.ucacue.edu.ec/fablab/,https://www.fablabs.io/labs/fablabucacue,3d-printing;cnc;electronics;laser;precision-milling;vinyl-cutting,medium,source:fablabs.io;status:planned;kind:fab_lab;idcode:1876
Industrial FABLab UCUENCA,-2.902333800000001,-79.0051534,Gral. Escandon Campus Balzay,010201,Cuenca,EC,,https://www.fablabs.io/labs/ucuenca,3d-printing;laser;precision-milling;vinyl-cutting,high,source:fablabs.io;status:active;kind:fab_lab;idcode:3021
AsiriLabs,-2.146667851316166,-79.96606879629519,Dentro de Campus ESPOL Prosperina,EC090112,Guayaquil,EC,http://www.asiri.ec ,https://www.fablabs.io/labs/asiri,3d-printing;cnc;laser;precision-milling;vinyl-cutting,high,source:fablabs.io;status:active;kind:fab_lab;idcode:1502
FABLAB UTM,-1.0544602,-80.4516013,Av. Jose Maria Urbina Av. Che Guevara,130105,Portoviejo,EC,https://www.utm.edu.ec/emprendimiento/servicios-emprendimiento/fablab,https://www.fablabs.io/labs/fablabutm,3d-printing;laser,high,source:fablabs.io;status:active;kind:mini_fab_lab;idcode:3114
1Bacteria Fab Lab,-0.2076827,-78.4920186,Quito Jose Tamayo N21-258 y Jeronimo Carrion,170517,Quito,EC,http://www.facebook.com/enpuntolaser,https://www.fablabs.io/labs/BacteriaLab,3d-printing;cnc;electronics;laser;precision-milling;vinyl-cutting,high,source:fablabs.io;status:unknown;kind:fab_lab;idcode:678
CIDIIE,-0.198165400271365,-78.5044078682312,GAtto Sobral y GAspar de Carvajal S/N,170302,Quito,EC,https://www.facebook.com/photo/?fbid=101585872748964&set=a.101168316124053&locale=es_LA,https://www.fablabs.io/labs/cidiie,3d-printing;cnc;laser;precision-milling,high,source:fablabs.io;status:active;kind:fab_lab;idcode:2846
D-Lab USFQ,-0.1951464,-78.4360196,Diego de Robles USFQ,170901,Quito,EC,https://dlab.usfq.edu.ec/,https://www.fablabs.io/labs/usfqdlab,3d-printing;cnc;electronics;laser;vinyl-cutting,high,source:fablabs.io;status:active;kind:mini_fab_lab;idcode:2942
Fab Lab Ecuador,-0.2080407,-78.49121819999999,Jose Tamayo N 21- 258 Jeronimo Carrion,170523,Quito,EC,http://www.fablabecuador.org,https://www.fablabs.io/labs/fablabecuador,3d-printing;cnc;laser;precision-milling;vinyl-cutting,high,source:fablabs.io;status:unknown;kind:fab_lab;idcode:792
FabLab La Metro,-0.2129795,-78.48499939999999,Iberia Ladron de Guevara,,Quito,EC,http://www.lametro.edu.ec,https://www.fablabs.io/labs/fablablametro,3d-printing;cnc;laser;precision-milling;vinyl-cutting,high,source:fablabs.io;status:active;kind:fab_lab;idcode:926
FabLab UDLA,-0.1672623,-78.4726324,"UDLA Granados De los Granados, y esq,",170513,Quito,EC,https://www.udla.edu.ec/facultad-de-arquitectura-y-diseno/fablab/,https://www.fablabs.io/labs/fablabudla,3d-printing;cnc;laser,high,source:fablabs.io;status:active;kind:fab_lab;idcode:2757
FabLab ZOI,-0.1631963,-78.4764345,Av. Shyris Av.Rio Coca,170513,Quito,EC,http://www.zoi.ec,https://www.fablabs.io/labs/fablabzoi,3d-printing;cnc;electronics;laser;precision-milling;vinyl-cutting,high,source:fablabs.io;status:active;kind:fab_lab;idcode:1151
Fablab EPN,-0.2103106,-78.48899689999999,Av. Ladron de Guevara,170525,Quito,EC,https://fablab.epn.edu.ec/,https://www.fablabs.io/labs/fablabepn,3d-printing;cnc;laser;precision-milling,high,source:fablabs.io;status:active;kind:fab_lab;idcode:3123
Mountain Lab,-0.167988,-78.47992590000001,"Isla Floreana e Isla San Cristobal, esquina",170501,Quito,EC,http://www.mountainlab.org,https://www.fablabs.io/labs/mountainlab,3d-printing;cnc;electronics,high,source:fablabs.io;status:planned;kind:mini_fab_lab;idcode:1392
UIDESERV.LAB,-0.246238057016844,-78.47394393167724,"Km. 3 AV. Simon Bolivar, Collacoto",,Quito,EC,,https://www.fablabs.io/labs/fablabUIDE,3d-printing;cnc;laser;precision-milling;vinyl-cutting,medium,source:fablabs.io;status:unknown;kind:fab_lab;idcode:369
ESPOCH-FAB-LAB,-1.6650227,-78.6588786,Riobamba Panamericana Sur Km 1 1/2,060155,Riobamba,EC,http://www.espoch.edu.ec,https://www.fablabs.io/labs/espochfablab,3d-printing;cnc;laser,high,source:fablabs.io;status:active;kind:fab_lab;idcode:2241
FabLab UPEC,0.8056209000000001,-77.7338688,Av. Universitaria Antizana,040102,Tulcan,EC,https://fablab.upec.edu.ec/,https://www.fablabs.io/labs/fablabupec,3d-printing;cnc;electronics;laser;precision-milling;vinyl-cutting,high,source:fablabs.io;status:active;kind:fab_lab;idcode:2940
FabLab YachayTech,0.4196657,-78.1898009,Hacienda San Elhoy Proyecto YACHAY,100160,Urcuqui,EC,https://yachaytech.edu.ec/,https://www.fablabs.io/labs/fablabyachay,3d-printing;cnc;electronics;laser;precision-milling;vinyl-cutting,high,source:fablabs.io;status:active;kind:fab_lab;idcode:946
FabLab Maadi STEM School,29.96365273820433,31.311387299128,Maadi,,-,EG,,https://www.fablabs.io/labs/maadistem,3d-printing;cnc;electronics;laser;precision-milling;vinyl-cutting,medium,source:fablabs.io;status:active;kind:fab_lab;idcode:2054
FabLab Stem School Assuit,27.1965514,31.07648429999995,,0201010382782,Al Hedaya,EG,http://fabacademy.org/,https://www.fablabs.io/labs/stemAssuitfablab,3d-printing;cnc;electronics;laser;precision-milling;vinyl-cutting,high,source:fablabs.io;status:active;kind:fab_lab;idcode:1954
Foundation for Future Production Engineering,31.2198037,29.93165759999999,210 Eldelta St. Sporting Area,,Alexandria,EG,http://www.fp-eg.org,https://www.fablabs.io/labs/fpeg,3d-printing;electronics;laser,medium,source:fablabs.io;status:planned;kind:fab_lab;idcode:724
Karakeeb Makerspace,31.2235346,29.9381932,298 Port Said St,21523,Alexandria,EG,https://fb.com/karakeeb.co,https://www.fablabs.io/labs/karakeeb,3d-printing;laser;vinyl-cutting,high,source:fablabs.io;status:unknown;kind:mini_fab_lab;idcode:1038
icealex,31.2275089,29.96396879999998,Ibrahim Sherif,,Alexandria,EG,http://icealex.com,https://www.fablabs.io/labs/icealex,cnc;electronics;laser,medium,source:fablabs.io;status:unknown;kind:mini_fab_lab;idcode:454
Fab Lab Beni Suef STEM School,29.066135,31.09942100000001,,,Beni Suef,EG,,https://www.fablabs.io/labs/fablabbenisuef,3d-printing;cnc;electronics;laser;precision-milling;vinyl-cutting,medium,source:fablabs.io;status:active;kind:fab_lab;idcode:2055
Fablab Beni Suef,29.0709455,31.1023348,,,Beni Suef,EG,https://www.facebook.com/OfficialFabLabBeniSuef/,https://www.fablabs.io/labs/benisuef18,3d-printing;laser,high,source:fablabs.io;status:active;kind:fab_lab;idcode:2075
Stem Alex Fab Lab,30.9010214,29.55160769999998,Burj Al Arab,00203,Burj Al Arab,EG,,https://www.fablabs.io/labs/stemalexfablab,3d-printing;cnc;electronics;laser;precision-milling;vinyl-cutting,high,source:fablabs.io;status:active;kind:fab_lab;idcode:2056
Fab Lab Egypt,29.9592179,31.25278179999998,Villa 35 - 100 St. - Near Al Horia Square Maadi,,Cairo,EG,http://fablabegypt.com,https://www.fablabs.io/labs/fablabegypt,3d-printing;cnc;electronics;laser;precision-milling;vinyl-cutting,high,source:fablabs.io;status:active;kind:fab_lab;idcode:13
Fab Lab in New Cairo (FLiNC),30.025623,31.45945289999997,"Plot No. 176, Second Sector, 5th District, off El-Teseen st Beside Dusit Thani Hotel, Giza Systems Building",11477,Cairo,EG,,https://www.fablabs.io/labs/fablabnewcairo,3d-printing;cnc;electronics;laser;precision-milling;vinyl-cutting,high,source:fablabs.io;status:active;kind:fab_lab;idcode:895
FabLab on wheels,30.02665143474926,31.46007301967779,"Cairo Giza Systems Plot 176, Second Sector S Teseen Cairo Governorate 11841 Egypt",11841,Cairo,EG,https://www.facebook.com/FabLabOnWheels/,https://www.fablabs.io/labs/fablabonwheels,3d-printing;cnc;electronics;laser;precision-milling;vinyl-cutting,high,source:fablabs.io;status:active;kind:mobile;idcode:2074
icecairo,30.0466563,31.24036990000002,"32 Sabri Abo Alam Street 1st floor, apartment 8, Downtown",11111,Cairo,EG,http://www.icecairo.com,https://www.fablabs.io/labs/icecairo,3d-printing;cnc;laser;precision-milling,high,source:fablabs.io;status:unknown;kind:fab_lab;idcode:290
ElobourFabLab,30.2283182,31.4798657,El Obour City,13752,El Obour City,EG,,https://www.fablabs.io/labs/elobourfablab,3d-printing;cnc;electronics;laser;precision-milling;vinyl-cutting,high,source:fablabs.io;status:active;kind:fab_lab;idcode:2065
Fab Lab Elobour,30.2283408,31.47989480000001,El Obour City,13752,El Obour City,EG,,https://www.fablabs.io/labs/fablabelobour,3d-printing;cnc;electronics;laser;precision-milling;vinyl-cutting,high,source:fablabs.io;status:active;kind:fab_lab;idcode:2066
Kalubya FabLaf,30.2283408,31.47989480000001,El Obour City,11828,El Obour City,EG,,https://www.fablabs.io/labs/kalubyafablab,3d-printing;cnc;electronics;laser;precision-milling;vinyl-cutting,high,source:fablabs.io;status:active;kind:fab_lab;idcode:2071
kalubyaFaLab,30.2283408,31.47989480000001,El Obour City,,El Obour City,EG,,https://www.fablabs.io/labs/fablabkalubya,3d-printing;cnc;electronics;laser;precision-milling;vinyl-cutting,medium,source:fablabs.io;status:active;kind:fab_lab;idcode:2072
Dakahlia fablab,31.4412725,31.53641990000006,/ / /,,Gamasa,EG,,https://www.fablabs.io/labs/Dakahliadakahliafablab,3d-printing;cnc;electronics;laser;precision-milling;vinyl-cutting,medium,source:fablabs.io;status:active;kind:fab_lab;idcode:2038
kfs FAB LAB,31.1061428,30.94071380000003,Kafr El-Shaikh,330115,Kafr El-Shaikh,EG,,https://www.fablabs.io/labs/kfsfablab,3d-printing;cnc;electronics;laser;precision-milling;vinyl-cutting,high,source:fablabs.io;status:active;kind:fab_lab;idcode:1747
FabLabLuxor,25.6877424,32.6395612,Luxor,,Luxor,EG,,https://www.fablabs.io/labs/fablabluxor,3d-printing;cnc;electronics;laser;precision-milling;vinyl-cutting,medium,source:fablabs.io;status:active;kind:fab_lab;idcode:2053
ASSIUT STEM FAB LAB,27.1857515,31.07275189999996,,,Manqabad,EG,,https://www.fablabs.io/labs/assiutstemfablab,3d-printing;cnc;electronics;laser;precision-milling;vinyl-cutting,medium,source:fablabs.io;status:unknown;kind:fab_lab;idcode:1191
Fab Lab Minya,28.10069370310756,30.75261284633484,44 Ragheb Street 44 Ragheb Street,61512,Minya,EG,https://www.facebook.com/FabLabMinya,https://www.fablabs.io/labs/fablabminya,3d-printing;cnc;electronics;laser;precision-milling,high,source:fablabs.io;status:active;kind:mini_fab_lab;idcode:1697
Fab Lab AUC,30.01916118234118,31.49858854364925,"South Teseen, AUC School of Science and Engineering",,New Cairo,EG,https://www.fablabauc.org/,https://www.fablabs.io/labs/fablabauc,3d-printing;laser;precision-milling,high,source:fablabs.io;status:active;kind:fab_lab;idcode:1507
fablab menofia,30.4390852,30.96717590000003,Sirs Al Layyanah,,Sirs Al Layyanah,EG,,https://www.fablabs.io/labs/fablabmenofia,3d-printing;cnc;electronics;laser;precision-milling;vinyl-cutting,medium,source:fablabs.io;status:active;kind:fab_lab;idcode:2052
menofia fablab,30.4390852,30.96717590000003,Sirs Al Layyanah,33511,Sirs Al Layyanah,EG,,https://www.fablabs.io/labs/menofiafablab,3d-printing;cnc;electronics;laser;precision-milling;vinyl-cutting,high,source:fablabs.io;status:active;kind:fab_lab;idcode:1952
FabLab 10Th City,30.2805578,31.76029010000002,"26, Th Of Ramadan City, Ash Sharqiyah, Egypt,",,The 10th of Ramadan,EG,https://www.facebook.com/FabLab10ThCity/,https://www.fablabs.io/labs/fablab10thcity,3d-printing;electronics;laser,medium,source:fablabs.io;status:unknown;kind:fab_lab;idcode:1057
Sharkia FAB LAB,30.7326853,31.71956469999998,Sharkia stem school - Sharkia - Zeraa field,02,Zagazig,EG,,https://www.fablabs.io/labs/SharkiaFABLAB,cnc;laser;precision-milling;vinyl-cutting,high,source:fablabs.io;status:active;kind:fab_lab;idcode:1956
RED SEA STEM,27.2905548,33.73112530000003,- - 13,002065,hurghada,EG,,https://www.fablabs.io/labs/redseafablab,3d-printing;cnc;electronics;laser;precision-milling;vinyl-cutting,high,source:fablabs.io;status:active;kind:fab_lab;idcode:1955
fab lab ismailia,30.62140538070668,32.22886522084355,complex education,,ismailia,EG,,https://www.fablabs.io/labs/fablabismailia,3d-printing;cnc;electronics;laser;precision-milling;vinyl-cutting,medium,source:fablabs.io;status:active;kind:fab_lab;idcode:1953
Gharbiya Fab Lab,30.7709949,31.01834970000004,"Kafr Abou Dawoud, Tanta, Gharbia Governorate, Egypt",31511,tanta - algharbiya - egypt,EG,https://www.facebook.com/fablab.gharbiya,https://www.fablabs.io/labs/gharbiyafablab,3d-printing;cnc;electronics;laser;precision-milling;vinyl-cutting,high,source:fablabs.io;status:active;kind:fab_lab;idcode:1951
FAB DE FAB,40.4935236,-3.875726799999938,Las Rozas de Madrid,,-,ES,http://fabdefab.com/,https://www.fablabs.io/labs/fabdefab,3d-printing;laser;vinyl-cutting,high,source:fablabs.io;status:active;kind:mobile;idcode:1949
FabLab ETSAC Coruna,43.3281241,-8.4089456,"Rua da Fraga, s/n Campus da Zapateira.",15071,A Coruna,ES,https://etsa.udc.es/web/,https://www.fablabs.io/labs/fablabetsac,3d-printing;cnc;electronics;laser;precision-milling;vinyl-cutting,high,source:fablabs.io;status:active;kind:fab_lab;idcode:2968
FAB LAB FOLGUERAVICENT,39.50108960000001,-0.354898999999932,"Avinguda Divi Mestre, 14",46120,Alboraia,ES,http://www.folgueravicent.com,https://www.fablabs.io/labs/fablabfolgueravicent,3d-printing;cnc,high,source:fablabs.io;status:active;kind:fab_lab;idcode:1983
Oceanonaranja FabLab,39.499117,-0.3364559,"Calle Botiguers, 5 Poligono 3",46120,Alboraia,ES,http://www.oceanonaranja/fablab.com,https://www.fablabs.io/labs/oceanonaranjafablab,3d-printing;cnc;electronics;laser;precision-milling;vinyl-cutting,high,source:fablabs.io;status:active;kind:fab_lab;idcode:1434
FabLab Xtrene,38.678593,-6.4194992,"Calle Rafael Alberti, s/n Edificio Zona Joven",06200,Almendralejo,ES,http://www.xtrene.com,https://www.fablabs.io/labs/fablabXtrene,3d-printing;electronics;laser;precision-milling;vinyl-cutting,high,source:fablabs.io;status:active;kind:mini_fab_lab;idcode:1235
Fab Lab Terres de l'Ebre,40.7108488,0.5800839999999421,"Avinguda Sant Carles de la Rapita, 43",43870,Amposta,ES,,https://www.fablabs.io/labs/fablabte,3d-printing;cnc;laser;vinyl-cutting,high,source:fablabs.io;status:active;kind:fab_lab;idcode:1631
LURLAB Ataun,42.97916304953075,-2.181553770114144,San Gregorio auzoa 3 Bikario Etxea eraikina,20211,Ataun,ES,https://www.lurlab.org,https://www.fablabs.io/labs/lurlabataun,3d-printing;cnc;laser;vinyl-cutting,high,source:fablabs.io;status:active;kind:fab_lab;idcode:2749
Fablab Badajoz,38.88418619999999,-7.0030056,Escuela de Ingenierias Industriales,06006,Badajoz,ES,http://www.fablabadajoz.com,https://www.fablabs.io/labs/fablabadajoz,3d-printing;cnc;electronics;laser;precision-milling;vinyl-cutting,high,source:fablabs.io;status:active;kind:fab_lab;idcode:2345
(re)MADE Makerspace Barcelona,41.41723400000001,2.18974,Carrer Espronceda 326 Nave 11,08027,Barcelona,ES,https://www.made-bcn.org,https://www.fablabs.io/labs/mademakerspacebarcelona,3d-printing;electronics;laser,high,source:fablabs.io;status:active;kind:fab_lab;idcode:225
Barcelona Mobility LAB,41.4333839,2.20027779999998,Passatge del Torrent de l'Estadella torrent estadella 56,08030,Barcelona,ES,http://www.barcelona-mobility.com,https://www.fablabs.io/labs/bcnmobility,3d-printing;cnc;vinyl-cutting,high,source:fablabs.io;status:planned;kind:fab_lab;idcode:1490
Fab Lab Barcelona,41.3966593,2.194428700000003,"Carrer de Pujades, 102",08005,Barcelona,ES,http://fablabbcn.org,https://www.fablabs.io/labs/fablabbcn,3d-printing;cnc;electronics;laser;precision-milling;vinyl-cutting,high,source:fablabs.io;status:active;kind:fab_lab;idcode:142
Green Fab Lab,41.4468819,2.130427000000054,Cerdanyola Valldaura,08031,Barcelona,ES,http://www.valldaura.net/,https://www.fablabs.io/labs/greenfablab,3d-printing;cnc;electronics;laser;precision-milling;vinyl-cutting,high,source:fablabs.io;status:active;kind:fab_lab;idcode:141
LSCongres,41.42587899999999,2.182028299999956,"Carrer del Cardenal Tedeschini, 50",08027,Barcelona,ES,,https://www.fablabs.io/labs/lscongres,3d-printing;cnc;electronics;vinyl-cutting,high,source:fablabs.io;status:active;kind:fab_lab;idcode:2164
Makers Zone BCN Coworking,41.3873974,2.168568,"Carrer de la Mare de Deu del Remei, 25",08004,Barcelona,ES,https://mzbcn.es,https://www.fablabs.io/labs/makerszonebarcelona,3d-printing;cnc;laser;vinyl-cutting,high,source:fablabs.io;status:active;kind:fab_lab;idcode:2960
Soko Lab,41.4243501,2.188874199999986,Barcelona C,08027,Barcelona,ES,http://soko.tech,https://www.fablabs.io/labs/sokolab,3d-printing;cnc;electronics;laser;vinyl-cutting,high,source:fablabs.io;status:active;kind:fab_lab;idcode:1074
FabLab USAL,40.3850332,-5.7608358,"Avda. Fernando Ballesteros, num. 2",37700,Bejar - Salamanca,ES,https://fablab.usal.es/actividades/#bejar,https://www.fablabs.io/labs/fablabusalbejar,3d-printing;cnc;electronics;laser;precision-milling;vinyl-cutting,high,source:fablabs.io;status:active;kind:fab_lab;idcode:2795
Bilbao Fab Lab - Espacio Open,43.2691754,-2.9626761,"Deustuibarra, 70A, 1o",48014,Bilbao,ES,https://espacioopen.com/,https://www.fablabs.io/labs/bilbaofablab,3d-printing;laser;vinyl-cutting,high,source:fablabs.io;status:active;kind:fab_lab;idcode:1356
Deusto FabLab,43.2715146,-2.9378078,"Avda. Universidades, 24",48007,Bilbao,ES,http://deusto.es/fablab,https://www.fablabs.io/labs/deustofablab,3d-printing;cnc;electronics;laser;precision-milling;vinyl-cutting,high,source:fablabs.io;status:active;kind:fab_lab;idcode:409
Fab Lab Madrid CEU,40.40016,-3.83506,"Escuela Politecnica Superior , Universidad CEU Campus de Monteprincipe",28925,Boadilla del Monte,ES,https://fablabmadridceu.com,https://www.fablabs.io/labs/fablabmadridceu,3d-printing;cnc;electronics;laser;precision-milling;vinyl-cutting,high,source:fablabs.io;status:corona;kind:fab_lab;idcode:285
FabLab Burgos,42.334564,-3.70779379999999,Calle Doctor Jose Luis Santamaria s/n,09001,Burgos,ES,http://www.fablabburgos.com,https://www.fablabs.io/labs/fablabburgos,3d-printing;precision-milling;vinyl-cutting,high,source:fablabs.io;status:planned;kind:fab_lab;idcode:1379
Smart Open Lab,39.478698,-6.341574899999999,Escuela Politecnica Avd. Universidad s/n,10003,Caceres,ES,http://www.smartopenlab.com,https://www.fablabs.io/labs/smartopenlab,3d-printing;cnc;electronics;laser;precision-milling;vinyl-cutting,high,source:fablabs.io;status:active;kind:fab_lab;idcode:720
Pyrenees Research Laboratory,42.5774755,0.8523545000000461,Toirigo Youth Camp,25528,Caldes de Boi,ES,http://implica.org/,https://www.fablabs.io/labs/pyreneeslab,,medium,source:fablabs.io;status:planned;kind:fab_lab;idcode:1041
SEDI-Cup-ct,37.6017217069246,-0.97947090667651,"Calle sor Francisca Almendariz, s/n",30202,Cartagena,ES,http://www.sedicupct-fablab.upct.es/,https://www.fablabs.io/labs/sedicupct,3d-printing;cnc;electronics;laser;precision-milling;vinyl-cutting,high,source:fablabs.io;status:active;kind:fab_lab;idcode:2191
Fab Lab Castelldefels,41.2760021,1.9887942,"PMT-UPC, RDIT Building of.115 C/Esteve Terradas, 1",08860,Castelldefels,ES,https://www.fablabs.io/labs/Fablabcastelldefels,https://www.fablabs.io/labs/Fablabcastelldefels,3d-printing;cnc;electronics;laser;precision-milling;vinyl-cutting,high,source:fablabs.io;status:active;kind:fab_lab;idcode:810
ESPAITEC FABLAB,39.9935786,-0.07316389999999999,"Edificio ESPAITEC1, Avda Sos Baynat,",12071,Castello de la Plana,ES,https://www.fablab.uji.es,https://www.fablabs.io/labs/espaitecfablab,3d-printing;cnc;laser;precision-milling;vinyl-cutting,high,source:fablabs.io;status:active;kind:fab_lab;idcode:2221
FABLAB CASTELLO,39.9823751,-0.034746000000041,"Placa de Fadrell, 1",12003,Castello de la Plana,ES,https://fablab.easdcastello.org,https://www.fablabs.io/labs/fablabcastello,3d-printing;cnc;laser;vinyl-cutting,high,source:fablabs.io;status:planned;kind:fab_lab;idcode:1972
Madrid Rural Lab Chinchon,40.139286,-3.427587,Calle de los Huertos 36,28370,Chinchon,ES,https://www.aracove.com/madrid-rural-lab-chinchon/,https://www.fablabs.io/labs/madlab,3d-printing;cnc;electronics;laser;vinyl-cutting,high,source:fablabs.io;status:active;kind:fab_lab;idcode:2956
Fab Lab Cordoba,37.8907626,-4.77316129999997,Axerquia Norte,,Cordoba,ES,,https://www.fablabs.io/labs/fablabcordoba,3d-printing;laser;precision-milling;vinyl-cutting,medium,source:fablabs.io;status:active;kind:fab_lab;idcode:485
FabLab Cuenca,40.0675503,-2.1333592,Calle Julio Larranaga 6 Local,16004,Cuenca,ES,http://www.fablabcuenca.com/,https://www.fablabs.io/labs/fablabcuenca,3d-printing;cnc;electronics;laser;precision-milling;vinyl-cutting,high,source:fablabs.io;status:active;kind:fab_lab;idcode:923
Fablab Itinerante,40.0675503,-2.1333592,"Calle Julio Larranaga, No6",16004,Cuenca,ES,https://www.fablabcuenca.com/fablab-itinerante,https://www.fablabs.io/labs/fablabitinerante,3d-printing;cnc;electronics;laser;precision-milling;vinyl-cutting,high,source:fablabs.io;status:active;kind:mobile;idcode:3044
fablabDONOSTIA,43.3119185,-2.010285399999929,"Escuela Tecnica Superior de Arquitectura. Onati plaza, 2",20018,Donostia-San Sebastian,ES,http://www.ehu.eus/ehusfera/fablabdonostia/,https://www.fablabs.io/labs/fablabdonostia,3d-printing;cnc;electronics;laser;precision-milling;vinyl-cutting,high,source:fablabs.io;status:active;kind:fab_lab;idcode:1347
FabLabNomads,36.1112343,-5.7098699,"Oasis NorteSur Carretera Nacional 340, 70KM",11380,Facinas,ES,https://www.facebook.com/fablabnomads,https://www.fablabs.io/labs/FabLabNomads,3d-printing;cnc;electronics;laser;precision-milling;vinyl-cutting,high,source:fablabs.io;status:active;kind:mobile;idcode:2396
Fablab Gijon,43.5082886,-5.690640999999999,"Calle de Benjamin Franklin, 415 3",33211,Gijon,ES,https://www.fablabgijon.es/,https://www.fablabs.io/labs/fablabgijon,3d-printing;cnc;electronics;laser;precision-milling;vinyl-cutting,high,source:fablabs.io;status:active;kind:fab_lab;idcode:2415
fabLAB Asturias,43.5243559,-5.6126434,LABoral Centro de Arte y Creacion Industrial Los Prados 121,33394,Gijon,ES,https://laboralcentrodearte.org/es/recursos/fablab/,https://www.fablabs.io/labs/fablabasturias,3d-printing;cnc;electronics;laser;precision-milling;vinyl-cutting,high,source:fablabs.io;status:active;kind:fab_lab;idcode:70
Bibliomaker Educacion,37.192712,-3.599504899999999,"Facultad de Ciencias de la Educacion, Campus Universitario Cartuja, s/n, 18071 Granada",18071,Granada,ES,https://blogs.ugr.es/makeredu/,https://www.fablabs.io/labs/bibliomaker,3d-printing;electronics,high,source:fablabs.io;status:active;kind:mini_fab_lab;idcode:2737
fablabimagen,37.1955133,-3.626995,"Facultad de Bellas Artes C. Periodista Eugenio Selles, s/n.",18071,Granada,ES,https://bellasartes.ugr.es/facultad/presentacion/aulas-espacios/laboratorio-imagen,https://www.fablabs.io/labs/fablabimagen,3d-printing;cnc;laser;precision-milling;vinyl-cutting,high,source:fablabs.io;status:active;kind:fab_lab;idcode:1694
3DWorld_Huesca,42.1318616,-0.4077765,Alcalde JA Llanas 21 1 D,22004,Huesca,ES,,https://www.fablabs.io/labs/3dworldhuesca,3d-printing,medium,source:fablabs.io;status:planned;kind:mini_fab_lab;idcode:3012
FABLAB UJAEN,37.7872781,-3.775328299999955,Campus Las Lagunillas,23071,Jaen,ES,https://fablab-ujaen.webnode.es/,https://www.fablabs.io/labs/fablabujaen,3d-printing;cnc;electronics;laser;precision-milling;vinyl-cutting,high,source:fablabs.io;status:active;kind:fab_lab;idcode:2061
FabLab Jerez - El Altillo School,36.70516505419118,-6.122736384130803,Calle de Santiago de Chile S/N,11407,Jerez de la Frontera,ES,https://www.fablabjerez.org,https://www.fablabs.io/labs/fablabjerez,3d-printing;cnc;electronics;laser;precision-milling;vinyl-cutting,high,source:fablabs.io;status:active;kind:fab_lab;idcode:1973
Fab Lab Lleida,41.623023,0.6258636000000021,,,Lerida,ES,http://www.fablablleida.org,https://www.fablabs.io/labs/fablablleida,3d-printing;cnc;electronics;laser,medium,source:fablabs.io;status:planned;kind:fab_lab;idcode:776
Fab Lab Extremadura,38.4429436,-6.3604544,Crta. Paraje La Nava s/n,06230,Los Santos de Maimona,ES,,https://www.fablabs.io/labs/fablabextremadura,3d-printing,medium,source:fablabs.io;status:planned;kind:fab_lab;idcode:384
CREALAB,40.4377299,-3.6800531,"Calle de Maria de Molina, 39 Creative Campus",28006,Madrid,ES,https://linktr.ee/crealab_cc?fbclid=PAZXh0bgNhZW0CMTEAAaeGq4fhQlWy2As-KnSlyOxDUu3n9X4wao1pQfigLi3JFxYWCiR7Rd3tdVP2Pw_aem_6o5bdW268m7AsSbCDMrVXg,https://www.fablabs.io/labs/crealabcc,3d-printing;cnc;electronics;laser;precision-milling;vinyl-cutting,high,source:fablabs.io;status:active;kind:fab_lab;idcode:3098
Fab Lab ESNE,40.457057,-3.667512999999985,"Av. de Alfonso XIII, 97",28016,Madrid,ES,http://www.esne.es,https://www.fablabs.io/labs/fablabesne,3d-printing;cnc;electronics;laser;precision-milling;vinyl-cutting,high,source:fablabs.io;status:planned;kind:fab_lab;idcode:1405
Fab Lab IE University Madrid,40.4767085,-3.687918,"P.o de la Castellana, 259",28029,Madrid,ES,https://www.ie.edu/school-architecture-design/,https://www.fablabs.io/labs/fablabieuniversitymadrid,3d-printing;cnc;electronics;laser;precision-milling;vinyl-cutting,high,source:fablabs.io;status:active;kind:fab_lab;idcode:2534
Fab Lab IED Madrid,40.3905831,-3.729061300000012,Av Pedro Diez 3,28019,Madrid,ES,https://fablab.iedmadrid.com/,https://www.fablabs.io/labs/fablabiedmadrid,3d-printing;cnc;electronics;laser;precision-milling;vinyl-cutting,high,source:fablabs.io;status:active;kind:fab_lab;idcode:839
FabLab CIEC,40.4037187,-3.6146749,"Calle del Prat, 59 Vicalvaro",28032,Madrid,ES,https://ciecmadrid.es/fablab-ciec-madrid/,https://www.fablabs.io/labs/fablabciec,3d-printing;cnc;electronics;laser;precision-milling;vinyl-cutting,high,source:fablabs.io;status:active;kind:fab_lab;idcode:2814
FabLab ETSIDI Ingenia Madrid,40.4054093,-3.700607900000022,"Ronda de Valencia, 3",28012,Madrid,ES,http://fablabetsidi.com/,https://www.fablabs.io/labs/fablabetsidi,3d-printing;cnc;laser;precision-milling,high,source:fablabs.io;status:active;kind:fab_lab;idcode:1472
FabLab Madrid Medialab-Prado,40.4108729,-3.693564599999945,"Calle Alameda, 15 PLAZA DE LAS LETRAS",28014,Madrid,ES,http://medialab-prado.es/,https://www.fablabs.io/labs/fablabmadridmedialabprado,3d-printing;cnc;laser;vinyl-cutting,high,source:fablabs.io;status:unknown;kind:fab_lab;idcode:385
FabLab Nebrija,40.4532836,-3.719026999999982,Calle Pirineos 55,28040,Madrid,ES,https://www.nebrija.com/,https://www.fablabs.io/labs/fablabnebrija,3d-printing;cnc;electronics;laser;precision-milling;vinyl-cutting,high,source:fablabs.io;status:active;kind:fab_lab;idcode:1725
LAB-LOB,40.3476253,-3.696268900000001,Calle Chimbo 12,28025,Madrid,ES,http://www.lab-lob.com,https://www.fablabs.io/labs/lablob,3d-printing;cnc;electronics;laser;precision-milling,high,source:fablabs.io;status:active;kind:fab_lab;idcode:1387
MakETSII Fablab Madrid,40.4405949,-3.689626399999952,"Jose Gutierrez Abascal, 2",28006,Madrid,ES,http://fablab.etsii.upm.es/,https://www.fablabs.io/labs/maketsiifablabmadrid,3d-printing;cnc;laser;vinyl-cutting,high,source:fablabs.io;status:planned;kind:mini_fab_lab;idcode:1975
Makespace Madrid,40.4617181,-3.7043596,Calle Ruiz Palacios 7,28039,Madrid,ES,http://makespacemadrid.org,https://www.fablabs.io/labs/makespacemadrid,3d-printing;cnc;electronics;laser;precision-milling;vinyl-cutting,high,source:fablabs.io;status:active;kind:fab_lab;idcode:257
FabLab Malaga,36.7002151,-4.439259799999945,Polo de Contenidos Digitales Malaga - Avenida Sor Teresa Prat 15 -29003 Edificio Tabacalera,29003,Malaga,ES,http://fablabmalaga.org,https://www.fablabs.io/labs/fablabmalaga,3d-printing;laser,high,source:fablabs.io;status:active;kind:fab_lab;idcode:1014
FabLab Xnergic,41.5275048,2.433572400000002,c/Tordera,08302,Mataro,ES,http://fablab.xnergic.org,https://www.fablabs.io/labs/fablabxnergic,3d-printing;cnc;laser,high,source:fablabs.io;status:unknown;kind:fab_lab;idcode:1128
FABlab Merida,38.9066761,-6.3391002,"Calle Santa Teresa Jornet, 38, Merida, Espana",06006,Merida,ES,http://fablabmerida.org,https://www.fablabs.io/labs/fablabmeridaESP,3d-printing;cnc;electronics;laser;precision-milling;vinyl-cutting,high,source:fablabs.io;status:active;kind:fab_lab;idcode:3080
Polimake House,37.9852948,-1.1322788,Calle Plateria 6 Piso 2B,30004,Murcia,ES,https://nebulargroup.com/site/murcia-gran-via/,https://www.fablabs.io/labs/polimakehousemurcia,3d-printing;laser,high,source:fablabs.io;status:active;kind:fab_lab;idcode:2682
LURLAB mobile,43.0220383,-2.2720221,Mutiloa Bildua 11 Errotatxo Eraikina,20214,Mutiloa,ES,https://www.lurlab.org/mobile,https://www.fablabs.io/labs/lurlabmobile,3d-printing;cnc;laser;vinyl-cutting,high,source:fablabs.io;status:active;kind:mobile;idcode:2750
FabLab LaMolinera,42.33143274406853,-7.866164373016318,"Calle abrebadeiro, 1",32005,Ourense,ES,http:/www.lamolinera.net,https://www.fablabs.io/labs/fablablamolinera,3d-printing;cnc;electronics;laser;vinyl-cutting,high,source:fablabs.io;status:active;kind:fab_lab;idcode:1678
PiMaker FabLab Oviedo,43.3570594,-5.8714434,"Calle Cat Jose Maria Serrano, 2",33006,Oviedo,ES,https://www.facebook.com/PiMakerOVD/,https://www.fablabs.io/labs/pimakerfablaboviedo,3d-printing;cnc;electronics;laser;precision-milling;vinyl-cutting,high,source:fablabs.io;status:active;kind:fab_lab;idcode:2226
FabLab Mallorca,39.5425326,2.741153499999996,C/ Femenies 18,07013,Palma de Mallorca,ES,http://fablabmallorca.com/,https://www.fablabs.io/labs/fablabmallorca,3d-printing;cnc;laser;vinyl-cutting,high,source:fablabs.io;status:active;kind:fab_lab;idcode:1663
FabLab Universidad de Navarra,42.7993065,-1.6572559,School of Architecture Campus Universitario. Universidad de Navarra,31009,Pamplona,ES,https://www.unav.edu/web/arch-lab/fablab,https://www.fablabs.io/labs/fablabunav,3d-printing;cnc;electronics;laser;precision-milling;vinyl-cutting,high,source:fablabs.io;status:active;kind:fab_lab;idcode:2730
Fab Lab Ponferrada,42.5486362,-6.605484,"Calle Alcalde, C. Juan Garcia Arias, 9",24402,Ponferrada,ES,https://fablab.ponferrada.org,https://www.fablabs.io/labs/fablabponferrada,3d-printing;cnc;electronics;laser;vinyl-cutting,high,source:fablabs.io;status:active;kind:fab_lab;idcode:3007
FabLabUPM,40.407728,-3.835064999999986,Campus de Montegancedo Edificio C.A.I.T.,28223,Pozuelo,ES,http://www.fablabupm.com,https://www.fablabs.io/labs/fablabupm,3d-printing;cnc;electronics;laser;precision-milling;vinyl-cutting,high,source:fablabs.io;status:unknown;kind:fab_lab;idcode:498
FabLab CNH2,38.7012237,-4.11486519999994,"Prolongacion Fernando el Santo, s/n",13500,Puertollano,ES,,https://www.fablabs.io/labs/fablabcnh2,3d-printing;cnc;electronics;laser;precision-milling;vinyl-cutting,medium,source:fablabs.io;status:unknown;kind:fab_lab;idcode:1130
Fab Lab FES,42.2102216,2.202976799999987,"Avinguda Eduard Soler, 1",17500,Ripoll,ES,https://fablab.fes.cat/,https://www.fablabs.io/labs/fablabfes,3d-printing;cnc;electronics;laser;precision-milling,high,source:fablabs.io;status:active;kind:fab_lab;idcode:1739
The CoMAKING Space,41.4703854,2.0206259,"Av. Compositor Bizet, 7",08191,Rubi,ES,https://www.comaking.es/,https://www.fablabs.io/labs/comaking,,high,source:fablabs.io;status:active;kind:fab_lab;idcode:2746
FabLab Salamanca,40.9704562,-5.666016000000013,"Isidro Segovia, 13",37007,Salamanca,ES,http://www.fablabsalamanca.org,https://www.fablabs.io/labs/fablabsalamanca,3d-printing;cnc;electronics;laser;precision-milling;vinyl-cutting,high,source:fablabs.io;status:planned;kind:fab_lab;idcode:1421
UPSA Maker Space,40.9635573,-5.666338500000001,Calle Compania 5,37002,Salamanca,ES,https://www.informatica.upsa.es/maker/,https://www.fablabs.io/labs/upsamakerspace,3d-printing;cnc;electronics;laser;precision-milling;vinyl-cutting,high,source:fablabs.io;status:active;kind:fab_lab;idcode:2484
Fab Lab Leon,42.6110761,-5.5978203,"Av. San Ignacio de Loyola, 177",24191,"San Andres del Rabanedo,Leon",ES,http://visitavirtual.fablableon.org/,https://www.fablabs.io/labs/fablableon,3d-printing;cnc;electronics;laser;precision-milling;vinyl-cutting,high,source:fablabs.io;status:active;kind:fab_lab;idcode:72
Fab Lab ULL,28.46465,-16.29889,Calle Radio Aficionados Apartado 456,38320,San Cristobal de La Laguna,ES,http://fablab.webs.ull.es/,https://www.fablabs.io/labs/fablabull,3d-printing;cnc;electronics;laser;vinyl-cutting,high,source:fablabs.io;status:active;kind:fab_lab;idcode:1005
Laboratorio de Artesania Digital,37.8382269,-0.793731799999932,"Avenida de Orihuela, 18A",30740,San Pedro del Pinatar,ES,http://www.laboratoriodeartesaniadigital.com/,https://www.fablabs.io/labs/laboratoriodeartesaniadigital,3d-printing;cnc;electronics;laser;precision-milling;vinyl-cutting,high,source:fablabs.io;status:active;kind:fab_lab;idcode:1391
Fab Lab Alicante,38.3844141,-0.5101795000000491,"Ctra. San Vicente del Raspeig, s/n",03690,San Vicente del Raspeig,ES,http://fablab.ua.es/,https://www.fablabs.io/labs/fablabalicante,3d-printing;cnc;laser,high,source:fablabs.io;status:unknown;kind:fab_lab;idcode:273
Fab Lab Sant Cugat,41.4670863,2.091941700000006,"Avinguda de la Torre Blanca, 57",08172,Sant Cugat del Valles,ES,http://fablabsantcugat.com,https://www.fablabs.io/labs/fablabsantcugat,3d-printing;cnc;electronics;laser;precision-milling;vinyl-cutting,high,source:fablabs.io;status:active;kind:fab_lab;idcode:451
Wood Plane Studio,41.4741299,2.0822075,"Carrer de Sabadell, 32, 08172 Sant Cugat del Valles, Barcelona, Spain",08172,Sant Cugat del Valles,ES,http://www.wood-plane.com,https://www.fablabs.io/labs/woodplanestudio,laser,high,source:fablabs.io;status:active;kind:fab_lab;idcode:3018
Fab Lab Tenerife,28.2558131,-16.62460669999996,,38002,Santa Cruz de Tenerife,ES,http://fablabtenerife.com,https://www.fablabs.io/labs/fablabtenerife,,medium,source:fablabs.io;status:planned;kind:fab_lab;idcode:131
FabLab Santander,43.4587,-3.823830000000043,"Calle Puente Viesgo Entrada al publico por Calle Puente Viesgo, arriba de las escaleras , derecha",39010,Santander,ES,http://www.fablabsantander.org,https://www.fablabs.io/labs/fablabsantander,3d-printing;cnc;laser;precision-milling;vinyl-cutting,high,source:fablabs.io;status:active;kind:fab_lab;idcode:329
Fablab Santiago de Compostela,42.88547,-8.5178999,Santiago de Compostela San Lazaro,15703,Santiago de Compostela,ES,,https://www.fablabs.io/labs/fablabsantiagodecompostela,3d-printing;cnc;electronics;laser;vinyl-cutting,medium,source:fablabs.io;status:planned;kind:fab_lab;idcode:1428
Basque fab Lab ( power by Denokinn),43.3200563,-3.045629200000007,"El Arbol Kalea, 26 48980 Santurtzi Bizkaia",48370,Santurtzi ( Antes Bermeo),ES,http://www.basquefablab.com,https://www.fablabs.io/labs/basquefablab,3d-printing;cnc;electronics;laser;precision-milling;vinyl-cutting,high,source:fablabs.io;status:unknown;kind:fab_lab;idcode:71
FABfab! La fabrica fabulosa,41.975406,2.818456999999966,Carrer Major 53,17840,Sarria de Ter,ES,,https://www.fablabs.io/labs/fablabgirona,3d-printing,high,source:fablabs.io;status:active;kind:fab_lab;idcode:1833
Fab Lab IE University Segovia,40.9511538,-4.1219604,"Plaza de la Trinidad, 3",40001,Segovia,ES,https://www.ie.edu/school-architecture-design/,https://www.fablabs.io/labs/fablabieuniversitysegovia,3d-printing;cnc;electronics;laser;precision-milling;vinyl-cutting,high,source:fablabs.io;status:active;kind:fab_lab;idcode:1905
Fab Lab Sevilla / Escuela Tecnica Superior de Arquitectura Universidad de Sevilla,37.362274,-5.9866796,"Escuela de Arquitectura, Avenida de Reina Mercedes, 2.",41012,Sevilla,ES,http://fablabsevilla.us.es,https://www.fablabs.io/labs/fablabsevilla,3d-printing;cnc;electronics;laser;precision-milling;vinyl-cutting,high,source:fablabs.io;status:active;kind:fab_lab;idcode:73
Ingenio Triana,37.3777244,-6.003693500000054,"Calle Salado, 18",41010,Sevilla,ES,http://www.ingeniotriana.com,https://www.fablabs.io/labs/ingeniotriana,3d-printing;cnc;electronics,high,source:fablabs.io;status:active;kind:mini_fab_lab;idcode:1970
UPCFAB Terrassa,41.56409800000001,2.0223163,"Carrer de Colom 1, Escola d'Enginyeria de Terrassa Edifici TR3-Planta 0",08222,Terrassa,ES,https://upcfabterrassa.upc.edu/ca,https://www.fablabs.io/labs/fablabterrassa,3d-printing;cnc;electronics;laser;precision-milling;vinyl-cutting,high,source:fablabs.io;status:active;kind:fab_lab;idcode:631
Fab Lab Talavera,39.958033,-4.832217899999932,"Talavera de la Raina Plaza del Pan, 11",45600,Toledo,ES,http://www.fablabtoledo.org,https://www.fablabs.io/labs/fablabtalavera,3d-printing;cnc;electronics;laser;precision-milling;vinyl-cutting,high,source:fablabs.io;status:planned;kind:fab_lab;idcode:477
FabLab Toledo,39.9833364,-4.281142700000032,Avenida de los trabajadores 22,45500,Torrijos,ES,http://www.fablabtoledo.org,https://www.fablabs.io/labs/Toledo,3d-printing;cnc;electronics;laser;vinyl-cutting,high,source:fablabs.io;status:planned;kind:fab_lab;idcode:1202
FabLab Valencia,39.4790359,-0.3363328,"Valencia, Camino de Vera, s/n | Edificio 8K | 1o piso Camino de Vera s/n",46022,Valencia,ES,http://fablabvalencia.com,https://www.fablabs.io/labs/fablabvalencia,3d-printing;cnc;laser;precision-milling;vinyl-cutting,high,source:fablabs.io;status:active;kind:fab_lab;idcode:3
Fab Lab ESI Valladolid,41.6355913,-4.729462000000012,Paseo Arco de Ladrillo,47007,Valladolid,ES,http://www.laescueladediseno.com,https://www.fablabs.io/labs/fablabesivalladolid,3d-printing;laser;precision-milling;vinyl-cutting,high,source:fablabs.io;status:planned;kind:fab_lab;idcode:1613
FabLab Level Up Studio,41.6430596,-4.733335799999963,Paseo del Hospital Militar No 25,47007,Valladolid,ES,http://levelupstudio.eu/,https://www.fablabs.io/labs/levelupstudio,3d-printing;cnc;laser,high,source:fablabs.io;status:active;kind:fab_lab;idcode:1843
FabLab Universidad de Valladolid,41.6620271,-4.7067946,"Paseo de Belen, 11 UVaInnova Building, University of Valladolid",47011,Valladolid,ES,https://fundacion.uva.es/innovacion-y-transferencia/fablab-uva/,https://www.fablabs.io/labs/uvalladolid,3d-printing;cnc;laser;precision-milling;vinyl-cutting,high,source:fablabs.io;status:active;kind:fab_lab;idcode:1930
Asociacion Tecnoloxica A Industriosa,42.22929389999999,-8.7078374,Avenida Alcalde Gregorio Espino 38 Entresuelo 3,36205,Vigo,ES,https://aindustriosa.org,https://www.fablabs.io/labs/aindustriosa,3d-printing;cnc;electronics;laser;precision-milling;vinyl-cutting,high,source:fablabs.io;status:active;kind:fab_lab;idcode:2705
Cubo.XYZ,42.2260603,-8.721641399999998,"Av. da Gran Via, 94",36203,Vigo,ES,http://www.cubo.xyz,https://www.fablabs.io/labs/cuboxyz,3d-printing;cnc;electronics;laser;precision-milling;vinyl-cutting,high,source:fablabs.io;status:active;kind:fab_lab;idcode:2261
FabLab Vigo,42.2356602,-8.71553,"Alfonso XIII, 9 Vigo",36201,Vigo,ES,http://www.fablabvigo.org,https://www.fablabs.io/labs/fablabvigo,3d-printing;cnc;electronics;laser;precision-milling;vinyl-cutting,high,source:fablabs.io;status:active;kind:fab_lab;idcode:784
W!LAB,41.3154869,2.014253400000029,"Parc de Can Xic, 1",08840,Viladecans,ES,http://www.viladecans.cat/ca/wlab-4,https://www.fablabs.io/labs/wilab,3d-printing;cnc;laser,high,source:fablabs.io;status:active;kind:mini_fab_lab;idcode:1586
FAB LAB UE,40.3724591,-3.920786,C/ Tajo s/n Urbanizacion El Bosque,28670,Villaviciosa de Odon,ES,https://www.facebook.com/fablabue,https://www.fablabs.io/labs/fablabue,3d-printing;cnc;electronics;laser;precision-milling;vinyl-cutting,high,source:fablabs.io;status:active;kind:fab_lab;idcode:732
PenyaLab,40.2931275,-0.29385830000001,"Arrabal Loreto, 26 baixos",12135,Vistabella del Maestrat,ES,http://www.penyalab.org,https://www.fablabs.io/labs/penyalab,3d-printing;electronics,high,source:fablabs.io;status:active;kind:mini_fab_lab;idcode:2095
Hibrida LAB,42.8392086,-2.6695758,Miguel de Unamuno 1,01006,Vitoria-Gasteiz,ES,https://www.hibridalab.eus/,https://www.fablabs.io/labs/hibridafab,3d-printing;cnc;electronics;laser;precision-milling;vinyl-cutting,high,source:fablabs.io;status:active;kind:fab_lab;idcode:3068
DIC by ITA,41.6819543,-0.8861696,Calle Maria de Luna 7 https://maps.app.goo.gl/qxJiZoU3QDJKBUWy8,50018,Zaragoza,ES,https://dic.ita.es/,https://www.fablabs.io/labs/dicbyitafablab,3d-printing;cnc;electronics;laser;precision-milling;vinyl-cutting,high,source:fablabs.io;status:active;kind:fab_lab;idcode:2957
Fab Lab Zaragoza,41.65885129698352,-0.906888745013475,Avenida de la Ciudad de Soria,50003,Zaragoza,ES,,https://www.fablabs.io/labs/fablabzaragoza,3d-printing;cnc;electronics;laser;precision-milling;vinyl-cutting,medium,source:fablabs.io;status:planned;kind:fab_lab;idcode:956
Laboratorios Cesar,41.6593234,-0.9072287999999841,Avenida Ciudad de Soria n 8,50010,Zaragoza,ES,http://cesaretopia.com,https://www.fablabs.io/labs/laboratorioscesar,3d-printing;cnc;electronics;laser;precision-milling;vinyl-cutting,high,source:fablabs.io;status:unknown;kind:fab_lab;idcode:1310
FabLab Addis,9.0377172,38.75522699999999,Addis Ababa University Piaza,,Addis Ababa,ET,http://www.fablabaddis.org,https://www.fablabs.io/labs/fablabaddis,,medium,source:fablabs.io;status:unknown;kind:fab_lab;idcode:121
Aalto Fablab,60.18898549999999,24.8332643,Aalto Studios Otakaari 7C,02150,Espoo,FI,http://fablab.aalto.fi,https://www.fablabs.io/labs/aaltofablab,3d-printing;cnc;electronics;laser;precision-milling;vinyl-cutting,high,source:fablabs.io;status:active;kind:fab_lab;idcode:14
SalpausFab,61.0000563,25.7040323,"Vipusenkatu 5 A, Lahti, Suomi",15230,Lahti,FI,https://www.salpaus.fi/palvelut/fablab-salpaus/,https://www.fablabs.io/labs/SalpausFab,3d-printing;cnc;electronics;laser;precision-milling;vinyl-cutting,high,source:fablabs.io;status:active;kind:fab_lab;idcode:2862
Fab Lab Oulu,65.0592255,25.46969309999997,"Pentti Kaiteran katu FIN-90014 OULUN YLIOPISTO, FINLAND",90570,OULU,FI,http://www.oulu.fi/fablab/,https://www.fablabs.io/labs/fablaboulu,3d-printing;cnc;electronics;laser;precision-milling;vinyl-cutting,high,source:fablabs.io;status:active;kind:fab_lab;idcode:786
BusinessAsema FabLab,65.00033499999999,25.5107923,Kotkantie 1,90250,Oulu,FI,https://businessasema.com/en/fablab/,https://www.fablabs.io/labs/bafablab,3d-printing;cnc;electronics;laser;precision-milling;vinyl-cutting,high,source:fablabs.io;status:active;kind:fab_lab;idcode:2856
FabLab Koklaamo,65.0263655,25.5340303,Valjastie 19,90650,Oulu,FI,http://www.koklaamo.com,https://www.fablabs.io/labs/fablabkoklaamo,3d-printing;cnc;laser;vinyl-cutting,high,source:fablabs.io;status:active;kind:fab_lab;idcode:2840
"VRKKMO, Yli-Ii",65.367553,25.8200531,Karjalantie 15,91200,Oulu,FI,http://yli-iinkoulu.blogspot.fi/,https://www.fablabs.io/labs/fablabyliii,3d-printing;cnc;electronics;laser;precision-milling;vinyl-cutting,high,source:fablabs.io;status:active;kind:fab_lab;idcode:1454
Fab Lab Raseko,60.4718809,22.0359684,Eeronkuja 4,21200,Raisio,FI,https://www.raseko.fi/fablab,https://www.fablabs.io/labs/fablabraseko,3d-printing;cnc;electronics;laser;precision-milling;vinyl-cutting,high,source:fablabs.io;status:active;kind:fab_lab;idcode:1473
Fablab Tampere University,61.44986389999999,23.8591299,Korkeakoulunkatu 3,33720,Tampere,FI,https://sites.tuni.fi/fablabtampere-en/,https://www.fablabs.io/labs/tutlab,3d-printing;cnc;electronics;laser;precision-milling;vinyl-cutting,high,source:fablabs.io;status:active;kind:fab_lab;idcode:812
Vesala,65.0333983,26.0547669,Valpastie 11,91300,Ylikiiminki,FI,http://www.steaminoulu.fi,https://www.fablabs.io/labs/vesalaschool,3d-printing;cnc;electronics;laser;vinyl-cutting,high,source:fablabs.io;status:active;kind:fab_lab;idcode:1523
Centria Robo3D Lab,64.07371549999999,24.5149564,Vierimaantie 7,84100,Ylivieska,FI,,https://www.fablabs.io/labs/centriarobo3dlab,3d-printing;cnc;electronics;laser;precision-milling,medium,source:fablabs.io;status:planned;kind:fab_lab;idcode:2908
Fab Lab Kambsdalur,62.21970839999999,-6.809845799999948,Dalsvegur 1,FO 530,Fuglafjrur,FO,https://www.facebook.com/pg/Fab-Lab-Kambsdalur-1770862156316943/posts/?ref=page_internal,https://www.fablabs.io/labs/fablabkambsdalur,3d-printing;cnc;electronics;laser;precision-milling;vinyl-cutting,high,source:fablabs.io;status:active;kind:fab_lab;idcode:1721
Fablab Vagur,61.47363739999999,-6.8072189,32 Vagsvegur,900,Vagur,FO,https://fablab.fo/,https://www.fablabs.io/labs/fablabvagur,3d-printing;cnc;electronics;laser;precision-milling;vinyl-cutting,high,source:fablabs.io;status:active;kind:fab_lab;idcode:2188
La Fabrique Amanlis,48.0033603,-1.4750607,1 Rue Jacques de Corbiere,35150,AMANLIS,FR,http://lafabrique-rocheauxfees.fr/,https://www.fablabs.io/labs/LaFabriqueRafCo,3d-printing;cnc;electronics;laser;precision-milling;vinyl-cutting,high,source:fablabs.io;status:active;kind:fab_lab;idcode:1046
La Fabrique Multimedia,50.108275,1.855409,98 route de Doullens,80100,Abbeville,FR,http://mpt-abbeville.fr/la-fabrique-multimedia/,https://www.fablabs.io/labs/lafabriquemultimedia,3d-printing;cnc;laser;vinyl-cutting,high,source:fablabs.io;status:active;kind:fab_lab;idcode:2352
Fab Lab Provence,43.29347600000001,5.389933000000042,Aix-en-Provence,,Aix-en-Provence,FR,http://fablab-provence.com/,https://www.fablabs.io/labs/fablabprovence,3d-printing;cnc;electronics;laser;precision-milling;vinyl-cutting,medium,source:fablabs.io;status:unknown;kind:fab_lab;idcode:260
ICI Thecamp,43.4964045,5.342389700000012,Aix la Duranne 550 rue Denis Papin,13100,Aix-en-Provence,FR,http://makeici.org/icithecamp/,https://www.fablabs.io/labs/icithecamp,3d-printing;electronics;laser,high,source:fablabs.io;status:active;kind:fab_lab;idcode:1548
Laboratoire d'Aix-perimentation et de Bidouille,43.5143078,5.451475999999957,IUT d'Aix-en-Provence 413 Avenue Gaston Berger,13100,Aix-en-Provence,FR,http://www.labaixbidouille.com,https://www.fablabs.io/labs/labaixbidouille,3d-printing;cnc;electronics;laser;precision-milling;vinyl-cutting,high,source:fablabs.io;status:unknown;kind:fab_lab;idcode:228
Fab Lab Ajaccio,41.926479,8.734842,1 Avenue Napoleon 3,20193,Ajaccio,FR,https://instagram.com/fablabajaccio/,https://www.fablabs.io/labs/fablabajaccio,3d-printing;cnc;electronics;laser;precision-milling;vinyl-cutting,high,source:fablabs.io;status:unknown;kind:fab_lab;idcode:874
Albilab,43.920103,2.181444999999939,8 Avenue Pierre-Gilles de Gennes,81000,Albi,FR,http://numerique-albi.fr,https://www.fablabs.io/labs/albilab,3d-printing;cnc;laser;vinyl-cutting,high,source:fablabs.io;status:active;kind:fab_lab;idcode:1106
LAB01,45.9545285,5.34531000000004,48 Rue Gustave Noblemaire,01500,Amberieu-en-Bugey,FR,http://www.lab01.fr/,https://www.fablabs.io/labs/Lab01,3d-printing;cnc;laser;vinyl-cutting,high,source:fablabs.io;status:unknown;kind:fab_lab;idcode:1221
Pep'it Lab,47.4097912,0.986463699999999,22 Place Richelieu (Batiment France services),37400,Amboise,FR,http://www.cc-valdamboise.fr/sortir/pepit-lab-le-numerique-pour-tous/,https://www.fablabs.io/labs/pepitlab,3d-printing;vinyl-cutting,high,source:fablabs.io;status:active;kind:fab_lab;idcode:2987
La Machinerie,49.8921395,2.308718300000009,1B rue de la vallee,80000,Amiens,FR,http://lamachinerie.org,https://www.fablabs.io/labs/lamachinerie,3d-printing;cnc;electronics;laser;precision-milling;vinyl-cutting,high,source:fablabs.io;status:active;kind:fab_lab;idcode:254
ISTIALAB,47.4786118,-0.563716500000055,62 Avenue Notre Dame du Lac Ecole d'ingenieur ISTIA,49000,Angers,FR,http://www.istia.univ-angers.fr/fr/index/istia-interactif/fablab-istia.html,https://www.fablabs.io/labs/istialab,3d-printing;electronics;precision-milling,high,source:fablabs.io;status:active;kind:fab_lab;idcode:1659
IdeationLab,45.9148298,6.1344917,"Annecy 60, avenue de France",74960,Annecy,FR,https://www.ideationlab.fr,https://www.fablabs.io/labs/ideationlab,3d-printing;cnc;electronics;laser;precision-milling;vinyl-cutting,high,source:fablabs.io;status:active;kind:fab_lab;idcode:2330
FabLac,46.3555848,6.426132400000029,2 Rue de la Tiolettaz,74200,Anthy-sur-Leman,FR,https://fablac.fr,https://www.fablabs.io/labs/fablac,3d-printing;electronics;laser;precision-milling;vinyl-cutting,high,source:fablabs.io;status:active;kind:fab_lab;idcode:1580
Antibes NavLab,43.5795563,7.120775,Antibes 3 Boulevard Wilson,06600,Antibes,FR,,https://www.fablabs.io/labs/navlab,,medium,source:fablabs.io;status:active;kind:fab_lab;idcode:212
Fablab Arras,50.297151,2.730398,2 Rue Gustave Eiffel,62000,Arras,FR,http://fablabarras.fr/,https://www.fablabs.io/labs/fablabarras,3d-printing,high,source:fablabs.io;status:unknown;kind:mini_fab_lab;idcode:1255
SIGMAke,45.7576618,3.112996599999974,SIGMAke - SIGMA Clermont Campus des Cezeaux,63178,Aubiere,FR,http://sigmake.jimdo.com/,https://www.fablabs.io/labs/sigmake,3d-printing;cnc;laser;vinyl-cutting,high,source:fablabs.io;status:unknown;kind:fab_lab;idcode:997
la FABrique du Loch,47.6683953,-2.986010800000031,2 place Raoul Dautry,56400,Auray,FR,https://www.lafabriqueduloch.org/,https://www.fablabs.io/labs/lafabriqueduloch,3d-printing;laser;precision-milling;vinyl-cutting,high,source:fablabs.io;status:active;kind:fab_lab;idcode:1087
Fablab de Bellevue,46.97023158701165,4.270934923278787,Autun La pepiniere de bellevue rue du maquis de l'Autunois Morvan,71400,Autun,FR,http://www.grandautunoismorvan.fr/fablab-de-bellevue,https://www.fablabs.io/labs/fablabdebellevue,3d-printing;cnc;laser;vinyl-cutting,high,source:fablabs.io;status:unknown;kind:fab_lab;idcode:1183
Atelier des Beaux Boulons,47.8054064,3.578724599999987,24 Rue des Champoulains,89000,Auxerre,FR,http://beauxboulons.org/,https://www.fablabs.io/labs/beauxboulons,3d-printing;electronics;precision-milling;vinyl-cutting,high,source:fablabs.io;status:unknown;kind:fab_lab;idcode:488
AuxR_Factory,47.79807779999999,3.573834,AuxR_Factory 28 rue Gerot,89000,Auxerre,FR,https://auxrgreenlab.fr/la_factory/,https://www.fablabs.io/labs/auxrfactory,3d-printing;laser;vinyl-cutting,high,source:fablabs.io;status:active;kind:fab_lab;idcode:2962
Avilab // Fablab Avignon,43.9343814,4.801477299999988,14 TER impasse Lescure,84000,Avignon,FR,http://www.avilab.fr,https://www.fablabs.io/labs/AviLab,3d-printing;cnc;electronics;laser;precision-milling;vinyl-cutting,high,source:fablabs.io;status:active;kind:fab_lab;idcode:942
La bricole numerique,47.50532949999999,-0.590612799999999,centre George Brassens,49240,Avrille,FR,https://labricolenumerique.fr/,https://www.fablabs.io/labs/labricolenumrique,3d-printing;laser;vinyl-cutting,high,source:fablabs.io;status:active;kind:mini_fab_lab;idcode:2991
FabLab BEN,44.8029108,-0.546449,19 rue louis geandreau,33300,BORDEAUX,FR,http://bordeaux-ecole-numerique.fr/,https://www.fablabs.io/labs/FabLabBEN,3d-printing;cnc;laser;vinyl-cutting,high,source:fablabs.io;status:active;kind:fab_lab;idcode:1682
CimeLab,44.9011277,6.633770699999999,2 Avenue du General BARBOT ALTIPOLIS,05100,BRIANCON,FR,https://cimelab.fr/,https://www.fablabs.io/labs/cimelab,3d-printing;cnc;laser;vinyl-cutting,high,source:fablabs.io;status:active;kind:fab_lab;idcode:2678
Fab'lab l'Atelier,48.114219,4.3733625,145 Grande Rue de la Resistance,10110,Bar-sur-Seine,FR,https://www.fablab-atelier.fr,https://www.fablabs.io/labs/fablablatelier,3d-printing;cnc;laser;vinyl-cutting,high,source:fablabs.io;status:active;kind:fab_lab;idcode:2227
AgriLab,49.4641028,2.0741084,AgriLab lat 49.4668 long 2.07255,60000,Beauvais,FR,http://agrilab.unilasalle.fr,https://www.fablabs.io/labs/agrilab,3d-printing;cnc;electronics;laser;precision-milling;vinyl-cutting,high,source:fablabs.io;status:active;kind:fab_lab;idcode:1841
FAB LAB PEDAGO,49.4360212,2.077964400000041,"22 Avenue Victor Hugo 22, avenue victor-hugo",60000,Beauvais,FR,http://crdp.ac-amiens.fr/cddpoise/blog_mediatheque/?p=14304,https://www.fablabs.io/labs/fablabpedago,,medium,source:fablabs.io;status:unknown;kind:fab_lab;idcode:566
FRENCHMAKERS,47.2419928,6.007477999999992,17 Rue Xavier Marmier,25000,Besancon,FR,http://www.frenchmakers.com,https://www.fablabs.io/labs/frenchmakers,3d-printing;laser;vinyl-cutting,high,source:fablabs.io;status:unknown;kind:fab_lab;idcode:636
Fablab des Fabriques,47.2193769,5.973885699999983,10 Rue Pablo Picasso,25000,Besancon,FR,http://fablab.grandbesancon.fr,https://www.fablabs.io/labs/fablabdesfabriques,3d-printing;cnc;laser;vinyl-cutting,high,source:fablabs.io;status:active;kind:fab_lab;idcode:1482
Fablab Web-5,43.34648058361947,3.222260956518539,"3, place du 14 juillet IUT de Beziers",34500,Beziers,FR,http://fablab.web-5.org,https://www.fablabs.io/labs/fablabweb5,3d-printing;electronics,high,source:fablabs.io;status:unknown;kind:fab_lab;idcode:359
FabLab Net-IKi,47.14590731174374,5.456181411639363,3 Rue de l'Eglise,39290,Biarne,FR,http://www.fablab-net-iki.org ,https://www.fablabs.io/labs/fablabnetiki,3d-printing;electronics,high,source:fablabs.io;status:unknown;kind:fab_lab;idcode:216
FabLab Robert-Houdin,47.5879436,1.336287900000002,39D Allee des Pins,41000,Blois,FR,http://fablab-robert-houdin.org/,https://www.fablabs.io/labs/roberthoudinfablab,3d-printing;cnc,high,source:fablabs.io;status:unknown;kind:fab_lab;idcode:218
Ecloserie Numerique,48.5612269,0.265222999999991,La Clairiere,61500,Boitron,FR,http://ecloserie-numerique.com/,https://www.fablabs.io/labs/ecloserienumerique,3d-printing;laser;vinyl-cutting,high,source:fablabs.io;status:active;kind:fab_lab;idcode:2114
Cap Sciences FabLab,44.8598034,-0.553996099999949,20 Quai de Bacalan,33300,Bordeaux,FR,,https://www.fablabs.io/labs/capsciencesfablab,3d-printing;laser;vinyl-cutting,medium,source:fablabs.io;status:planned;kind:fab_lab;idcode:483
Fab Lab du 127,44.8577845,-0.560466899999937,"Cap Sciences, 20 Quai de Bacalan",33300,Bordeaux,FR,http://127.cap-sciences.net/#!/,https://www.fablabs.io/labs/fablabdu127degres,3d-printing;cnc;laser;precision-milling;vinyl-cutting,high,source:fablabs.io;status:unknown;kind:fab_lab;idcode:624
Fablab For Education,44.8475911,-0.601039500000069,49 Rue de l'Ecole Normale,33200,Bordeaux,FR,,https://www.fablabs.io/labs/fablabforeducation,3d-printing;cnc;electronics;laser;precision-milling;vinyl-cutting,medium,source:fablabs.io;status:unknown;kind:fab_lab;idcode:1250
Le Nautilus / MicroFolie,50.7333125,1.6005625,4 rue du detroit Espace du Detroit,62200,Boulogne-sur-Mer,FR,,https://www.fablabs.io/labs/lenautilus,3d-printing;laser;vinyl-cutting,high,source:fablabs.io;status:active;kind:mini_fab_lab;idcode:2387
Le_Mazier,46.5856649,3.0585234,19 rue de la republique,03160,Bourbon L'archambault,FR,https://www.bocagenumerique.com,https://www.fablabs.io/labs/lemazier,3d-printing;cnc;laser;vinyl-cutting,high,source:fablabs.io;status:active;kind:mini_fab_lab;idcode:2562
Le Lab,46.2088125,5.2318125,4 allee des brotteaux maison de la culture et de la citoyennete,01000,Bourg en Bresse,FR,https://le-lab.fab-manager.com/#!/,https://www.fablabs.io/labs/lelab,3d-printing;cnc;laser;vinyl-cutting,high,source:fablabs.io;status:active;kind:fab_lab;idcode:2606
Bourges Lab,47.081012,2.398781999999983,Bourges CCI du Cher - Esplanade de l'aeroport,18000,Bourges,FR,http://www.bourgeslab.fr,https://www.fablabs.io/labs/bourgeslab,3d-printing;cnc;electronics;precision-milling;vinyl-cutting,high,source:fablabs.io;status:unknown;kind:fab_lab;idcode:1273
Numerifab,49.2100269,5.377165999999988,3 Place de la Mairie,55100,Bras-sur-Meuse,FR,http://numerifab.jimdo.com/,https://www.fablabs.io/labs/numrifab,3d-printing;cnc;laser;vinyl-cutting,high,source:fablabs.io;status:unknown;kind:fab_lab;idcode:885
Fab Lab des Hautes Terres d'Oc,43.6296174,2.497772499999996,Brassac,81260,Brassac,FR,https://www.facebook.com/Fablaboc/,https://www.fablabs.io/labs/fablaboc,3d-printing;cnc,high,source:fablabs.io;status:planned;kind:fab_lab;idcode:1342
TyFab,48.39841831453472,-4.497241265081777,6 Avenue Victor le Gorgeu,29200,Brest,FR,http://mdl29.net,https://www.fablabs.io/labs/tyfabbrest,3d-printing;electronics;laser;vinyl-cutting,high,source:fablabs.io;status:active;kind:fab_lab;idcode:219
UBO Open Factory,48.39976009999999,-4.4969247,6 Avenue Victor le Gorgeu,29200,Brest,FR,https://uboopenfactory.univ-brest.fr,https://www.fablabs.io/labs/uboopenfactory,3d-printing;cnc;electronics;laser;precision-milling;vinyl-cutting,high,source:fablabs.io;status:active;kind:fab_lab;idcode:2353
FabLab19,45.1548195,1.509037400000011,7 Rue Jules Valles,19100,Brive-la-Gaillarde,FR,https://www.unilim.fr/fablab19/,https://www.fablabs.io/labs/fablab19,3d-printing;cnc;electronics;laser;precision-milling;vinyl-cutting,high,source:fablabs.io;status:active;kind:fab_lab;idcode:1977
Proto204 - SmallLab,48.6992634,2.172440700000038,204 Rue Andre Ampere,91440,Bures-sur-Yvette,FR,http://smalllab.proto204.co/,https://www.fablabs.io/labs/proto204smalllab,3d-printing,high,source:fablabs.io;status:unknown;kind:mini_fab_lab;idcode:1052
le ]ProtoLab[,45.7683976,3.0874298,25 RUE KESSLER,63000,CLERMONT-FERRAND,FR,http://www.esacm.fr,https://www.fablabs.io/labs/leprotolab,3d-printing;laser;vinyl-cutting,high,source:fablabs.io;status:unknown;kind:fab_lab;idcode:633
FabLab du Dome a Caen,49.181016,-0.347539,3 Esplanade Stephane Hessel Le Dome,14000,Caen,FR,http://www.ledome.info,https://www.fablabs.io/labs/fablabcaen,3d-printing;cnc;electronics;laser;precision-milling;vinyl-cutting,high,source:fablabs.io;status:active;kind:fab_lab;idcode:339
LinkFab,44.4475636,1.442913800000042,6 Place Clement Marot,46000,Cahors,FR,http://linkfab.fr/,https://www.fablabs.io/labs/linkfab,3d-printing;cnc;vinyl-cutting,high,source:fablabs.io;status:planned;kind:fab_lab;idcode:1571
Fablab Tiers lieu de Carpentras,44.0548918,5.045954399999999,136 Rue du vieil hopital,84200,Carpentras,FR,https://letierslieudecarpentras.fr/venue/fablab-carpentras/,https://www.fablabs.io/labs/letierslieudecarpentras,3d-printing;cnc;electronics;laser;precision-milling;vinyl-cutting,high,source:fablabs.io;status:active;kind:fab_lab;idcode:1795
Lab Gare Numerique,44.0340534,5.04259669999999,41 Rue Porte de Monteux,84200,Carpentras,FR,http://www.laprovencecreative.fr/la-gare-numerique/le-lab.html,https://www.fablabs.io/labs/labgarenumerique,3d-printing;cnc;electronics;laser;vinyl-cutting,high,source:fablabs.io;status:active;kind:fab_lab;idcode:1704
INNOFAB,43.6220449,2.261586699999952,Avenue Georges Pompidou,81100,Castres,FR,http://www.innofab.fr/,https://www.fablabs.io/labs/innofab,3d-printing,high,source:fablabs.io;status:unknown;kind:fab_lab;idcode:988
La Fabrique Caylus,44.2364488,1.772014300000023,Caylus 6 bis rue du long,82160,Caylus,FR,http://lab-origami.fr,https://www.fablabs.io/labs/lafabriquecaylus,3d-printing;cnc;laser;precision-milling;vinyl-cutting,high,source:fablabs.io;status:active;kind:fab_lab;idcode:1491
Fablab ENSEA,49.0393597,2.0723875,6 Avenue du ponceau,95000,Cergy,FR,,https://www.fablabs.io/labs/fablabensea,3d-printing;cnc;electronics;laser;precision-milling;vinyl-cutting,medium,source:fablabs.io;status:planned;kind:fab_lab;idcode:2895
Fabrik@Boom,44.756615,-0.694388999999999,31 Chemin des Sources,33610,Cestas,FR,http://www.boomerang33.fr/,https://www.fablabs.io/labs/fabrikaboom,3d-printing;cnc,high,source:fablabs.io;status:active;kind:mobile;idcode:2373
Fablab du Chalonnais,46.7886368,4.835363099999995,"141, Avenue Boucicaut dans les ateliers, 2eme porte a gauche",71100,Chalon-sur-Saone,FR,http://fablab-chalon.fr/,https://www.fablabs.io/labs/fablabduchalonnais,3d-printing;cnc;electronics;laser;precision-milling;vinyl-cutting,high,source:fablabs.io;status:active;kind:fab_lab;idcode:1351
Nicephore Labs,46.77641329999999,4.846668300000033,34 Quai Saint-Cosme Allee de la sucrerie,71100,Chalon-sur-Saone,FR,http://www.nicephorelabs.com,https://www.fablabs.io/labs/nicephorelabs,3d-printing;cnc;electronics;laser;precision-milling;vinyl-cutting,high,source:fablabs.io;status:active;kind:fab_lab;idcode:1026
FabLab La Dynamo,45.5902199,5.9205789,24 Avenue Daniel Rops,73000,Chambery,FR,,https://www.fablabs.io/labs/fablabladynamo,3d-printing;electronics;laser;vinyl-cutting,high,source:fablabs.io;status:active;kind:fab_lab;idcode:2270
Le Prototype - EleFab,45.5661686,5.926767599999948,57 Fbg Montmelian,73000,Chambery,FR,http://leprototype.info,https://www.fablabs.io/labs/leprototype,3d-printing;cnc;laser,high,source:fablabs.io;status:active;kind:mini_fab_lab;idcode:1486
FabLab CHAMPAGNOLE,46.7427149,5.922959799999944,Lycee Paul Emile Victor de CHAMPAGNOLE 625 Rue de Gottmadingen 8 rue Marandet Le Pasquier 39300,39300,Champagnole,FR,http://www.netvibes.com/fablabchampagnole ,https://www.fablabs.io/labs/fablabchampagnole,3d-printing,high,source:fablabs.io;status:unknown;kind:fab_lab;idcode:354
Fablab Descartes,48.8377309,2.5869879,2 Rue Alfred Nobel Maison de l'Entreprise Innovante,77420,Champs-sur-Marne,FR,http://www.descartes-devinnov.com,https://www.fablabs.io/labs/fablabdescartes,3d-printing;cnc;laser;precision-milling;vinyl-cutting,high,source:fablabs.io;status:active;kind:fab_lab;idcode:968
LUDyLAB,46.9222584,-0.9626148,2 Rue du Bocage,85500,Chanverrie,FR,https://www.ludylab.fr,https://www.fablabs.io/labs/ludylab,3d-printing;vinyl-cutting,high,source:fablabs.io;status:active;kind:mini_fab_lab;idcode:2107
Fab Lab Chapareillan,45.466688,5.990266699999999,288 Rue de l'epinette,38530,Chapareillan,FR,https://digitalgravity.fr/,https://www.fablabs.io/labs/fablabchapareillan,3d-printing;cnc;electronics;laser;precision-milling;vinyl-cutting,high,source:fablabs.io;status:active;kind:mini_fab_lab;idcode:2959
Smart Materials,49.7397084,4.717862299999979,Boulevard Jean Delautre,08000,Charleville-Mezieres,FR,http://fablab.ifts.net/,https://www.fablabs.io/labs/smartmaterials,3d-printing,high,source:fablabs.io;status:unknown;kind:fab_lab;idcode:351
FAB LAB Chateau Thierry,49.0408992,3.399498799999946,53 rue Paul Doucet,02400,Chateau-Thierry,FR,http://www.fablab02.org,https://www.fablabs.io/labs/fablabchateauthierry,3d-printing;cnc;electronics;laser;precision-milling;vinyl-cutting,high,source:fablabs.io;status:active;kind:fab_lab;idcode:277
BerryLab36,46.81209716798063,1.675165199861112,Allee Jean Vaille,36000,Chateauroux,FR,http://www.berrylab36.org,https://www.fablabs.io/labs/berrylab36,3d-printing;cnc;laser,high,source:fablabs.io;status:unknown;kind:fab_lab;idcode:1123
Le Boc@l - Bricole Locale,47.2170427,-0.7275377999999361,5 Rue de la Gabardiere,49120,Chemille-en-Anjou,FR,http://bocal.csc49.fr,https://www.fablabs.io/labs/lebocal,3d-printing;cnc;laser;precision-milling;vinyl-cutting,high,source:fablabs.io;status:active;kind:fab_lab;idcode:1848
eMode,47.0478641,-0.8684949999999391,20 Rue du Carteron,49300,Cholet,FR,https://www.emode.fr/,https://www.fablabs.io/labs/emode,3d-printing;laser;vinyl-cutting,high,source:fablabs.io;status:active;kind:fab_lab;idcode:2058
Fab Lab Sud31-Val d'Ariege,43.31383599999999,1.531921199999942,10 rue de la Republique,31550,Cintegabelle,FR,http://www.fablab-sud31.fr/,https://www.fablabs.io/labs/fablabsud31,3d-printing;cnc;laser;vinyl-cutting,high,source:fablabs.io;status:active;kind:fab_lab;idcode:652
Fablab Medialab Pays du Clermontois,49.3871636739328,2.399224544860772,59 rue Wenceslas Coutellier,60600,Clermont de l'Oise,FR,https://fablab-clermont.jimdo.com/,https://www.fablabs.io/labs/fablabmedialabpaysduclermontois,3d-printing;vinyl-cutting,high,source:fablabs.io;status:active;kind:fab_lab;idcode:1933
ACoLab,45.79417688820992,3.075603688499427,122 Bd Clementel,63000,Clermont-Ferrand,FR,http://acolab.fr,https://www.fablabs.io/labs/acolab,3d-printing;cnc;electronics;laser;precision-milling;vinyl-cutting,high,source:fablabs.io;status:active;kind:fab_lab;idcode:357
Hall32,45.7910937,3.1050118,32 Rue du Clos Four,63100,Clermont-Ferrand,FR,http://www.hall32.fr,https://www.fablabs.io/labs/hall32,3d-printing;cnc;laser;precision-milling,high,source:fablabs.io;status:active;kind:fab_lab;idcode:2180
Atelier Made in iKi - FabLab Bresse du Jura,46.8030044,5.451857599999999,"Commenailles 5, Place du General Michelin",39140,Commenailles,FR,http://www.madeiniki.org,https://www.fablabs.io/labs/ateliermadeiniki,3d-printing;cnc;laser;precision-milling;vinyl-cutting,high,source:fablabs.io;status:active;kind:fab_lab;idcode:1248
FabLab UTCompiegne,49.40192804939729,2.79558927490234,Compiegne Avenue de Landshut,60200,Compiegne,FR,http://assos.utc.fr/fablab/index.html,https://www.fablabs.io/labs/fablabutcompiegne,3d-printing;cnc;laser,high,source:fablabs.io;status:unknown;kind:fab_lab;idcode:801
Konk Ar Lab,47.8835598,-3.915601399999999,2 Rue des Charmes Dans l'enceinte de l'ecole primaire,29900,Concarneau,FR,https://www.konkarlab.bzh/,https://www.fablabs.io/labs/konkarlab,3d-printing;cnc;laser;vinyl-cutting,high,source:fablabs.io;status:active;kind:fab_lab;idcode:2336
Le Konk Ar Lab,47.8847661,-3.9151589,2 Rue des Charmes Dans l'enceinte de l'ecole primaire,29900,Concarneau,FR,https://www.konkarlab.bzh/,https://www.fablabs.io/labs/lekonkarlab,3d-printing;cnc;laser;vinyl-cutting,high,source:fablabs.io;status:corona;kind:fab_lab;idcode:2374
FABLAB DU PAYS DE CONCHES,48.966613,0.9446313000000001,25 rue Paul Guilbaud,27190,Conches-en-Ouche,FR,https://sites.google.com/view/fablab-pays-de-conches,https://www.fablabs.io/labs/fablabpaysconches,3d-printing;electronics;laser;vinyl-cutting,high,source:fablabs.io;status:active;kind:fab_lab;idcode:2947
Fab Lab Corti,42.309525,9.149270000000001,"Universita di Corsica Pasquale Paoli - Palazzu Naziunale La Citadelle BP 52, 20250 Corte, France",20250,Corti,FR,http://facebook.com/fablabcorti,https://www.fablabs.io/labs/fablabcorti,3d-printing;cnc;laser;vinyl-cutting,high,source:fablabs.io;status:unknown;kind:fab_lab;idcode:902
Fabriques Alternatives,43.6892663,-0.5199144000000611,Coudures,40500,Coudures,FR,http://www.fabriques-alternatives.org,https://www.fablabs.io/labs/fabriquesalternatives,3d-printing;electronics;precision-milling,high,source:fablabs.io;status:planned;kind:mini_fab_lab;idcode:227
DeVinci Fablab,48.8958829,2.236390000000028,12 Avenue Leonard de Vinci,92400,Courbevoie,FR,https://www.devinci.fr/le-pole/le-campus/fablab/,https://www.fablabs.io/labs/devincifablab,3d-printing;cnc;electronics;laser;precision-milling;vinyl-cutting,high,source:fablabs.io;status:active;kind:fab_lab;idcode:1568
8 FabLab Drome,44.72828860000001,5.023554699999977,8 rue courre-commere,26400,Crest,FR,http://www.8fablab.fr,https://www.fablabs.io/labs/8fablabdrome,3d-printing;cnc;electronics;laser;precision-milling;vinyl-cutting,high,source:fablabs.io;status:active;kind:fab_lab;idcode:360
G-LAB,48.5500096,-1.756074399999988,"4, place de la Cathedrale Espace Nominoe",35120,DOL DE BRETAGNE,FR,http://dol-fablab.com,https://www.fablabs.io/labs/glab,3d-printing;cnc;electronics;laser;precision-milling;vinyl-cutting,high,source:fablabs.io;status:active;kind:fab_lab;idcode:2131
Fablab Makeo,43.7204516,-1.0525313,"1, avenue de la gare",40100,Dax,FR,https://pulseo.fr/makeo/,https://www.fablabs.io/labs/makeo,3d-printing;cnc;electronics;laser;precision-milling;vinyl-cutting,high,source:fablabs.io;status:active;kind:fab_lab;idcode:368
Open Edge,48.8059678,6.7129781,"137, rue Alix Napoleon",57260,Dieuze,FR,http://alchimies.eu/open-edge/#FabLivingLab,https://www.fablabs.io/labs/openedge,3d-printing;laser,high,source:fablabs.io;status:active;kind:fab_lab;idcode:343
L'abscisse,47.322047,5.041479999999979,"Dijon 6, impasse Quentin",2100,Dijon,FR,http://fablab.coagul.org,https://www.fablabs.io/labs/lab6,,medium,source:fablabs.io;status:unknown;kind:mini_fab_lab;idcode:928
fablab Kelle FabriK,47.3223509,5.041650000000004,2 avenue Junot,21000,Dijon,FR,https://kellefabrik.wordpress.com/,https://www.fablabs.io/labs/fablabkellefabrik,3d-printing;laser;vinyl-cutting,high,source:fablabs.io;status:unknown;kind:fab_lab;idcode:333
FabLab by Mines Douai,50.367874,3.080601999999999,941 rue Charles Bourseul,59500,Douai,FR,http:// http://fablabby.mines-douai.fr,https://www.fablabs.io/labs/fablabbyminesdouai,3d-printing;cnc;laser;precision-milling,high,source:fablabs.io;status:unknown;kind:fab_lab;idcode:1043
MOD&LAB,43.5344051,6.464996400000018,56 Boulevard des Martyrs de la Resistance,83300,Draguignan,FR,http://www.modlab.fr,https://www.fablabs.io/labs/modlab,3d-printing,high,source:fablabs.io;status:unknown;kind:fab_lab;idcode:727
SparkLab Dunkerque,51.026798,2.369430400000055,17 Rue du Jeu de Mail,59140,Dunkerque,FR,https://www.spark-dunkerque.fr/sparklab-28,https://www.fablabs.io/labs/sparklabdunkerque,3d-printing;cnc;electronics;laser;vinyl-cutting,high,source:fablabs.io;status:active;kind:fab_lab;idcode:1986
Pangloss Labs Fablab,46.2518591,6.1129976,"419 rue Condorcet, Batiment HOTSPOT ZAC Ferney Geneve Innovation",01210,Ferney-Voltaire,FR,http://panglosslabs.org,https://www.fablabs.io/labs/panglosslabs1ferneyvoltaire,3d-printing;cnc;electronics;laser;precision-milling;vinyl-cutting,high,source:fablabs.io;status:active;kind:fab_lab;idcode:834
FabLab du Grand Figeac,44.61004906093552,2.021264563801557,6 Avenue Bernard Fontanges,46100,Figeac,FR,https://mailchi.mp/8f473caa5242/fablabfigeac,https://www.fablabs.io/labs/fablabfigeac,3d-printing;cnc;laser;vinyl-cutting,high,source:fablabs.io;status:active;kind:fab_lab;idcode:2320
Fablab Moebius,48.4049275,2.6963627,42 Rue Saint-Honore,77300,Fontainebleau,FR,http://www.fablab-moebius.org,https://www.fablabs.io/labs/fablabmoebius,3d-printing;cnc;electronics;laser;precision-milling;vinyl-cutting,high,source:fablabs.io;status:active;kind:fab_lab;idcode:471
FougeresLab,48.35006359149105,-1.194283402038536,2 Esplanade Chaussonnieres,35300,Fougeres,FR,http://fougereslab.fr,https://www.fablabs.io/labs/fougereslab,3d-printing;electronics;laser;precision-milling;vinyl-cutting,high,source:fablabs.io;status:active;kind:fab_lab;idcode:1935
FabLab de Graulhet,43.7598613,1.9694754,MJC - Rond-point Rhin et Danube,81300,GRAULHET,FR,,https://www.fablabs.io/labs/fablabdegraulhet,3d-printing;cnc;laser;precision-milling;vinyl-cutting,high,source:fablabs.io;status:active;kind:fab_lab;idcode:2181
Fab'Alpes,44.55951568762116,6.076088738067597,"5 rue Leon Olphe-Gaillard, Gap",05000,Gap,FR,http://www.fabalpes.org,https://www.fablabs.io/labs/fabalpes,3d-printing;cnc;laser;vinyl-cutting,high,source:fablabs.io;status:unknown;kind:fab_lab;idcode:884
FacLab,48.9365,2.303719000000001,Avenue Marcel Paul Allee des Pierres Mayettes,92230,Gennevilliers,FR,http://www.faclab.org,https://www.fablabs.io/labs/faclab,3d-printing;cnc;electronics;laser;precision-milling;vinyl-cutting,high,source:fablabs.io;status:active;kind:fab_lab;idcode:15
FABLAB UPSACLAY,48.7117632,2.1683098,Digiteo Labs Moulon / Batiment 660 4 rue rene Thom,91190,Gif-sur-Yvette,FR,https://fablabdigiscope.universite-paris-saclay.fr/,https://www.fablabs.io/labs/fablabupsaclay,3d-printing;cnc;electronics;laser;precision-milling;vinyl-cutting,high,source:fablabs.io;status:active;kind:fab_lab;idcode:355
La Fabrique Numerique de Gonesse,49.00223422313396,2.422939774343831,17 rue marc sangnier Centre socio-Culturel Marc sangnier,95500,Gonesse,FR,https://www.facebook.com/lafabriquenumerique.gonesse/,https://www.fablabs.io/labs/lafabriquenumeriquedegonesse,3d-printing;laser;vinyl-cutting,high,source:fablabs.io;status:unknown;kind:fab_lab;idcode:1178
TechF@ctory,44.737572,1.384484,20 boulevard des Martyrs,46300,Gourdon,FR,http://www.polenumerique.ccqb.fr,https://www.fablabs.io/labs/techfactory,3d-printing;cnc;laser;vinyl-cutting,high,source:fablabs.io;status:active;kind:fab_lab;idcode:1176
Fablab Coh@bit IUT Bordeaux,44.7908300945351,-0.611331155017069,15 Rue de Naudet,33170,Gradignan,FR,http://www.cohabit.fr/,https://www.fablabs.io/labs/cohabit,3d-printing;cnc;electronics;laser;precision-milling;vinyl-cutting,high,source:fablabs.io;status:unknown;kind:fab_lab;idcode:741
Goldorhack,48.8416945,-1.5643921,466 rue de la parfonterie,50400,Granville,FR,http://www.goldorhack.org,https://www.fablabs.io/labs/goldorhack,3d-printing,high,source:fablabs.io;status:unknown;kind:fab_lab;idcode:935
FuvLab,43.4337271,5.540448599999991,62 Avenue Ferdinand Arnaud,13850,Greasque,FR,http://fuvlab.association-club.mygaloo.fr/PageAssociation-ListeEvenements/,https://www.fablabs.io/labs/fuvlab,3d-printing;cnc;precision-milling;vinyl-cutting,high,source:fablabs.io;status:unknown;kind:mini_fab_lab;idcode:1013
Fab Lab - La Casemate,45.1975644,5.732151499999986,CCSTI Grenoble - La Casemate 2 place Saint Laurent,38000,Grenoble,FR,https://fablab.lacasemate.fr/,https://www.fablabs.io/labs/fablablacasemate,3d-printing;cnc;laser;vinyl-cutting,high,source:fablabs.io;status:active;kind:fab_lab;idcode:16
Fablab open innovation center CEA,45.2009401,5.705426999999999,"17, avenue des Martyrs",38054,Grenoble,FR,https://www.youtube.com/watch?v=zXZbG295pQo,https://www.fablabs.io/labs/fablaboic,3d-printing;cnc;electronics;laser;precision-milling;vinyl-cutting,high,source:fablabs.io;status:planned;kind:fab_lab;idcode:1815
La Machinerie - Regie de quartier Villeneuve-Vo,45.1651898,5.7305607,11 rue des peupliers,38100,Grenoble,FR,https://www.lamachinerie-grenoble.fr/,https://www.fablabs.io/labs/lamachineriegrenoble,3d-printing;laser;vinyl-cutting,high,source:fablabs.io;status:active;kind:fab_lab;idcode:3085
Delta Lab,44.3949986,4.928846600000043,"Maison Milon, le Vialle",84600,Grillon,FR,https://deltalabprototype.wordpress.com/,https://www.fablabs.io/labs/deltalab,3d-printing;cnc;laser;precision-milling;vinyl-cutting,high,source:fablabs.io;status:planned;kind:fab_lab;idcode:1516
Creative Lab,48.7603716,2.08537160000003,Guyancourt 1 place,78280,Guyancourt,FR,,https://www.fablabs.io/labs/creativelab,3d-printing;cnc;laser;precision-milling;vinyl-cutting,medium,source:fablabs.io;status:unknown;kind:fab_lab;idcode:1088
FabLab d'Alsace-Nord,48.816072,7.786017,30 rue du Maire Andre Traband IUT de Haguenau,67500,Haguenau,FR,https://iuthaguenau.unistra.fr/recherches-et-innovation/fablab-alsace-nord/,https://www.fablabs.io/labs/fan,3d-printing;electronics;laser;precision-milling;vinyl-cutting,high,source:fablabs.io;status:active;kind:fab_lab;idcode:2830
La Fabrique Janze,47.9580592,-1.4980106,2 Rue Louis Amoureux,35150,Janze,FR,http://lafabrique-rocheauxfees.fr/,https://www.fablabs.io/labs/lafabriquejanze,3d-printing;cnc;electronics;laser;precision-milling;vinyl-cutting,high,source:fablabs.io;status:active;kind:fab_lab;idcode:2335
Station K,5.1603161,-52.64808,Rue du marche,97310,Kourou,FR,http://www.guyane-connect.org,https://www.fablabs.io/labs/stationk,3d-printing;cnc;electronics;laser,high,source:fablabs.io;status:active;kind:fab_lab;idcode:2278
Le Lieu du Faire,45.3658502,0.8113223999999941,L'ETANG,24800,LEMPZOURS,FR,https://lelieudufaire.fr,https://www.fablabs.io/labs/lelieudufaire,3d-printing,high,source:fablabs.io;status:planned;kind:mini_fab_lab;idcode:1470
Luz'In,45.56391199999999,5.436643999999999,"3, Rue des Muriers",38110,La Tour du Pin,FR,http://www.luzin.net,https://www.fablabs.io/labs/luzin,3d-printing;cnc;laser;precision-milling;vinyl-cutting,high,source:fablabs.io;status:active;kind:fab_lab;idcode:1892
Info@Leze,43.41287212731636,1.388225917443852,2 cours des ravelins,31870,Lagardelle-sur-Leze,FR,http://infoaleze.chez.com,https://www.fablabs.io/labs/infoaleze,3d-printing;electronics;laser;vinyl-cutting,high,source:fablabs.io;status:active;kind:mini_fab_lab;idcode:448
Fablab Lannion - KerNEL,48.7317261,-3.450976399999945,6 rue du 73eme territorial,22300,Lannion,FR,http://fablab-lannion.org,https://www.fablabs.io/labs/fablablannion,3d-printing;cnc;electronics;laser;precision-milling;vinyl-cutting,high,source:fablabs.io;status:active;kind:fab_lab;idcode:243
FabLab Lapalisse,46.2490077,3.635204799999997,26 rue Winston Churchill,03120,Lapalisse,FR,,https://www.fablabs.io/labs/fablablapalisse,,medium,source:fablabs.io;status:active;kind:fab_lab;idcode:1343
La Fabritech,44.912024,4.437339,Poleyrieux 400 route d'Aric industrie,07160,Le Cheylard,FR,https://la-fabritech.fr/,https://www.fablabs.io/labs/lafabritech,3d-printing;cnc;laser;vinyl-cutting,high,source:fablabs.io;status:active;kind:fab_lab;idcode:1396
FabLab-UtoPi,46.8064095,4.4150332,"12, rue de la Fonderie IUT Le Creusot",71200,Le Creusot,FR,https://www.fablab-utopi.org/,https://www.fablabs.io/labs/fablabutopi,3d-printing;cnc;laser;precision-milling;vinyl-cutting,high,source:fablabs.io;status:active;kind:fab_lab;idcode:2883
Lab' du Pensio,45.04080750000001,3.8795281,1 rue du Pensionnat Notre Dame de France,43000,Le Puy en Velay,FR,http://lab-pensio.iut-lepuy.fr/,https://www.fablabs.io/labs/LabDuPenSIO,3d-printing;cnc;laser;precision-milling;vinyl-cutting,high,source:fablabs.io;status:active;kind:fab_lab;idcode:1410
La Bonne Fabrique,45.25948,5.777060000000006,place de l'eglise,38700,Le Sappey-en-Chartreuse,FR,http://labonnefabrique.fr,https://www.fablabs.io/labs/labonnefabrique,3d-printing;cnc;laser,high,source:fablabs.io;status:active;kind:fab_lab;idcode:2194
LH3D Fab Lab,49.4898336,0.1261262,11 quai frissard ISEL,76600,Le havre,FR,http://www.lh3d.fr,https://www.fablabs.io/labs/LH3Dfablab,3d-printing;electronics;laser;vinyl-cutting,high,source:fablabs.io;status:active;kind:fab_lab;idcode:340
FabLab Mobile,48.6814092,2.170998499999996,Mediatheque Francois Mitterrand Esplanade de la Republique,91940,Les Ulis,FR,,https://www.fablabs.io/labs/fablabmobile,3d-printing;cnc;vinyl-cutting,medium,source:fablabs.io;status:unknown;kind:mini_fab_lab;idcode:537
Arize leze Lab,43.2897813,1.3428802,ZA Peyjouan,09210,Lezat sur leze,FR,https://www.arizeleze-entreprendre.fr/,https://www.fablabs.io/labs/ArizeLezeLab,3d-printing;cnc;laser;vinyl-cutting,high,source:fablabs.io;status:active;kind:fab_lab;idcode:1937
FabLAB Arts et Metiers Liancourt,49.329572,2.468128200000023,Liancourt,,Liancourt,FR,http://fablab-am-liancourt.fr/,https://www.fablabs.io/labs/liancourt,3d-printing;cnc;vinyl-cutting,medium,source:fablabs.io;status:unknown;kind:fab_lab;idcode:734
Lib-Lab,44.9106488,-0.2393348,25 avenue de Verdun Maison Graziana,33500,Libourne,FR,https://www.lib-lab.fr/,https://www.fablabs.io/labs/liblab,3d-printing;laser;vinyl-cutting,high,source:fablabs.io;status:active;kind:fab_lab;idcode:3094
SenartLab,48.6136108,2.5383424,34 Points de Vue,77127,Lieusaint,FR,https://www.senartlab.fr/#!,https://www.fablabs.io/labs/senartlab,3d-printing;cnc;electronics;laser;precision-milling,high,source:fablabs.io;status:active;kind:fab_lab;idcode:1771
Fablab Les Usines,46.5156776,0.3364023,La Filature,86240,Liguge,FR,https://lesusines.fr,https://www.fablabs.io/labs/lesusines,3d-printing;cnc;electronics;laser;precision-milling;vinyl-cutting,high,source:fablabs.io;status:active;kind:fab_lab;idcode:1657
QUAILAB,46.52136429999999,0.310543800000004,ZA les Erondieres Batiment 1,86240,Liguge,FR,http://www.quai-lab.com,https://www.fablabs.io/labs/quailab86,3d-printing;electronics,high,source:fablabs.io;status:unknown;kind:fab_lab;idcode:948
LimouziLab,45.8396337,1.267026699999974,2 bis impasse daguerre,87100,Limoges,FR,http://lab.limouzi.org,https://www.fablabs.io/labs/limouzilab,3d-printing;cnc;electronics;laser;precision-milling;vinyl-cutting,high,source:fablabs.io;status:unknown;kind:fab_lab;idcode:288
AciLab,43.055544,2.2126329,7 rue du Cougaing,11300,Limoux,FR,,https://www.fablabs.io/labs/acilab,3d-printing;cnc;laser;vinyl-cutting,high,source:fablabs.io;status:active;kind:fab_lab;idcode:2961
FabLab du Sud Touraine,47.1404742,1.0080938,3 rue de Corbery,37600,Loches,FR,https://fablab.sudtourainenumerique.fr/,https://www.fablabs.io/labs/fablabsudtourainenumerique,3d-printing;laser;vinyl-cutting,high,source:fablabs.io;status:active;kind:fab_lab;idcode:1919
Ledonova Fablab,46.6778279,5.571379900000011,1000 Rue des Gentianes,39000,Lons-le-Saunier,FR,https://www.facebook.com/ledonova/,https://www.fablabs.io/labs/ledonovafablab,3d-printing;laser,high,source:fablabs.io;status:active;kind:mini_fab_lab;idcode:1673
FabLab du Morvan,47.2985221,3.824309599999992,114 Route d'Avallon,58140,Lormes,FR,http://www.nivernaismorvan.net,https://www.fablabs.io/labs/fablabdumorvan,3d-printing;cnc;electronics;vinyl-cutting,high,source:fablabs.io;status:unknown;kind:fab_lab;idcode:964
EPN Fablab Lourmarin,43.7661662,5.36195900000007,Cour Savornin Avenue du Rayol,84160,Lourmarin,FR,http://www.fablab-lourmarin.com/,https://www.fablabs.io/labs/fablablourmarin,3d-printing;cnc;laser;precision-milling;vinyl-cutting,high,source:fablabs.io;status:unknown;kind:fab_lab;idcode:557
La Fruitiere Numerique,43.76347699999999,5.362581999999975,Lourmarin Avenue du 8 Mai,84160,Lourmarin,FR,http://www.fablab-lourmarin.com/,https://www.fablabs.io/labs/fruitierenumerique,3d-printing;cnc;electronics;laser;precision-milling;vinyl-cutting,high,source:fablabs.io;status:unknown;kind:fab_lab;idcode:695
Fablab des 3 Lapins,47.8180577,6.389118400000029,2 Rue Lacepede,70300,Luxeuil-les-Bains,FR,http://fablab3lapins.org,https://www.fablabs.io/labs/fablabdes3lapins,3d-printing;cnc;laser;precision-milling;vinyl-cutting,high,source:fablabs.io;status:active;kind:fab_lab;idcode:1662
Fablab de Luzy,46.7902612,3.9703936,Luzy,58170,Luzy,FR,,https://www.fablabs.io/labs/fablabdeluzy,3d-printing;laser;vinyl-cutting,medium,source:fablabs.io;status:planned;kind:fab_lab;idcode:2303
Eco FabLab MDesign,49.1262692,6.182086000000027,5 place de la Gare,57280,Maizieres Les Metz,FR,http://mdesign.fr,https://www.fablabs.io/labs/MDesign,3d-printing;cnc;electronics;laser;precision-milling;vinyl-cutting,high,source:fablabs.io;status:active;kind:mobile;idcode:855
D'Clic Lab,43.833061,5.782665700000001,10 Rue Arthur Robert 1er etage,04100,Manosque,FR,https://www.dcliclab.fr,https://www.fablabs.io/labs/dcliclab,3d-printing;laser;vinyl-cutting,high,source:fablabs.io;status:active;kind:fab_lab;idcode:1331
Fablafayette,48.989702,1.7101106,"3, rue Traversiere",78200,Mantes la Jolie,FR,,https://www.fablabs.io/labs/fablafayette,3d-printing;cnc;precision-milling,high,source:fablabs.io;status:active;kind:mini_fab_lab;idcode:1927
MarsHackLab,45.1839654,0.6584289000000001,89 Route de Bordeaux,24430,Marsac-sur-l'Isle,FR,https://mars-hack-lab.fr,https://www.fablabs.io/labs/marshacklab,3d-printing;cnc;electronics;laser;vinyl-cutting,high,source:fablabs.io;status:active;kind:fab_lab;idcode:2215
ICI Marseille,43.3263397,5.3664609,77 rue de Lyon,13015,Marseille,FR,http://makeici.org/icimarseille,https://www.fablabs.io/labs/icimarseille,3d-printing;cnc;laser,high,source:fablabs.io;status:active;kind:fab_lab;idcode:1946
La Charbonnerie,43.2989573,5.366231700000071,38 Rue de l'Eveche,13002,Marseille,FR,http://www.lacharbonnerie.com,https://www.fablabs.io/labs/lacharbonnerie,3d-printing;cnc;laser;precision-milling,high,source:fablabs.io;status:unknown;kind:fab_lab;idcode:1048
La Fabulerie,43.2953058,5.383858599999939,4 Rue de la Bibliotheque,13001,Marseille,FR,http://www.lafabulerie.com,https://www.fablabs.io/labs/lafabulerie,3d-printing;cnc;vinyl-cutting,high,source:fablabs.io;status:unknown;kind:mini_fab_lab;idcode:347
Martigues'FabLab,43.4052955,5.0511288,Quai Lucien Toulmond,13500,Martigues,FR,,https://www.fablabs.io/labs/martiguesFabLab,3d-printing;laser;vinyl-cutting,high,source:fablabs.io;status:active;kind:fab_lab;idcode:2348
Piscin'Lab,48.7053026,6.167165299999965,5 Avenue de Metz,54320,Maxeville,FR,https://sites.google.com/view/piscine-petitsdebrouillards/piscinlab,https://www.fablabs.io/labs/piscinlab,3d-printing;electronics;laser,high,source:fablabs.io;status:active;kind:fab_lab;idcode:2193
Lab Top Innovation,43.1326708,0.973469399999999,Mazeres-sur-Salat usine lacroix,31260,Mazeres-sur-Salat,FR,http://labtop.syv.fr/,https://www.fablabs.io/labs/labtopinnovation,3d-printing;laser,high,source:fablabs.io;status:unknown;kind:fab_lab;idcode:1086
Le Beta-Lab,46.2210599,-0.145670399999971,Melle 5 rue du Bourgneuf,79500,Melle,FR,http://labetapi.fr/,https://www.fablabs.io/labs/lebetalab,3d-printing;laser;vinyl-cutting,high,source:fablabs.io;status:active;kind:fab_lab;idcode:1446
Le Fabuleux Laboratoire,49.2281933,2.1295429,1 rue henri poincare,60110,Meru,FR,,https://www.fablabs.io/labs/lefabuleuxlaboratoire,3d-printing;vinyl-cutting,high,source:fablabs.io;status:active;kind:mini_fab_lab;idcode:1677
GraouLab,49.11953339999999,6.1615788,"IUT Metz Ile du Saulcy, Metz, France",57000,Metz,FR,http://graoulab.org,https://www.fablabs.io/labs/graoulab,3d-printing;cnc;laser;precision-milling;vinyl-cutting,high,source:fablabs.io;status:active;kind:fab_lab;idcode:514
MillauLab,44.099136,3.079633999999942,10 Boulevard Sadi Carnot,12100,Millau,FR,https://www.millaulab.fr/,https://www.fablabs.io/labs/Millaulab,3d-printing;cnc;electronics;laser;precision-milling;vinyl-cutting,high,source:fablabs.io;status:active;kind:fab_lab;idcode:1160
FabLab du CESI Rouen,49.4752409,1.0912687,9 rue Andrei Sakharov Parc de La Vatine,76130,Mont-Saint-Aignan,FR,http://corporate.cesi.fr/centre-rouen-mont-st-aignan.asp,https://www.fablabs.io/labs/fablabducesirouen,3d-printing;cnc;laser,high,source:fablabs.io;status:unknown;kind:fab_lab;idcode:969
Convergences26,44.5572699,4.7523806,2 place leopold blanc,26200,Montelimar,FR,https://www.convergences26.fr,https://www.fablabs.io/labs/convergences26,3d-printing;cnc;laser;precision-milling;vinyl-cutting,high,source:fablabs.io;status:active;kind:fab_lab;idcode:2853
Bio-Fab,43.6369394,3.866146800000024,CRBM-IGMM-CPBS - CNRS 1919 Route de Mende,34090,Montpellier,FR,http://www.crbm.cnrs.fr/index.php/fr/news-du-s-e-m/417-bio-fab,https://www.fablabs.io/labs/biofab,3d-printing;precision-milling,high,source:fablabs.io;status:unknown;kind:fab_lab;idcode:386
LABSud Montpellier,43.6150758,3.910484499999938,Hotel d'Entreprise de l'Agglomeration de Montpelllier 120 Allee John Napier,34000,Montpellier,FR,https://labsud.org,https://www.fablabs.io/labs/labsudmontpellier,3d-printing;cnc;electronics;laser;precision-milling;vinyl-cutting,high,source:fablabs.io;status:active;kind:fab_lab;idcode:211
ECODESIGN FAB LAB,48.86931569999999,2.456476400000042,"Montreuil 2 a 20 avenue Allende, MOZINOR",93106,Montreuil,FR,http://www.wedemain.fr/A-Montreuil-un-fab-lab-circulaire-dans-une-usine-verticale_a421.html,https://www.fablabs.io/labs/ecodesignfablab,3d-printing,high,source:fablabs.io;status:unknown;kind:fab_lab;idcode:328
ICI MONTREUIL,48.8587828,2.425945200000001,135 Boulevard Chanzy,93100,Montreuil,FR,http://www.icimontreuil.com,https://www.fablabs.io/labs/icimontreuil,3d-printing;cnc;electronics;laser;precision-milling;vinyl-cutting,high,source:fablabs.io;status:unknown;kind:fab_lab;idcode:575
LabBriq Sociale,48.85298119999999,2.430496199999993,23 Rue Navoiseau,93100,Montreuil,FR,http://www.labriquesociale.fr,https://www.fablabs.io/labs/labbriq,3d-printing;laser;vinyl-cutting,high,source:fablabs.io;status:active;kind:mini_fab_lab;idcode:1625
Pop [lab],48.8642236,2.449593999999933,Maison Populaire 9bis Rue Dombasle,93100,Montreuil,FR,http://poplab.maisonpop.fr,https://www.fablabs.io/labs/poplabmontreuil,3d-printing;cnc;laser;vinyl-cutting,high,source:fablabs.io;status:unknown;kind:fab_lab;idcode:1313
fablab La Verriere,48.8600654,2.4414642,2 places du 19 mars 1962,93100,Montreuil,FR,http://fablab-laverriere.org/,https://www.fablabs.io/labs/laverriere,3d-printing;laser;vinyl-cutting,high,source:fablabs.io;status:active;kind:fab_lab;idcode:2049
Atallier - Fablab Moulins,46.57021640000001,3.32798230000003,43 Cours de Bercy,03000,Moulins,FR,http://www.atallier.eu,https://www.fablabs.io/labs/atallierfablabmoulins,3d-printing;laser,high,source:fablabs.io;status:active;kind:fab_lab;idcode:1569
Atallier Fablab Moulins,46.56993,3.327349700000013,40 Cours de Bercy,03000,Moulins,FR,https://atallier.eu,https://www.fablabs.io/labs/atallier,3d-printing;laser;vinyl-cutting,high,source:fablabs.io;status:active;kind:fab_lab;idcode:1632
LabHIdouille,47.75083900000001,7.335888,30 Rue Francois Spoerry,68100,Mulhouse,FR,https://fablab.labhidouille.fr/#!/,https://www.fablabs.io/labs/labhidouille,3d-printing;cnc;electronics;precision-milling,high,source:fablabs.io;status:planned;kind:mini_fab_lab;idcode:2238
Technistub,47.7618833,7.3594157,2 rue des Flandres Batiment 5.06,68100,Mulhouse,FR,http://www.technistub.org,https://www.fablabs.io/labs/Technistub,3d-printing;cnc;electronics;laser;precision-milling;vinyl-cutting,high,source:fablabs.io;status:active;kind:fab_lab;idcode:268
Fablab Loritz - L'incubateur Loritz'Lab,48.6903046,6.191981699999999,29 Rue des Jardiniers,54000,Nancy,FR,https://wikifab.loritz.fr/,https://www.fablabs.io/labs/fablabloritz,3d-printing;cnc;electronics;laser;precision-milling,high,source:fablabs.io;status:active;kind:fab_lab;idcode:1746
Lorraine Fab Living Lab,48.6937083,6.200007899999946,49 Boulevard d'Austrasie,54000,Nancy,FR,http://www.lf2l.fr,https://www.fablabs.io/labs/lf2l,3d-printing;cnc;electronics;laser;precision-milling;vinyl-cutting,high,source:fablabs.io;status:active;kind:fab_lab;idcode:613
Nybi.cc,48.6936291,6.199185800000009,49 boulevard d'Austrasie,54000,Nancy,FR,http://nybi.cc,https://www.fablabs.io/labs/nybicc,3d-printing;cnc;electronics;laser;precision-milling;vinyl-cutting,high,source:fablabs.io;status:active;kind:fab_lab;idcode:332
Humanlab APAJH 44,47.1878061,-1.5226202,Halles 1 & 2 5 Allee Frida Kahlo 44200 NANTES.,44200,Nantes,FR,,https://www.fablabs.io/labs/humanlabapajh44,3d-printing,high,source:fablabs.io;status:active;kind:fab_lab;idcode:2200
Hyperlien,47.2064074,-1.5594979,Hyperlien HALLES1&2,44200,Nantes,FR,https://hyperlien.net/,https://www.fablabs.io/labs/hyperlien,3d-printing;cnc;electronics;laser;precision-milling;vinyl-cutting,high,source:fablabs.io;status:active;kind:fab_lab;idcode:2937
ICI Nantes,47.2255555,-1.5376241,24 Rue de la Mitrie,44000,Nantes,FR,https://makeici.org/icinantes,https://www.fablabs.io/labs/icinantes,3d-printing;cnc;laser,high,source:fablabs.io;status:active;kind:fab_lab;idcode:2332
PiNG,47.218371,-1.55362100000002,,44000,Nantes,FR,http://fablab.pingbase.net,https://www.fablabs.io/labs/ping,,medium,source:fablabs.io;status:unknown;kind:fab_lab;idcode:17
Fablab du Grand Narbonne,43.1827025,2.978701399999977,30 avenue pompidor,11100,Narbonne,FR,http://entreprendre.legrandnarbonne.com/iness-des-hommes-des-projets/1413-fablab-le-laboratoire-de-fabrication-numerique.html,https://www.fablabs.io/labs/fablabdugrandnarbonne,3d-printing;cnc;laser;precision-milling;vinyl-cutting,high,source:fablabs.io;status:active;kind:fab_lab;idcode:1818
RuralLab,46.744746,0.931697999999983,Rue de l'Ecole,36220,Neons-sur-Creuse,FR,http://www.rurallab.org,https://www.fablabs.io/labs/rurallab,,medium,source:fablabs.io;status:unknown;kind:fab_lab;idcode:220
FabLab de Nimes,43.82116440000001,4.368281,69 Rue Georges Besse,30000,Nimes,FR,https://lefablab.fr/,https://www.fablabs.io/labs/fablabdenimes,3d-printing;cnc;laser;precision-milling;vinyl-cutting,high,source:fablabs.io;status:active;kind:fab_lab;idcode:2298
La fabrik,46.52252599999999,5.612965000000031,04 rue de l'eglise,39270,Orgelet,FR,http://lafabrik-jura.fr,https://www.fablabs.io/labs/lafabrik,3d-printing;cnc;laser;vinyl-cutting,high,source:fablabs.io;status:active;kind:fab_lab;idcode:1667
FabLab Orleanais,47.8442611,1.938959299999965,8 Rue Leonard de Vinci,45100,Orleans,FR,http://www.fablab-orleanais.fr,https://www.fablabs.io/labs/fablaborlanais,3d-printing;cnc;electronics;laser;precision-milling;vinyl-cutting,high,source:fablabs.io;status:unknown;kind:fab_lab;idcode:543
Photonic FabLab,48.7068033,2.17417249999994,Batiment 503 Rue du Belvedere,91400,Orsay,FR,http://bit.ly/ProtoListes,https://www.fablabs.io/labs/photonicfablab,3d-printing;electronics;precision-milling,high,source:fablabs.io;status:unknown;kind:fab_lab;idcode:235
X-Fab,48.71351903905362,2.212477804229706,Avenue Coriolis Palaiseau,91128,Palaiseau,FR,https://polytechnique-entrepreneurship.fr/x-fab-lab/,https://www.fablabs.io/labs/xfab,3d-printing;cnc;electronics;laser;precision-milling;vinyl-cutting,high,source:fablabs.io;status:active;kind:fab_lab;idcode:2154
Humanlab Saint-Pierre,43.525157,3.926015300000017,3 Rue Ginies Mares,34250,Palavas-les-Flots,FR,https://www.facebook.com/HumanlabSP/,https://www.fablabs.io/labs/humanlabsaintpierre,3d-printing;laser;precision-milling,high,source:fablabs.io;status:active;kind:mini_fab_lab;idcode:1850
Carrefour Numerique2,48.895639,2.387655499999937,30 Avenue Corentin Cariou,75019,Paris,FR,http://www.cite-sciences.fr/fr/au-programme/lieux-ressources/carrefour-numerique2/presentation/fab-lab/,https://www.fablabs.io/labs/carrefournumerique,3d-printing;cnc;electronics;laser;precision-milling;vinyl-cutting,high,source:fablabs.io;status:active;kind:fab_lab;idcode:381
ECEmakers,48.8520514,2.2861234,10 rue Sextius Michel,75015,Paris,FR,https://www.facebook.com/projetsece/?notif_t=page_user_activity,https://www.fablabs.io/labs/ECEmakers,3d-printing;cnc;electronics;laser;precision-milling;vinyl-cutting,high,source:fablabs.io;status:active;kind:fab_lab;idcode:960
FabLab_du_Rocher,48.8764481,2.3035808,230 Rue du Faubourg Saint-Honore,75008,Paris,FR,http://www.petitcoursdurocher.com/fablab,https://www.fablabs.io/labs/fablabdurocher,3d-printing;laser;vinyl-cutting,high,source:fablabs.io;status:active;kind:fab_lab;idcode:2331
Fablab Sorbonne Universite,48.8475701,2.356734999999958,Sorbonne University 4 place Jussieu,75005,Paris,FR,http://fablab.sorbonne-universite.fr/,https://www.fablabs.io/labs/fablabsu,3d-printing;cnc;electronics;laser;precision-milling;vinyl-cutting,high,source:fablabs.io;status:active;kind:fab_lab;idcode:1214
HOMEMAKERS,48.8378142,2.304755699999987,35 Rue des Favorites,75015,Paris,FR,https://www.homemakers.fr,https://www.fablabs.io/labs/homemakers,3d-printing;laser;vinyl-cutting,high,source:fablabs.io;status:active;kind:fab_lab;idcode:1567
LOREM 3D FABLAB,48.82741129999999,2.31096100000002,4 Rue des Mariniers,75014,Paris,FR,http://www.lorem.org,https://www.fablabs.io/labs/lorem3dfablab,3d-printing;cnc;laser,high,source:fablabs.io;status:unknown;kind:fab_lab;idcode:1335
Lab86,48.8551607,2.3920183,86 avenue Philippe Auguste,75011,Paris,FR,https://www.ageca.org/lab86-2/,https://www.fablabs.io/labs/Lab86,3d-printing;cnc;laser;precision-milling;vinyl-cutting,high,source:fablabs.io;status:active;kind:mini_fab_lab;idcode:2508
Laminiak,48.8547646,2.3899919,10 Rue de la Petite Pierre,75011,Paris,FR,http://www.les-laminiak.com/,https://www.fablabs.io/labs/laminiak,3d-printing;cnc;electronics;laser;precision-milling;vinyl-cutting,high,source:fablabs.io;status:active;kind:fab_lab;idcode:1541
Le 17 bis,48.8442169,2.312142300000005,17 bis Boulevard Pasteur,75015,Paris,FR,http://www.le17bis.com,https://www.fablabs.io/labs/le17bis,3d-printing;vinyl-cutting,high,source:fablabs.io;status:unknown;kind:mini_fab_lab;idcode:747
Le Petit FabLab de Paris,48.8551859,2.391986299999985,86 Avenue Philippe Auguste,75011,Paris,FR,http://lepetitfablabdeparis.fr,https://www.fablabs.io/labs/lepetitfablabdeparis,3d-printing;laser;vinyl-cutting,high,source:fablabs.io;status:unknown;kind:fab_lab;idcode:206
Nouvelle Fabrique,48.8901712,2.369954799999959,104 Rue d'Aubervilliers,75019,Paris,FR,http://www.nouvellefabrique.fr,https://www.fablabs.io/labs/nouvellefabrique,3d-printing;cnc;precision-milling,high,source:fablabs.io;status:unknown;kind:fab_lab;idcode:356
SimplonLab,48.8604864,2.410773699999936,4 rue Serpollet,75020,Paris,FR,http://fablab.simplon.co/,https://www.fablabs.io/labs/simplonlab,3d-printing;electronics;laser;vinyl-cutting,high,source:fablabs.io;status:active;kind:fab_lab;idcode:1969
Villette Makerz,48.89233231098624,2.388224541772472,211 Avenue Jean Jaures Folie L5 parc de la villette,75019,Paris,FR,http://www.villettemakerz.com,https://www.fablabs.io/labs/villettemakerzbywoma,3d-printing;electronics;laser;vinyl-cutting,high,source:fablabs.io;status:active;kind:fab_lab;idcode:1345
Volumes,48.8793048,2.392107600000031,78 Rue Compans,75019,Paris,FR,http://www.volumesparis.org/makerspace,https://www.fablabs.io/labs/volumes,3d-printing;cnc;laser;precision-milling;vinyl-cutting,high,source:fablabs.io;status:active;kind:fab_lab;idcode:1594
WoMa,48.8878506,2.382752799999934,15 bis Rue Leon Giraud,75019,Paris,FR,https://woma.fr,https://www.fablabs.io/labs/woma,3d-printing;cnc;electronics;laser;precision-milling;vinyl-cutting,high,source:fablabs.io;status:active;kind:fab_lab;idcode:587
La Multiprise,48.1789665,3.2527718,54 Avenue de la Liberte,89100,Paron,FR,http://www.lamultiprise.fr,https://www.fablabs.io/labs/lamultiprise,3d-printing;laser;vinyl-cutting,high,source:fablabs.io;status:active;kind:fab_lab;idcode:2914
Parthlab,46.6466301,-0.249370300000009,5 Rue Jean Mace,79200,Parthenay,FR,http://parthlab.cc-parthenay.fr/,https://www.fablabs.io/labs/parthlab,3d-printing;cnc;laser,high,source:fablabs.io;status:unknown;kind:fab_lab;idcode:352
FabLab Pau,43.2955172,-0.3673913999999741,18 Rue Latapie,64000,Pau,FR,http://www.fablab-pau.org,https://www.fablabs.io/labs/fablabpau,3d-printing;cnc,high,source:fablabs.io;status:unknown;kind:fab_lab;idcode:348
SquaregoLab,42.7200759,2.88711509999996,,66000,Perpignan,FR,http://www.squaregolab.com,https://www.fablabs.io/labs/squaregolab,3d-printing;cnc;electronics;laser;precision-milling;vinyl-cutting,high,source:fablabs.io;status:active;kind:fab_lab;idcode:1083
Mediatheque Les Carmes (Coop fablab),43.69353,5.50371,37 Avenue Marechal Leclerc,84120,Pertuis,FR,https://mediathequelescarmes.ampmetropole.fr/espaces/fablab,https://www.fablabs.io/labs/coopfablabmediathequelescarmes,3d-printing;cnc;laser;vinyl-cutting,high,source:fablabs.io;status:active;kind:fab_lab;idcode:1770
Fablab du pays de Lorient,47.7418063,-3.4073229,4 Rue Galilee Espace TEKNICA,56270,Ploemeur,FR,https://fablab-lorient.bzh/#!/,https://www.fablabs.io/labs/fablablorient,3d-printing;cnc;electronics;laser,high,source:fablabs.io;status:active;kind:fab_lab;idcode:2316
Telefab,48.3579997,-4.570117200000027,655 avenue du technopole,29280,Plouzane,FR,http://telefab.fr,https://www.fablabs.io/labs/telefab,3d-printing;cnc;electronics;laser;vinyl-cutting,high,source:fablabs.io;status:unknown;kind:fab_lab;idcode:580
CAPLAB07,44.7309461,4.5984067,10 Boulevard de Lancelot,07000,Privas,FR,https://caplab07.fr/,https://www.fablabs.io/labs/caplab07centreardecheprivas,3d-printing;cnc;laser;vinyl-cutting,high,source:fablabs.io;status:active;kind:fab_lab;idcode:1902
F@bRiquet,43.5510051,1.488276499999983,10 Avenue de l'Europe Atelier 17-18,31520,Ramonville-Saint-Agne,FR,http://www.fabriquet.fr/web/,https://www.fablabs.io/labs/FabRiquet,3d-printing;cnc;laser;vinyl-cutting,high,source:fablabs.io;status:active;kind:fab_lab;idcode:1636
Atelier des Savoir-Faire,46.423824,5.802944999999999,1 Rue Grande,39170,Ravilloles,FR,https://www.atelierdessavoirfaire.fr/fablab.htm,https://www.fablabs.io/labs/atelierdessavoirfaire,3d-printing;cnc;laser;vinyl-cutting,high,source:fablabs.io;status:active;kind:fab_lab;idcode:3078
Humanlab,48.12585480000001,-1.701287099999945,2 Avenue du Bois Labbe,35000,Rennes,FR,http://myhumankit.org,https://www.fablabs.io/labs/humanlab,3d-printing;laser,high,source:fablabs.io;status:unknown;kind:fab_lab;idcode:1314
LabFab UR1,48.1162384,-1.6415116,"263 Avenue General Leclerc, 35042 Rennes",35042,Rennes,FR,https://twitter.com/LabFab_UR1,https://www.fablabs.io/labs/labfabur1,,medium,source:fablabs.io;status:planned;kind:fab_lab;idcode:1071
LabFab de Rennes,48.1146355,-1.677199900000005,34 Rue Hoche,35000,Rennes,FR,http://labfab.fr,https://www.fablabs.io/labs/labfab,3d-printing;cnc;laser;precision-milling;vinyl-cutting,high,source:fablabs.io;status:active;kind:fab_lab;idcode:18
La Fabrique Retiers,47.9164554,-1.3845337,6 Rue Georges Guynemer,35240,Retiers,FR,http://lafabrique-rocheauxfees.fr/,https://www.fablabs.io/labs/LaFabriqueRetiers,3d-printing;laser;precision-milling;vinyl-cutting,high,source:fablabs.io;status:active;kind:fab_lab;idcode:2590
RIBOLAB,48.1945361,7.3215456,"2, rue de l'Instituteur Ortlieb",68150,Ribeauville,FR,https://www.ribolab.net/,https://www.fablabs.io/labs/ribolab,3d-printing;cnc;electronics;laser;precision-milling,high,source:fablabs.io;status:active;kind:fab_lab;idcode:2313
RuTech FabLab MJC Rodez,44.3532319,2.57828429999995,1 rue Saint-Cyrice.,12000,Rodez,FR,http://rutech.fr/,https://www.fablabs.io/labs/fablabrodez,3d-printing;cnc;electronics;laser;vinyl-cutting,high,source:fablabs.io;status:unknown;kind:fab_lab;idcode:1017
Rutech,44.3532319,2.57828429999995,1 Rue Saint-Cyrice,12000,Rodez,FR,http://mjcrodez.fr/clubs/espace-num%C3%A9rique/142-fablab-mjc-rodez.html,https://www.fablabs.io/labs/rutech,3d-printing;cnc;electronics;laser;vinyl-cutting,high,source:fablabs.io;status:planned;kind:fab_lab;idcode:742
Atelier Numerique Romorantin,47.35521328776223,1.752272506745839,Bat. l'Atelier 3 Rue Jean Monnet,41200,Romorantin-Lanthenay,FR,http://anr.adeti.org,https://www.fablabs.io/labs/ateliernumeriqueromorantin,3d-printing;vinyl-cutting,high,source:fablabs.io;status:unknown;kind:mini_fab_lab;idcode:1156
La Filature 2.0 - Fablab de la Filature,47.7005242,6.638380199999999,20b Rue Paul Strauss Cellule 2,70250,Ronchamp,FR,https://www.lafilaturederonchamp.fr/fr/,https://www.fablabs.io/labs/fablabdelafilature,3d-printing;cnc;laser;vinyl-cutting,high,source:fablabs.io;status:active;kind:fab_lab;idcode:2310
FANLAB,48.8719615,2.4829922,Mail Jean Pierre Timbaud,93110,Rosny-sous-Bois,FR,https://www.rosnysousbois.fr/fabrique-artistique-et-numerique/le-fanlab/,https://www.fablabs.io/labs/fanlab,3d-printing;cnc;laser;vinyl-cutting,high,source:fablabs.io;status:active;kind:fab_lab;idcode:2671
FABLAB Soissons,49.37131970000001,3.307049399999982,"1, Espace Jean GUERLAND",02200,SOISSONS,FR,https://www.facebook.com/fablabsoissons,https://www.fablabs.io/labs/fablabsoissons,3d-printing;cnc;laser;vinyl-cutting,high,source:fablabs.io;status:unknown;kind:fab_lab;idcode:861
FabLab de Carmaux,44.04936499999999,2.13457,Ecole de Fontgrande Pole Culturel ArtAir,81400,ST BENOIT DE CARMAUX,FR,http://www.fablab-carmaux.fr/,https://www.fablabs.io/labs/fablabdecarmaux,3d-printing;cnc;laser;vinyl-cutting,high,source:fablabs.io;status:active;kind:fab_lab;idcode:1717
zBis,46.9596866,-1.300904299999956,ZI de Chassereau Rue Pasteur,85600,ST GEORGES DE MONTAIGU,FR,http://www.zbis.fr,https://www.fablabs.io/labs/zbis,3d-printing;cnc;laser;vinyl-cutting,high,source:fablabs.io;status:unknown;kind:fab_lab;idcode:628
Fablab le Quart-Lieu Cauvaldor,44.8597116,1.8884947,4 place Charles Bourseul,46400,Saint Cere,FR,https://lequartlieucauvaldor.cosoft.fr/v2/new-reservation/4bbfe349-98da-4c51-aa79-ae8d00830cc2/0262cf2f-e725-4041-a99d-ae9100d7fcbe,https://www.fablabs.io/labs/fablablequartlieu,3d-printing;laser;vinyl-cutting,high,source:fablabs.io;status:active;kind:fab_lab;idcode:2470
FABLABJULLY,49.1054404,6.690821300000001,59 rue Marechal Foch,57500,Saint-Avold,FR,,https://www.fablabs.io/labs/FABLABJULLY,3d-printing;cnc;electronics;laser;precision-milling,medium,source:fablabs.io;status:planned;kind:fab_lab;idcode:654
FunLab,44.8579012,1.89569019999999,170 Quai Auguste Salesse,46400,Saint-Cere,FR,https://fr-fr.facebook.com/Mjc.Saint.Cere,https://www.fablabs.io/labs/funlab46,3d-printing;cnc;vinyl-cutting,high,source:fablabs.io;status:active;kind:fab_lab;idcode:1692
Chantier Libre,45.9742246,4.130950100000064,Place de la Gare L'Hopital sur Rhins,42123,Saint-Cyr-de-Favieres,FR,http://www.chantierlibre.org,https://www.fablabs.io/labs/chantierlibre,3d-printing;cnc;laser;precision-milling;vinyl-cutting,high,source:fablabs.io;status:active;kind:fab_lab;idcode:326
Point Carre,48.9363676,2.357076499999948,Saint-Denis,93200,Saint-Denis,FR,http://www.pointcarre.info,https://www.fablabs.io/labs/pointcarre,3d-printing;cnc;laser;vinyl-cutting,high,source:fablabs.io;status:planned;kind:fab_lab;idcode:362
FabLab Vosges,48.28096963886399,6.948159795770266,15 Rue du Petit Saint-Die,88100,Saint-Die-des-Vosges,FR,https://www.facebook.com/fablabvosges,https://www.fablabs.io/labs/fablabvosges,3d-printing;cnc;precision-milling;vinyl-cutting,high,source:fablabs.io;status:unknown;kind:fab_lab;idcode:562
OpenFactory,45.4503936,4.3883681,11 Rue Docteur Remy Annino,42000,Saint-Etienne,FR,http://www.openfactory42.org,https://www.fablabs.io/labs/openfactory42,3d-printing;cnc;electronics;laser;vinyl-cutting,high,source:fablabs.io;status:active;kind:fab_lab;idcode:802
R&DTECHFRANCE,48.0655016,-1.704548299999942,7 Rue Emile Souvestre,35136,Saint-Jacques-de-la-Lande,FR,http://www.retdtechfrance.fr/,https://www.fablabs.io/labs/rdtechfrance,3d-printing;laser,high,source:fablabs.io;status:unknown;kind:fab_lab;idcode:1072
Createch,43.6651743,1.5040706,33 ter route d'Albi Les Granges,31240,Saint-Jean,FR,https://fabmanager.mjcstj31.fr/#!/,https://www.fablabs.io/labs/createch,3d-printing;cnc;electronics;laser;vinyl-cutting,high,source:fablabs.io;status:active;kind:fab_lab;idcode:1779
Fablab Saint-Lo Agglo,49.10121780000001,-1.0790195,"308, rue du Pere-Popielujko",50000,Saint-Lo,FR,http://www.saint-lo-agglo.fr/fablab-saint-lo-agglo,https://www.fablabs.io/labs/fablabsaintlagglo,3d-printing;cnc;laser;vinyl-cutting,high,source:fablabs.io;status:planned;kind:fab_lab;idcode:1781
Manche Lab,49.11322511909816,-1.049356742852751,205 Rue Joseph Cugnot,50000,Saint-Lo,FR,http://www.manchenumerique.fr,https://www.fablabs.io/labs/manchelab,3d-printing;cnc;laser;vinyl-cutting,high,source:fablabs.io;status:unknown;kind:mini_fab_lab;idcode:597
LAB' HAUT COMTOIS,47.8861736,6.272287300000016,3 Rue de l'Abattoir,70800,Saint-Loup-sur-Semouse,FR,http://labhautcomtois.fr/,https://www.fablabs.io/labs/labhautcomtois,3d-printing;electronics;laser;vinyl-cutting,high,source:fablabs.io;status:unknown;kind:fab_lab;idcode:1068
Fabdulys,43.5137943,1.17891,3-7 avenue Francois Mitterand,31470,Saint-Lys,FR,https://www.fabdulys.fr/,https://www.fablabs.io/labs/fabdulys,3d-printing;cnc;laser;vinyl-cutting,high,source:fablabs.io;status:active;kind:fab_lab;idcode:2456
MASTIC,45.194181,5.770199400000024,740 rue de la passerelle,38400,Saint-Martin-d'Heres,FR,http://fabmastic.imag.fr,https://www.fablabs.io/labs/fabmastic,3d-printing;laser;precision-milling;vinyl-cutting,high,source:fablabs.io;status:active;kind:fab_lab;idcode:442
Le Labo-Motive,44.7063292,2.19918240000004,Saint-Maur 10 rue de La gare,36250,Saint-Maur,FR,https://www.lelabomotive.org/,https://www.fablabs.io/labs/lelabomotive,3d-printing;cnc;electronics;laser,high,source:fablabs.io;status:active;kind:fab_lab;idcode:1483
Fabrique d'Objets Libres,45.69408653634999,4.936033371902484,36 Boulevard Edouard Herriot,69800,Saint-Priest,FR,http://fablab-lyon.fr,https://www.fablabs.io/labs/fabriquedobjetslibres,3d-printing;cnc;electronics;laser;vinyl-cutting,high,source:fablabs.io;status:active;kind:fab_lab;idcode:263
FacLab numixs,48.97503649999999,2.3782576,Rue Jacques-Henri Labourdette FacLab de la Station numixs,95200,Sarcelles,FR,,https://www.fablabs.io/labs/FaclabNumixs,3d-printing;cnc;laser;precision-milling;vinyl-cutting,high,source:fablabs.io;status:active;kind:fab_lab;idcode:2497
FABULIS,49.106031,7.070862000000034,Sarreguemines 60 rue du Marechal Foch,57215,Sarreguemines,FR,http://www.fabulis.org,https://www.fablabs.io/labs/fabulis,3d-printing;cnc;precision-milling,high,source:fablabs.io;status:unknown;kind:fab_lab;idcode:606
La Fab'Brique - Bearn des Gaves,43.40200855183043,-0.94941701593018,Module3@LaStation D23,64390,Sauveterre-de-Bearn,FR,http://www.lafabbrique.org,https://www.fablabs.io/labs/lafabbriquebearndesgaves,3d-printing;cnc;precision-milling,high,source:fablabs.io;status:active;kind:fab_lab;idcode:1674
La Palanquee,43.405221,3.6958305,3 bis rue Gabriel Peri,34200,Sete,FR,https://www.lapalanquee.org/fablab,https://www.fablabs.io/labs/lapalanquee,3d-printing;electronics;laser;vinyl-cutting,high,source:fablabs.io;status:active;kind:fab_lab;idcode:2229
L'ETABLI,43.7487155,-1.325677300000052,Pole Associatif Resano-Lapegue 18 rue de Moscou,40140,Soustons,FR,http://letabli.net,https://www.fablabs.io/labs/letabli,3d-printing;cnc;laser;precision-milling;vinyl-cutting,high,source:fablabs.io;status:active;kind:fab_lab;idcode:338
AV-Lab,48.5831305848726,7.75406274232796,37 rue des freres,67000,Strasbourg,FR,http://www.av-exciters.com/AV-Lab,https://www.fablabs.io/labs/avlab,,medium,source:fablabs.io;status:unknown;kind:fab_lab;idcode:19
FabLab INSA Strasbourg,48.583148,7.747882,,67000,Strasbourg,FR,http://www.ideaslab.fr,https://www.fablabs.io/labs/fablabinsastrasbourg,,medium,source:fablabs.io;status:unknown;kind:fab_lab;idcode:20
Thilab,49.34355091298166,6.160014592529251,"5, impasse des anciens hauts-fourneaux",57100,Thionville,FR,http://www.thilab.fr,https://www.fablabs.io/labs/thilab,3d-printing;laser,high,source:fablabs.io;status:unknown;kind:fab_lab;idcode:532
Innovation Lab,43.124228,5.927999999999997,Maison de l'Innovation Place Georges Pompidou,83000,Toulon,FR,,https://www.fablabs.io/labs/innovationlab,3d-printing;cnc;electronics;laser;precision-milling;vinyl-cutting,medium,source:fablabs.io;status:unknown;kind:fab_lab;idcode:468
Artilect FabLab Toulouse,43.6017406,1.4429481,10 Rue Tripiere,31000,Toulouse,FR,http://www.artilect.fr,https://www.fablabs.io/labs/artilectfablab,3d-printing;cnc;electronics;laser;precision-milling;vinyl-cutting,high,source:fablabs.io;status:active;kind:fab_lab;idcode:21
Fablab La Gloire,43.6078864,1.471228399999972,3 Rue Jean Mailhe,31500,Toulouse,FR,,https://www.fablabs.io/labs/FablabLaGloire,3d-printing;electronics,high,source:fablabs.io;status:active;kind:fab_lab;idcode:2106
Fabric'INSA,43.57032239999999,1.467920499999991,135 Avenue de Rangueil,31400,Toulouse,FR,http://www.fabric-insa.fr,https://www.fablabs.io/labs/fabricinsa,3d-printing;cnc;electronics;laser,high,source:fablabs.io;status:active;kind:fab_lab;idcode:789
L'Atelier du PlayLab,43.5614158,1.5018659,31 rue des Cosmonautes,31400,Toulouse,FR,,https://www.fablabs.io/labs/atelierduplaylab,3d-printing;laser;vinyl-cutting,high,source:fablabs.io;status:active;kind:fab_lab;idcode:1150
RoseLab,43.5770422,1.4772176,55 Avenue Louis Breguet Bat. La Cite,31400,Toulouse,FR,https://roselab.fr/,https://www.fablabs.io/labs/RoseLab,3d-printing;cnc;electronics;laser;vinyl-cutting,high,source:fablabs.io;status:active;kind:fab_lab;idcode:2702
FunLab Tours,47.3932037,0.6687421000000311,"49, boulevard Preuilly",37000,Tours,FR,http://funlab.fr,https://www.fablabs.io/labs/funlab,3d-printing;cnc;laser;vinyl-cutting,high,source:fablabs.io;status:active;kind:fab_lab;idcode:265
SQYLAB,48.757052,1.944001000000071,Ecole Albert Camus,78190,Trappes,FR,http://sqylab.org/,https://www.fablabs.io/labs/sqylab,3d-printing;cnc;laser;vinyl-cutting,high,source:fablabs.io;status:active;kind:fab_lab;idcode:1227
Fabrik'numerique,48.9449558,2.579006700000036,6 Rue des Alpes,93290,Tremblay-en-France,FR,http://mjccaussimon.fr/?Fabrik-numerique,https://www.fablabs.io/labs/fabriknumerique,3d-printing,high,source:fablabs.io;status:unknown;kind:mini_fab_lab;idcode:500
TechLab LR,43.6483084,3.729442299999959,49 rue Super Nova,34570,Vailhauques,FR,,https://www.fablabs.io/labs/techlablr,3d-printing;electronics,medium,source:fablabs.io;status:unknown;kind:fab_lab;idcode:525
Fabrico,44.93395504552165,4.893604544982916,7 rue belle image,26000,Valence,FR,http://fabrico.fr/,https://www.fablabs.io/labs/fabrico,3d-printing;cnc;laser;vinyl-cutting,high,source:fablabs.io;status:active;kind:fab_lab;idcode:2882
Le Village Graphic - FabLab,43.5933701,7.057406599999999,"1856 Chemin Saint Bernard, Norma Color Porte n8",06220,Vallauris,FR,http://www.levillagegraphic.com/,https://www.fablabs.io/labs/levillagegraphic,vinyl-cutting,high,source:fablabs.io;status:unknown;kind:fab_lab;idcode:1102
Makerspace 56,47.6423116,-2.754169199999978,Place Albert Einstein,56000,Vannes,FR,http://www.makerspace56.org,https://www.fablabs.io/labs/makerspace56,3d-printing,high,source:fablabs.io;status:unknown;kind:fab_lab;idcode:222
The Glass Fablab,48.5482028,5.777895199999989,Rue de la Liberte,54112,Vannes-le-Chatel,FR,http://www.cerfav.fr/fablab/,https://www.fablabs.io/labs/theglassfablab,3d-printing;cnc;laser;precision-milling;vinyl-cutting,high,source:fablabs.io;status:unknown;kind:fab_lab;idcode:261
AckLab - ateliers d'innovation architecturale - architectural innovation studio,45.7798574,4.923672699999997,3 rue Maurice Audin,69120,Vaulx-en-Velin,FR,http://www.lyon.archi.fr/fr/acklab,https://www.fablabs.io/labs/acklab,3d-printing;cnc;laser;precision-milling;vinyl-cutting,high,source:fablabs.io;status:unknown;kind:fab_lab;idcode:1113
IZYlab,48.7830052,2.1759162,25 avenue Robert Wagner,78140,Velizy-Villacoublay,FR,https://www.izylab.org,https://www.fablabs.io/labs/izylab,3d-printing;cnc;vinyl-cutting,high,source:fablabs.io;status:active;kind:fab_lab;idcode:2318
Fablab Vichy Communaute,46.1293388,3.4308049,37 Avenue de Gramont,03200,Vichy,FR,http://vichy-fablab.fr,https://www.fablabs.io/labs/fablabvichycommunaute,3d-printing;cnc;electronics;laser;precision-milling;vinyl-cutting,high,source:fablabs.io;status:active;kind:fab_lab;idcode:2422
CULTURE NUMERIQUE,48.6924498,2.4329957,32 rue Gaston GRINBAUM,91270,Vigneux-sur-Seine,FR,http://www.culture-numerique.com,https://www.fablabs.io/labs/culturenumerique,3d-printing;cnc;electronics;laser;precision-milling;vinyl-cutting,high,source:fablabs.io;status:active;kind:fab_lab;idcode:2232
FabLab Lille,50.64286986702183,3.138664100000028,2 Allee Lakanal,59650,Villeneuve-d'Ascq,FR,http://www.fablablille.fr,https://www.fablabs.io/labs/fablablille,,medium,source:fablabs.io;status:unknown;kind:fab_lab;idcode:26
"AsTech, le Fablab de LyonTech-la Doua",45.780206,4.871715,28-30 Avenue gaston berger,69100,Villeurbanne,FR,https://astech-fablab.fr/,https://www.fablabs.io/labs/astech,3d-printing;cnc;laser;precision-milling,high,source:fablabs.io;status:active;kind:fab_lab;idcode:1883
Fablab Autre Soie / La Rayonne,45.771944,4.8901709,28 rue Alfred de Musset,69100,Villeurbanne,FR,https://larayonne.org/fablab/,https://www.fablabs.io/labs/fablabautresoie,3d-printing;cnc;laser;vinyl-cutting,high,source:fablabs.io;status:active;kind:fab_lab;idcode:3015
YOUFACTORY,45.7581223,4.898421799999999,50 Rue Antoine Primat Pole PIXEL,69100,Villeurbanne,FR,https://youfactory.co/,https://www.fablabs.io/labs/youfactory,3d-printing;cnc;laser;precision-milling,high,source:fablabs.io;status:active;kind:fab_lab;idcode:707
Sunlab,48.80007366370357,2.161205273610676,185 Avenue du General Leclerc,78220,Viroflay,FR,http://mysunlab.org,https://www.fablabs.io/labs/sunlab,3d-printing,high,source:fablabs.io;status:unknown;kind:fab_lab;idcode:919
LEFIVE,48.1229932,-1.2115703,"Place du General de Gaulle, 35500 Vitre",35500,Vitre,FR,,https://www.fablabs.io/labs/lefive,3d-printing;cnc;laser;precision-milling,medium,source:fablabs.io;status:planned;kind:fab_lab;idcode:1210
Magic FabLab French,47.08304220000001,-0.2697567,359 rue d'anjou,79290,bouille loretz,FR,,https://www.fablabs.io/labs/Magicfablabfr,3d-printing,medium,source:fablabs.io;status:unknown;kind:fab_lab;idcode:554
Les Fabriques du Ponant,48.40848,-4.4979934,2 Rue Paul Dukas,29200,brest,FR,http://www.lesfabriquesduponant.net,https://www.fablabs.io/labs/lesfabriquesduponant,3d-printing;electronics;laser;vinyl-cutting,high,source:fablabs.io;status:active;kind:fab_lab;idcode:179
FabNLab de Clamecy,47.4610935,3.514994500000057,rue de druyes,58500,clamecy,FR,http://www.cg58.fr/services-numeriques/la-nievre-numerique/les-fablab.html,https://www.fablabs.io/labs/fabnlabdeclamecy,3d-printing;cnc;laser;vinyl-cutting,high,source:fablabs.io;status:unknown;kind:fab_lab;idcode:995
Fablab Micro Folie Evreux,49.0256479,1.172071,10 rue jean bart,27000,evreux,FR,,https://www.fablabs.io/labs/microfolieevreux,3d-printing;cnc;laser;vinyl-cutting,high,source:fablabs.io;status:active;kind:mini_fab_lab;idcode:2779
FabLab PPR,45.3298595,5.903519699999999,156 Route du Col de Marcieu mairie st bernard,38660,plateau-des-petites-roches,FR,https://fablabppr.home.blog/,https://www.fablabs.io/labs/fablabppr,3d-printing;cnc;electronics;precision-milling,high,source:fablabs.io;status:active;kind:fab_lab;idcode:2040
La Passerelle,46.7266808,2.506221,1 rue bouchacourt,18200,saint amand montrond,FR,https://lapasserelle-atelierdesreussites.fr/,https://www.fablabs.io/labs/lapasserelle,3d-printing;cnc;laser;precision-milling;vinyl-cutting,high,source:fablabs.io;status:active;kind:fab_lab;idcode:2790
CampusFab Universite Toulouse 3 - Toulouse - Midi-Pyrenees - France,43.56182260192388,1.467372479901087,118 route de Narbonne batiment U4,31062,toulouse,FR,http://campusfab.univ-tlse3.fr,https://www.fablabs.io/labs/campusfab,3d-printing;cnc;laser;vinyl-cutting,high,source:fablabs.io;status:active;kind:fab_lab;idcode:726
FabLab de Varennes sur Allier - EcoCentre,46.3157977,3.3887966,23 rue marius courteix batiment 20,03150,varennes sur allier,FR,https://www.varennes-ecocentre.fr/fablab/,https://www.fablabs.io/labs/ecocentrevarennes,3d-printing;cnc;laser;vinyl-cutting,high,source:fablabs.io;status:active;kind:fab_lab;idcode:2726
MAKE Aberdeen,57.1465936,-2.101506999999969,17 Belmont St,AB10 1JR,Aberdeen,GB,http://www.make-aberdeen.com,https://www.fablabs.io/labs/makeaberdeen,3d-printing;cnc;laser;vinyl-cutting,high,source:fablabs.io;status:active;kind:fab_lab;idcode:1418
Peacock's DIGI,57.1487315,-2.092311600000016,21 Castle Street,AB11 5BQ,Aberdeen,GB,https://www.facebook.com/peacockdigi,https://www.fablabs.io/labs/peacocksdigi,3d-printing;electronics;laser,high,source:fablabs.io;status:unknown;kind:fab_lab;idcode:287
Trafford Fab Lab,53.38776737158098,-2.348228699444576,Trafford 20 Stamford New Rd,WA14 1EJ,Altrincham,GB,http://traffordfablab.com,https://www.fablabs.io/labs/traffordfablab,3d-printing;cnc;electronics;laser;precision-milling;vinyl-cutting,high,source:fablabs.io;status:unknown;kind:fab_lab;idcode:1352
FabLAB Arloesi Pontio Innovation,53.2277686,-4.130582000000004,Pontio Ffordd Deiniol Road,LL57 2TQ,Bangor,GB,http://www.pontio.co.uk,https://www.fablabs.io/labs/pontio,3d-printing;cnc;electronics;laser;precision-milling;vinyl-cutting,high,source:fablabs.io;status:active;kind:fab_lab;idcode:550
"FabLab Belfast, Ashton Centre",54.60998909999999,-5.93564409999999,Ashton Community Trust 5 Churchill Street,BT15 2BP,Belfast,GB,http://www.fablabbelfast.org,https://www.fablabs.io/labs/fablabbelfastashtoncentre,3d-printing;cnc;electronics;laser;precision-milling;vinyl-cutting,high,source:fablabs.io;status:unknown;kind:fab_lab;idcode:82
Birmingham Fab Lab,52.4858915,-1.890151599999967,97 Woodland Road,B31 2HZ,Birmingham,GB,,https://www.fablabs.io/labs/birminghamfablab,,medium,source:fablabs.io;status:planned;kind:fab_lab;idcode:595
Solihull Fab Lab,52.4795779,-1.7410349,"Chelmsley Wood Library 10 West Mall, Chelmsley Wood Shopping Centre",B37 5TN,Birmingham,GB,,https://www.fablabs.io/labs/solihullfablab,3d-printing;vinyl-cutting,medium,source:fablabs.io;status:unknown;kind:mini_fab_lab;idcode:1350
The Making Rooms,53.7488931,-2.48277680000001,1 Exchange Street,BB1 7JN,Blackburn,GB,http://makingrooms.org,https://www.fablabs.io/labs/themakingrooms,3d-printing;cnc;electronics;laser;precision-milling;vinyl-cutting,high,source:fablabs.io;status:active;kind:fab_lab;idcode:1023
The Making Zone Blackburn,53.7454973,-2.4813783,Blackburn Youth Zone Jubilee St,BB1 1EP,Blackburn,GB,https://www.blackburnyz.org/,https://www.fablabs.io/labs/themakingzoneblackburn,3d-printing;laser;vinyl-cutting,high,source:fablabs.io;status:active;kind:fab_lab;idcode:2796
Barclays Eagle Labs Brighton,50.83372593730648,-0.139293856431322,1 Preston Rd,BN1 4QU,Brighton,GB,http:// www.barclays.co.uk/DigitalEagles/P1242671738729,https://www.fablabs.io/labs/barclayseaglelabsbrighton,3d-printing;laser;vinyl-cutting,high,source:fablabs.io;status:unknown;kind:fab_lab;idcode:1119
Fab City Hub BTN,50.8459179,-0.1186937,University of Brighton Heavy Engineering Room EM13,BN2 4GP,Brighton,GB,https://www.facebook.com/FabLabBTN/,https://www.fablabs.io/labs/fablabbrighton,3d-printing;cnc;electronics;laser;precision-milling;vinyl-cutting,high,source:fablabs.io;status:active;kind:fab_lab;idcode:1378
PlusX Brighton Fablab,50.842158,-0.121241,Brighton Lewes Road Brighton,BN2 4GL,Brighton,GB,https://workshop.plusx.space,https://www.fablabs.io/labs/plusxspace,3d-printing;cnc;electronics;laser;precision-milling;vinyl-cutting,high,source:fablabs.io;status:active;kind:fab_lab;idcode:2279
Fablab Bristol - Saint Gobain,51.52794489999999,-2.5886967,"unit 15, concorde road patchway",BS34 5TB,Bristol,GB,http://www.fablab.saint-gobain.com/lab/bristol-uk,https://www.fablabs.io/labs/fablabbristolsaintgobain,3d-printing;cnc;electronics;laser;vinyl-cutting,high,source:fablabs.io;status:active;kind:fab_lab;idcode:1182
Barclays Eagle Lab Cambridge,52.18921436165429,0.138665508038684,7-8 Clifton Court Cherry Hinton Road,CB1 7BN,Cambridge,GB,http://www.barclays.co.uk/DigitalEagles/P1242671738729,https://www.fablabs.io/labs/barclayseaglelabcambridge,3d-printing;laser;vinyl-cutting,high,source:fablabs.io;status:unknown;kind:fab_lab;idcode:1117
Fab Lab Cardiff,51.4948207,-3.212362200000029,Western Avenue Llandaff Campus,CF5 2YB,Cardiff,GB,http://fablabcardiff.com,https://www.fablabs.io/labs/fablabcardiff,3d-printing;cnc;electronics;laser;precision-milling;vinyl-cutting,high,source:fablabs.io;status:unknown;kind:fab_lab;idcode:139
Maker Zone Inspire Youth Zone,53.6535399,-2.6328119,Inspire Youth Zone,PR7 1bs,Chorley,GB,,https://www.fablabs.io/labs/makerzoneinspireyouthzone,3d-printing;laser;vinyl-cutting,high,source:fablabs.io;status:active;kind:fab_lab;idcode:2995
Fablab@Ironbridge,52.6391669,-2.491808799999944,Coach Rd,TF8 7DQ,Coalbrookdale,GB,,https://www.fablabs.io/labs/fablabironbridge,3d-printing;cnc;electronics;laser;precision-milling;vinyl-cutting,medium,source:fablabs.io;status:unknown;kind:fab_lab;idcode:490
BEC Fab Lab,54.6671405,-3.366483199999948,"Unit 4, Derwent Mills Commercial Park Wakefield Rd",CA13 0HT,Cockermouth,GB,http://www.becfablab.org,https://www.fablabs.io/labs/becfablab,3d-printing;cnc;electronics;laser;precision-milling;vinyl-cutting,high,source:fablabs.io;status:unknown;kind:fab_lab;idcode:309
FabLab Coventry,52.40754459999999,-1.4934446,"Unit 4, Fargo Village Far Gosford Street",CV1 5ED,Coventry,GB,https://fablabcov.coventry.ac.uk,https://www.fablabs.io/labs/fablabcov,3d-printing;cnc;electronics;laser;precision-milling;vinyl-cutting,high,source:fablabs.io;status:active;kind:fab_lab;idcode:854
Fab:Social Shantallow,55.02844840475446,-7.316481952175877,"Fab:Social Shantallow, Northside Shopping Centre, Glengalliagh Road",BT488NN,Derry,GB,https://www.facebook.com/FabSocialShantallow/,https://www.fablabs.io/labs/fabsocialshantallow,3d-printing;cnc;laser;vinyl-cutting,high,source:fablabs.io;status:active;kind:fab_lab;idcode:1889
FabLab Nerve Centre,54.99635426509616,-7.322798619574087,7-8 Magazine Street,BT48 6HJ,Derry,GB,http://www.nervecentre.org/projects/fab-lab#.UMJ0R7YWWbI,https://www.fablabs.io/labs/fablabnervecentre,3d-printing;cnc;electronics;laser;precision-milling;vinyl-cutting,high,source:fablabs.io;status:active;kind:fab_lab;idcode:83
"Spitfire Fab Lab (Eastleigh, UK)",50.97062575270561,-1.365853014819322,157 Leigh Rd,SO50 9DW,Eastleigh,GB,http://www.fablabsuk.co.uk/spitfirefablab/,https://www.fablabs.io/labs/spitfirefablabeastleighuk,3d-printing;cnc;laser;vinyl-cutting,high,source:fablabs.io;status:unknown;kind:mini_fab_lab;idcode:494
Edinburgh Napier University Fab Lab,55.93305549999999,-3.212875599999961,EH10 5DT,EH10 5DT,Edinburgh,GB,,https://www.fablabs.io/labs/edinburghnapieruniversityfablab,,medium,source:fablabs.io;status:unknown;kind:fab_lab;idcode:955
FabLabDevon (Exeter),50.7252788,-3.529422999999951,Exeter Library Castle Street,EX4 3PQ,Exeter,GB,http://www.fablabdevon.com,https://www.fablabs.io/labs/fablabdevon,3d-printing;cnc;electronics;laser;precision-milling;vinyl-cutting,high,source:fablabs.io;status:unknown;kind:mini_fab_lab;idcode:512
Glasgow Sculpture Studios,55.8761537,-4.25820490000001,2 Dawson Road,G4 9SS,Glasgow,GB,http://makeworks.co.uk/companies/GlasgowSculptureStudios,https://www.fablabs.io/labs/glasgowsculpturestudios,3d-printing;cnc,high,source:fablabs.io;status:planned;kind:fab_lab;idcode:822
MAKLAB - Micro Manufacturing,55.8533783,-4.260112400000025,51 Commerce St.,G5 8AD,Glasgow,GB,http://www.maik.scot,https://www.fablabs.io/labs/maklabmicromanufacturing,3d-printing;cnc;electronics;laser;precision-milling;vinyl-cutting,high,source:fablabs.io;status:active;kind:fab_lab;idcode:1162
fablab@strathclyde,55.8618841,-4.245286299999975,75 Montrose St,G1 1XJ,Glasgow,GB,http://www.strath.ac.uk/fablab,https://www.fablabs.io/labs/fablabstrathclyde,3d-printing;electronics;laser;precision-milling;vinyl-cutting,high,source:fablabs.io;status:unknown;kind:fab_lab;idcode:289
FabLab Avallon,53.7297862,-1.8760871,5 Shroggs Road,HX3 5HA,Halifax,GB,http://www.mic2c.com/fablabessex,https://www.fablabs.io/labs/fablabessex,3d-printing;cnc;electronics;laser;precision-milling;vinyl-cutting,high,source:fablabs.io;status:active;kind:fab_lab;idcode:497
Fab Lab Hartlepool,54.6835263,-1.2162929,"Community Hub Central, Central Library",TS26 9DE,Hartlepool,GB,,https://www.fablabs.io/labs/fablabhartlepool,3d-printing;laser;vinyl-cutting,high,source:fablabs.io;status:active;kind:fab_lab;idcode:2645
Fab Lab Airedale,53.8690065,-1.89411930000006,,BD21 4JR,Keighley,GB,http://www.fablabairedale.org,https://www.fablabs.io/labs/fablabairedale,,medium,source:fablabs.io;status:unknown;kind:fab_lab;idcode:147
Fab Lab Liverpool,53.4050929,-2.9703196,John Lennon Art and Design Building Duckinfield St,L3 5YD,Liverpool,GB,https://www.ljmu.ac.uk/,https://www.fablabs.io/labs/fablabliverpool,3d-printing;cnc;electronics;laser;precision-milling;vinyl-cutting,high,source:fablabs.io;status:active;kind:fab_lab;idcode:517
Batch Space,51.5324093,-0.056105099999967,"Hackney Depot, 5 Sheep Lane,",E8 4QY,London,GB,https://www.batch.space/,https://www.fablabs.io/labs/batchspace,3d-printing;cnc;laser;precision-milling;vinyl-cutting,high,source:fablabs.io;status:active;kind:fab_lab;idcode:482
FabLab North Greenwich,51.5008305,0.006714900000019001,Mitre Passage,SE10 0ER,London,GB,,https://www.fablabs.io/labs/fablabnorthgreenwich,3d-printing;cnc;laser;vinyl-cutting,medium,source:fablabs.io;status:planned;kind:fab_lab;idcode:392
Green Lab,51.49641803147946,-0.06294779042968901,Green Lab Shoreditch Works,EC2,London,GB,http://www.greenlab.org,https://www.fablabs.io/labs/greenlab,3d-printing;cnc;electronics;laser;precision-milling;vinyl-cutting,high,source:fablabs.io;status:active;kind:fab_lab;idcode:1702
MadLab (Manchester),53.484158,-2.236453600000004,36-40 Edge St,M4 1HN,Manchester,GB,http://madlab.org.uk,https://www.fablabs.io/labs/madlabuk,3d-printing;electronics;laser;precision-milling;vinyl-cutting,high,source:fablabs.io;status:unknown;kind:fab_lab;idcode:1065
Fab Lab Northampton,52.26835521345475,-0.810150928033408,Leben Square,NN3 5BT,Northampton,GB,https://fablabnorthampton.org.uk,https://www.fablabs.io/labs/fablabnorthampton,3d-printing;cnc;electronics;laser;vinyl-cutting,high,source:fablabs.io;status:planned;kind:fab_lab;idcode:1337
Fab Lab Pembrokeshire,51.70092289999999,-4.925986700000067,Bridge Innovation Centre Pembrokeshire Science and Technology Park,SA72 6UN,Pembroke Dock,GB,,https://www.fablabs.io/labs/fablabpembrokeshire,3d-printing;cnc;laser,high,source:fablabs.io;status:active;kind:fab_lab;idcode:680
Makernow,50.1707718,-5.124959499999932,"Penryn Falmouth University, Penryn Campus",TR10 9EZ,Penryn,GB,http://www.makernow.org,https://www.fablabs.io/labs/makernow,3d-printing;cnc;electronics;laser;precision-milling;vinyl-cutting,high,source:fablabs.io;status:unknown;kind:fab_lab;idcode:455
Fab Lab South West,50.3748083,-4.1371749,Arts University Plymouth Tavistock Place,PL4 8AT,Plymouth,GB,https://fablabsouthwest.org.uk/,https://www.fablabs.io/labs/fablabplymouth,3d-printing;cnc;laser;precision-milling;vinyl-cutting,high,source:fablabs.io;status:active;kind:fab_lab;idcode:390
Maker City,50.0853895,-5.3179992,Porthleven,TR13 9LF,Porthleven,GB,https://makercity.co.uk/,https://www.fablabs.io/labs/makercity,3d-printing;cnc;laser;vinyl-cutting,high,source:fablabs.io;status:planned;kind:fab_lab;idcode:2329
FabLab@BCA,53.39203999999999,-2.6023453,Beamont Collegiate Academy Long Lane,WA2 8PX,Warrington,GB,https://www.eventbrite.co.uk/e/coder-dojo-warrington-tickets-28149789779,https://www.fablabs.io/labs/fablabbca,3d-printing;cnc;laser;precision-milling;vinyl-cutting,high,source:fablabs.io;status:active;kind:fab_lab;idcode:906
Fab Lab Sandwell,52.51907848044134,-1.992745226672923,West Bromwich New Road,B70 7PG,West Bromwich,GB,,https://www.fablabs.io/labs/fablabsandwell,3d-printing;cnc;electronics;laser;precision-milling;vinyl-cutting,medium,source:fablabs.io;status:unknown;kind:fab_lab;idcode:921
WorcesterFabLab,52.1956305,-2.227041299999996,Castle Street,WR1 3AS,Worcester,GB,,https://www.fablabs.io/labs/worcesterfablab,3d-printing;cnc;electronics;laser;vinyl-cutting,medium,source:fablabs.io;status:planned;kind:fab_lab;idcode:594
Techpark Fablab Akhmeta,42.03473217435894,45.21032974507143,"Akhmeta Technopark Building, Chanturia Street No. 1",0900,Akhmeta,GE,https://gita.gov.ge,https://www.fablabs.io/labs/akhmetatechpark,3d-printing;laser,high,source:fablabs.io;status:active;kind:fab_lab;idcode:3032
FabLab BSU,41.6496001,41.62742920000005,Shota Rustaveli State University,,Batumi,GE,https://www.facebook.com/fablabbsu/?fref=ts,https://www.fablabs.io/labs/fablabbsu,3d-printing;cnc;laser;precision-milling;vinyl-cutting,medium,source:fablabs.io;status:unknown;kind:fab_lab;idcode:1195
Techpark Fablab Kaspi,41.9195463,44.4219835,WCQC+M6 . Kaspi 2600 D.aghmashenebeli str 168,2600,Kaspi,GE,https://gita.gov.ge,https://www.fablabs.io/labs/techparkfablabkaspi,3d-printing;cnc;laser,high,source:fablabs.io;status:active;kind:fab_lab;idcode:3070
FabLab ATSU,42.2661854,42.71803950000003,Tamar Mefe st. 59 Akaki Tsereteli State University,4600,Kutaisi,GE,http://www.fablab.atsu.edu.ge,https://www.fablabs.io/labs/fablabatsukutaisi,3d-printing;cnc;laser;vinyl-cutting,high,source:fablabs.io;status:unknown;kind:fab_lab;idcode:1196
FabLab European School,41.7208783,44.74204580000003,"Irine Skhirtladze Street European School Building, I floor. 0177",0177,T'bilisi,GE,http://europeanschool.ge/fablab/,https://www.fablabs.io/labs/fablabeuropeanschool,3d-printing;cnc;electronics;laser;precision-milling;vinyl-cutting,high,source:fablabs.io;status:active;kind:fab_lab;idcode:1837
FABLAB ILIAUNI,41.7129293,44.74850850000007,Giorgi Tsereteli St,,Tbilisi,GE,http://fablab.iliauni.edu.ge/,https://www.fablabs.io/labs/fablabiliauni,3d-printing;cnc;electronics;laser;precision-milling,high,source:fablabs.io;status:active;kind:fab_lab;idcode:737
FabLab Academy of Art,41.7117386,44.76061419999996,Kipshidze Street,,Tbilisi,GE,https://www.facebook.com/Fab-Lab-Academy-of-Art-1799407906955807/?fref=nf,https://www.fablabs.io/labs/fabLabacademyofArt,3d-printing;cnc;laser;vinyl-cutting,medium,source:fablabs.io;status:unknown;kind:fab_lab;idcode:1194
FabLab GTU,41.71668407772013,44.77840257976231,N68 Kostava St.,0171,Tbilisi,GE,http://fab.lab.gov.ge/,https://www.fablabs.io/labs/FabLabGTU,3d-printing;cnc;laser,high,source:fablabs.io;status:unknown;kind:fab_lab;idcode:1242
FabLab TSU,41.7180225,44.72170470000003,N2 University St.,0177,Tbilisi,GE,http://fab.lab.gov.ge/,https://www.fablabs.io/labs/fablabtbilisistateuniversity,3d-printing;cnc;laser,high,source:fablabs.io;status:unknown;kind:fab_lab;idcode:1240
GTU,41.7164151,44.77727070000003,"kostava str. N 68 Georgian Technical University, first building",0171,Tbilisi,GE,http://fab.lab.gov.ge/,https://www.fablabs.io/labs/gtu,3d-printing;cnc;laser;precision-milling;vinyl-cutting,high,source:fablabs.io;status:unknown;kind:fab_lab;idcode:1058
TechPark Fablab Telavi,41.9175821,45.4778081,"Telavi Technopark Building, Address: Telavi, Rustaveli Street No. 11",2200,Telavi,GE,https://gita.gov.ge,https://www.fablabs.io/labs/techparkfablabtelavi,3d-printing;cnc;laser,high,source:fablabs.io;status:active;kind:fab_lab;idcode:3069
Techpark Fablab Zugdidi,42.5136993,41.8806137,"Zugdidi Technopark Building, Address: Zugdidi, Lagidze Street No. 1, Sokhumi Street No. 2",2100,Zugdidi,GE,https://gita.gov.ge,https://www.fablabs.io/labs/Fablabzugdidi,3d-printing;cnc;laser;precision-milling;vinyl-cutting,high,source:fablabs.io;status:active;kind:fab_lab;idcode:3046
NumLab,4.936970724277466,-52.3297239560974,l'Accordeur,97300,Cayenne,GF,https://numlab.ardi-gdi.fr:888/#!/,https://www.fablabs.io/labs/numlab,3d-printing;cnc;electronics;laser;precision-milling,high,source:fablabs.io;status:active;kind:fab_lab;idcode:2747
La KazLab,5.503055137214925,-54.03180341114501,Saint-Laurent-du-Maroni,97320,Saint-Laurent-du-Maroni,GF,http://www.manifact.org,https://www.fablabs.io/labs/LaKazLab,3d-printing;cnc;laser;precision-milling;vinyl-cutting,high,source:fablabs.io;status:active;kind:fab_lab;idcode:748
Takoradi Technical Institute,4.9,-1.76666669999997,,,Takoradi,GH,http://ttifab.wikispaces.com/How+to+Use+the+TTI+Fab+Lab+Wiki,https://www.fablabs.io/labs/takoraditechnicalinstitute,,medium,source:fablabs.io;status:unknown;kind:fab_lab;idcode:33
FabLab Solidaire Orange Digital Center ODC - Guinee,9.583333,-13.65,"Immeuble Orange Digital center, Ratoma Cyber, Conakry",4549,Conakry,GN,,https://www.fablabs.io/labs/FabLabSolidaireODCGuinee,3d-printing;cnc;laser;precision-milling;vinyl-cutting,high,source:fablabs.io;status:active;kind:fab_lab;idcode:2797
Sanku Lab,9.550277999999999,-13.672011,"Guinee. Conakry, Dixinn",,Conakry,GN,https://ose-ton-emploi.fablab.studio/,https://www.fablabs.io/labs/sankulab,3d-printing;laser;vinyl-cutting,high,source:fablabs.io;status:active;kind:fab_lab;idcode:2772
Le FabLab de Jarry,16.23944690162361,-61.56586469419557,"34, Rue Ferdinand Forest",97129,Baie Mahault,GP,http://www.lefablabdejarry.com,https://www.fablabs.io/labs/lefablabdejarry,3d-printing;cnc;electronics;laser;precision-milling;vinyl-cutting,high,source:fablabs.io;status:unknown;kind:fab_lab;idcode:552
SMART ISLAND MAKERSPACE,16.22332018454815,-61.59806278398361,route de Daubin,97170,Petit-Bourg,GP,https://www.smart-island.space/,https://www.fablabs.io/labs/smartislandmakerspace,3d-printing;cnc;laser;precision-milling,high,source:fablabs.io;status:active;kind:fab_lab;idcode:2938
Pierce Fab Lab,38.0030486,23.8301386,Pierce- The American College of Greece Gravias 6,153 42,Agia Paraskevi,GR,http://www.pierce.gr,https://www.fablabs.io/labs/piercefablab,3d-printing;cnc;electronics;laser;precision-milling;vinyl-cutting,high,source:fablabs.io;status:active;kind:fab_lab;idcode:2102
Fab Lab Athens,37.9837182,23.72929169999998,,105 64,Athens,GR,http://www.fablabathens.gr,https://www.fablabs.io/labs/fablabathens,,medium,source:fablabs.io;status:planned;kind:fab_lab;idcode:122
SYN FAB LAB,37.9866713,23.7457878,ATHENS 11471,11471,Athens,GR,https://www.instagram.com/synfablab/,https://www.fablabs.io/labs/SYNFabLab,3d-printing;cnc;electronics;laser;precision-milling;vinyl-cutting,high,source:fablabs.io;status:active;kind:mobile;idcode:2778
AstroLab,37.9942534,23.72180789999993,Karditsis 8,104 40,Athina,GR,http://www.astro-lab.org,https://www.fablabs.io/labs/astrolab,3d-printing;cnc;electronics;laser;precision-milling;vinyl-cutting,high,source:fablabs.io;status:active;kind:mini_fab_lab;idcode:2132
Decode Fab Lab,37.98521119999999,23.76344949999998,Agiou Thoma 9,115 27,Athina,GR,http://www.decodefablab.com/,https://www.fablabs.io/labs/decodefablab,3d-printing;cnc;electronics;laser;precision-milling,high,source:fablabs.io;status:active;kind:fab_lab;idcode:1834
PreLab Creative Space,37.987123,23.7318634,Tzortz 11,106 82,Athina,GR,http://prelab.gr,https://www.fablabs.io/labs/prelab,3d-printing;cnc;laser,high,source:fablabs.io;status:active;kind:fab_lab;idcode:2233
TUC Lab,35.5183043,24.0383591,Eleftheriou Venizelou 131,73133,Chania,GR,,https://www.fablabs.io/labs/tuclab,3d-printing;cnc;electronics;laser;precision-milling,high,source:fablabs.io;status:active;kind:fab_lab;idcode:2802
Fab Lab Ioannina,39.6622594,20.85842920000005,Leof. Archiepiskopou Makariou 11 Ke.Pa.V.I. Ergastirio 119,45221,IOANNINA,GR,http://www.fab-lab.ioa.gr,https://www.fablabs.io/labs/fablabioannina,3d-printing;cnc;laser,high,source:fablabs.io;status:active;kind:fab_lab;idcode:973
Aegean Idea Lab,37.0684625,25.26010150000002,Unnamed Road,844 00,Kalami,GR,https://idea-academy.org/,https://www.fablabs.io/labs/aegeanidealab,3d-printing;electronics;laser;precision-milling;vinyl-cutting,high,source:fablabs.io;status:corona;kind:fab_lab;idcode:1783
Habibi.Works,39.610052,20.90376820000006,2o klm E.O. KATSIKA - KOUTSELIO ENANTI PALAIOU AERODROMIOU,45521,Katsikas,GR,https://habibi.works,https://www.fablabs.io/labs/habibiworks,3d-printing;cnc;electronics;laser;precision-milling,high,source:fablabs.io;status:active;kind:fab_lab;idcode:1171
Robotixlab,40.5647551,22.9766762,Leoforos Georgikis Scholis 27,57001,Thessaloniki,GR,http://www.robotixlab.com,https://www.fablabs.io/labs/robotixlab,3d-printing;cnc;electronics;laser;vinyl-cutting,high,source:fablabs.io;status:active;kind:fab_lab;idcode:1788
CTA TEC-Landivar,14.596955,-90.48571930000001,"Vista Hermosa III, zona 16 Guatemala, Centroamerica 01016",01016,Guatemala,GT,https://tec.url.edu.gt/centro-de-tecnologias-alternativas-cta/,https://www.fablabs.io/labs/ctateclandivar,3d-printing;cnc;laser;vinyl-cutting,high,source:fablabs.io;status:active;kind:fab_lab;idcode:2900
Fablab Centro TICS,14.6258739,-90.51323230000001,Calle Mateo Flores,,Guatemala,GT,http://www.intecap.edu.gt/cti,https://www.fablabs.io/labs/fablabcentrotics,3d-printing;cnc;electronics;laser;precision-milling;vinyl-cutting,high,source:fablabs.io;status:active;kind:fab_lab;idcode:2206
CM FabLab,14.5672619,-90.4719303,Santa Catarina Pinula,01051,KM. 12.5 Carretera a El Salvador,GT,https://www.cm.edu.gt,https://www.fablabs.io/labs/cmfablab,3d-printing;electronics,high,source:fablabs.io;status:active;kind:mini_fab_lab;idcode:1588
FABLAB CUNOC,14.845173,-91.5359758,C. Rodolfo Robles 29-99,09001,Quetzaltenango,GT,http://ingenieria.cunoc.usac.edu.gt/portal/,https://www.fablabs.io/labs/fablabcunoc,3d-printing;cnc;laser;vinyl-cutting,high,source:fablabs.io;status:active;kind:mini_fab_lab;idcode:3028
La Granja Fab Lab,14.8670975,-91.54743819999999,43 Av. 2-45 zona 8 (Contiguo a la Colonia El Maestro),09001,Quetzaltenango,GT,https://issuu.com/lagranjafab_lab,https://www.fablabs.io/labs/lagranjafablab,cnc;electronics;precision-milling,high,source:fablabs.io;status:active;kind:fab_lab;idcode:581
Chilero Lab,14.5401236,-90.5873635,2 avenida 4-35 2 avenida 4-35,01064,Villa Nueva,GT,,https://www.fablabs.io/labs/chilerofablab,3d-printing;cnc,medium,source:fablabs.io;status:planned;kind:mini_fab_lab;idcode:2277
FabLab JCCSSYL,22.4535041,114.0029989,5 Tin Wu Road,,Hong Kong,HK,https://www.youcanmakealmosteverything.com,https://www.fablabs.io/labs/fablabjccssyl,3d-printing;cnc;electronics;laser;vinyl-cutting,high,source:fablabs.io;status:active;kind:fab_lab;idcode:2377
LAB by Dimension Plus,22.3252435,114.164442,"198 Tai Nan Street, Sham Shui Po Kowloon",852,Hong Kong,HK,http://labbydimensionplus.co/hk,https://www.fablabs.io/labs/labbydimensionplus,3d-printing;electronics;laser;precision-milling;vinyl-cutting,high,source:fablabs.io;status:unknown;kind:mini_fab_lab;idcode:992
Fablab Hong Kong,22.3193039,114.1693611,"Blk C, On lok Fty Bldg,, 95 ha hueng rd",,tokwawan,HK,http://www.fablab.org.hk,https://www.fablabs.io/labs/fablabhongkong,3d-printing;cnc;electronics;laser,high,source:fablabs.io;status:active;kind:fab_lab;idcode:3152
Fablab Unitec,14.0480869,-87.17412449999999,Boulevard Kennedy V-782,11101,Tegucigalpa,HN,https://fabacademy.org/2023/labs/puebla/students/favell-nunez/,https://www.fablabs.io/labs/unitec,3d-printing;cnc;electronics;laser;precision-milling;vinyl-cutting,high,source:fablabs.io;status:active;kind:fab_lab;idcode:2775
Adriatic GreenLab,43.72572657448715,15.79577620342713,Ul. IX 98,10000,Prvic Luka,HR,https://agl.fablab.hr,https://www.fablabs.io/labs/adriaticgreenlab,3d-printing;cnc;electronics;laser;precision-milling;vinyl-cutting,high,source:fablabs.io;status:planned;kind:fab_lab;idcode:2976
FabLab Zagreb,45.81209579999999,15.9654375,Ilica 69,10000,Zagreb,HR,http://www.fablab.hr,https://www.fablabs.io/labs/fablabhr,3d-printing;cnc;electronics;laser;precision-milling;vinyl-cutting,high,source:fablabs.io;status:active;kind:fab_lab;idcode:793
PopUp Fablab.hr,45.8149363,15.98193,Ilica 69,10000,Zagreb,HR,,https://www.fablabs.io/labs/popupfablabhr,3d-printing;cnc;electronics;laser;precision-milling;vinyl-cutting,high,source:fablabs.io;status:active;kind:mobile;idcode:2975
FabLab Budapest,47.507753,19.06231009999999,Eotvos St 29-27.,1067,Budapest,HU,http://www.fablabbudapest.com,https://www.fablabs.io/labs/fablabbudapest,3d-printing;cnc;electronics;laser;precision-milling;vinyl-cutting,high,source:fablabs.io;status:active;kind:fab_lab;idcode:224
Fab Lab Bali,-8.7931195,115.1501316,"J-Loft 2C, Jimbaran HUB, Jl. Karang Mas, Jimbaran, Kuta Selatan",80361,Badung,ID,https://fablabbali.com/,https://www.fablabs.io/labs/fablabbali,3d-printing;cnc;electronics;laser;precision-milling;vinyl-cutting,high,source:fablabs.io;status:active;kind:fab_lab;idcode:2755
Fablab Bandung,-6.9314412,107.5967332,Jl Kopo No 78 Bandung,40232,Bandung,ID,http://www.fablabbandung.org,https://www.fablabs.io/labs/fablabbandung,3d-printing;electronics;laser,high,source:fablabs.io;status:active;kind:fab_lab;idcode:1018
Fablab Jababeka,-6.2827801,107.1768789,"Convention Center, President University, Jl. H.Usmar Ismail No.7 Blok D, Mekarmukti, Cikarang Utara, Bekasi Regency, West Java 17530 Convention Center, President University, Jl. H.Usmar Ismail No.7 Blok D, Mekarmukti, Cikarang Utara, Bekasi Regency, West Java 17530",17530,Bekasi,ID,https://www.fablabjababeka.com/,https://www.fablabs.io/labs/fablabjababeka,3d-printing;cnc;laser,high,source:fablabs.io;status:active;kind:fab_lab;idcode:2598
Fastlab UTY,-7.748563,110.3563471,"UTY Creative Hub Building, UTY Campus 1, Jl. Siliwangi (North Ring Road), Jombor",55284,Sleman,ID,https://kreanovasi.uty.ac.id/fastlab,https://www.fablabs.io/labs/fastlabuty,3d-printing;cnc;electronics;laser;precision-milling;vinyl-cutting,high,source:fablabs.io;status:active;kind:fab_lab;idcode:3065
Keiko Design Lab,-7.308844499999998,112.7689553,Jl. Panjang Jiwo No.60,60299,Surabaya,ID,,https://www.fablabs.io/labs/keikodesignlab,3d-printing;cnc;laser;precision-milling,high,source:fablabs.io;status:active;kind:fab_lab;idcode:1272
Fablab Jogja,-7.850779,110.15411,Tunjungan street,55651,Wates,ID,https://fablabjogja.ditpui.ugm.ac.id/,https://www.fablabs.io/labs/fablabjogja,3d-printing;cnc;electronics;laser;precision-milling;vinyl-cutting,high,source:fablabs.io;status:active;kind:fab_lab;idcode:2634
HONFablab,-7.807978200000001,110.3772675,Jalan Taman Siswa Yogyakarta,55151,Yogyakarta City,ID,http://www.honfablab.org,https://www.fablabs.io/labs/honfablab,3d-printing;cnc;electronics;laser;precision-milling;vinyl-cutting,high,source:fablabs.io;status:unknown;kind:fab_lab;idcode:42
Fab Lab Ballyshannon,54.5018355,-8.193278299999974,The Mall,,Ballyshannon,IE,http://www.fablab-ballyshannon.org,https://www.fablabs.io/labs/fablabballyshannon,3d-printing;cnc;electronics;laser;precision-milling;vinyl-cutting,high,source:fablabs.io;status:active;kind:mini_fab_lab;idcode:1621
WeCreate Workspace,52.94671828146272,-8.036766296386759,North Tipperary Enterprise Park,IRL,Cloughjordan,IE,http://www.wecreate.ie,https://www.fablabs.io/labs/wecreateworkspace,3d-printing;cnc;electronics;laser;precision-milling;vinyl-cutting,high,source:fablabs.io;status:active;kind:fab_lab;idcode:242
Creative Spark Enterprise Fablab,53.9843145,-6.383099,Clontygora Drive Muirhevnamor,A91HF77,Dundalk,IE,https://creativespark.ie/fablab.html,https://www.fablabs.io/labs/enterprisefablab,3d-printing;cnc;electronics;laser;precision-milling;vinyl-cutting,high,source:fablabs.io;status:active;kind:fab_lab;idcode:2647
WWETB FabLab Enniscorthy,52.5117032,-6.5837932,Enniscorthy Enterprise & Technology Ctr Milehouse Road,Y2 D8W6,Ennicsorthy,IE,https://www.wwetb.ie/fet/fet-centres/fablab-enniscorthy/,https://www.fablabs.io/labs/wwetbfablabenniscorthy,3d-printing;cnc;electronics;laser;precision-milling,high,source:fablabs.io;status:active;kind:fab_lab;idcode:1885
Fab Lab Limerick,52.6659011,-8.623944999999999,UL City Campus Sarsfield Street,V94 DW21,Limerick,IE,http://fablab.saulstudio.ie,https://www.fablabs.io/labs/fablablimerick,3d-printing;cnc;laser;vinyl-cutting,high,source:fablabs.io;status:active;kind:fab_lab;idcode:286
Fab Lab Maker Hub,54.24585847570538,-8.29321664268798,Fawn Dromahair,F91 A2N7,Manorhamilton,IE,http://www.makerhub.ie,https://www.fablabs.io/labs/fablabmakerhub,3d-printing;cnc;electronics;laser;vinyl-cutting,high,source:fablabs.io;status:active;kind:fab_lab;idcode:691
WWETB Lismore FabLab,52.132985,-7.928090500000001,FabLab Lismore Business Park,P51 X62W,Mayfield,IE,,https://www.fablabs.io/labs/wwetblismorefablab,3d-printing;cnc;laser;precision-milling;vinyl-cutting,high,source:fablabs.io;status:active;kind:fab_lab;idcode:2919
TechCreate,53.3156135,-6.6428686,Unit 2 Longtown Business Park,W23 H9W0,Straffan,IE,http://www.techcreate.ie,https://www.fablabs.io/labs/techcreate,3d-printing;cnc;laser;vinyl-cutting,high,source:fablabs.io;status:active;kind:fab_lab;idcode:978
New Ross Fab Lab,52.3958951,-6.9452627,St Michael Street,Y34 N799,Wexford,IE,,https://www.fablabs.io/labs/newrossfablab,3d-printing;cnc;laser;vinyl-cutting,high,source:fablabs.io;status:active;kind:fab_lab;idcode:3045
Make-It,31.9160933,34.768095,Ayanot Ayanot,7682000,Ayanot,IL,https://www.make-it.co.il/,https://www.fablabs.io/labs/makeitil,3d-printing;cnc;electronics,high,source:fablabs.io;status:planned;kind:mini_fab_lab;idcode:2355
FABLAB EIN HOD ARTISTS' VILLAGE,32.7025198,34.9795623,Ein Hod,30890,Ein Hod,IL,http://en.ein-hod.org/about-ein-hod/,https://www.fablabs.io/labs/fablabeinhod,3d-printing;cnc;electronics;laser;precision-milling;vinyl-cutting,high,source:fablabs.io;status:planned;kind:fab_lab;idcode:1307
Wanger family FabLab at MadaTech,32.8094225,34.99619580000001,"Balfour 12 MadaTech Museum, Education Building",,Haifa,IL,http://www.pinterest.com/fablabmadatech,https://www.fablabs.io/labs/fablabmadatech,3d-printing;cnc;electronics;laser;precision-milling;vinyl-cutting,high,source:fablabs.io;status:active;kind:fab_lab;idcode:203
Fab Lab IL,32.0054771,34.76309229999993,4 Haamoraim st,,Holon,IL,http://fablabil.org,https://www.fablabs.io/labs/fablabil,3d-printing;cnc;electronics;laser;precision-milling;vinyl-cutting,medium,source:fablabs.io;status:unknown;kind:fab_lab;idcode:174
FabLab Jerusalem,31.768602,35.213947,Jerusalem,,Jerusalem,IL,,https://www.fablabs.io/labs/fablabjerusalem,3d-printing;cnc;electronics;laser;vinyl-cutting,medium,source:fablabs.io;status:planned;kind:fab_lab;idcode:202
Ron Vardi Fab Lab,31.9555961,34.80233559999999,Herzl Street,,Rishon LeTsiyon,IL,http://roncenter.co.il/,https://www.fablabs.io/labs/ronvardifablab,3d-printing;cnc;laser;precision-milling;vinyl-cutting,high,source:fablabs.io;status:active;kind:fab_lab;idcode:1574
Hope Lab,32.0646992,34.77251360000002,17 Hahashmal,,Tel Aviv-Yafo,IL,,https://www.fablabs.io/labs/hopelab,3d-printing;cnc;electronics;laser;precision-milling;vinyl-cutting,medium,source:fablabs.io;status:active;kind:fab_lab;idcode:1256
Impact Labs,32.0503025,34.76668560000007,HaPelech St 7,,Tel Aviv-Yafo,IL,http://impactlabs.tech,https://www.fablabs.io/labs/impactlabs,3d-printing;cnc;laser;vinyl-cutting,high,source:fablabs.io;status:active;kind:fab_lab;idcode:1742
"MakeLab Israel, Yehud",32.0341111,34.89093039999999,28 Kdoshei Mitsrayim St,,Yehud-Monosson,IL,https://www.makelab.org.il/,https://www.fablabs.io/labs/makelabisrael,3d-printing;cnc;electronics;laser;precision-milling;vinyl-cutting,high,source:fablabs.io;status:active;kind:fab_lab;idcode:2014
Makers Hive,16.6779431,81.51990339999998,,,-,IN,http://www.makershive.in,https://www.fablabs.io/labs/makershive,3d-printing;cnc;electronics;laser;precision-milling;vinyl-cutting,medium,source:fablabs.io;status:planned;kind:mini_fab_lab;idcode:1553
Rural lab,14.6818877,77.60059109999997,,,-,IN,http://www.ruralab.org,https://www.fablabs.io/labs/ruralab,3d-printing,medium,source:fablabs.io;status:planned;kind:mobile;idcode:1924
FabLab CEPT,23.040326,72.54840899999999,"FabLab CEPT, Workshop, CEPT University University Road, Ahmedabad-380015, Gujarat",380009,Ahmedabad,IN,http://archive.fabacademy.org/archives/2017/fablabcept,https://www.fablabs.io/labs/fablabcept,3d-printing;cnc;electronics;laser;precision-milling;vinyl-cutting,high,source:fablabs.io;status:active;kind:fab_lab;idcode:375
VASCSC FabLab,23.0361548,72.54929679999998,"Opp. Gujarat University , Navrangpura",380009,Ahmedabad,IN,http://vascsc.org,https://www.fablabs.io/labs/vascscfablab,3d-printing;cnc;electronics;laser;precision-milling;vinyl-cutting,high,source:fablabs.io;status:active;kind:fab_lab;idcode:2076
Minvayu,12.0155611,79.79788719999999,Auroville Terrasoul Farm,605101,Auroville,IN,,https://www.fablabs.io/labs/minvayu,3d-printing;cnc;electronics;precision-milling;vinyl-cutting,high,source:fablabs.io;status:active;kind:fab_lab;idcode:2312
E4D Banjarapalya,12.8325494,77.48522830000002,"#25, Banjarapalya village, near Vatsalya charitable trust, opp. Gururaj Pagad Farm Thataguni post, Kanakapura Road",560082,Bangalore,IN,http://e4d.io/index/,https://www.fablabs.io/labs/bpalya,electronics,high,source:fablabs.io;status:unknown;kind:mini_fab_lab;idcode:773
Makerspace@CMRIT,12.9656735,77.71208720000004,"CMR Institute of Technology 132 AECS Layout ITPL Main Road, Kundalahalli",560037,Bangalore,IN,http://www.cmrit.ac.in/makerspace/,https://www.fablabs.io/labs/makerspacecmrit,3d-printing;cnc;electronics;laser,high,source:fablabs.io;status:active;kind:fab_lab;idcode:1695
Workbench Projects,12.97651232612318,77.6265611465576,"Halasuru Metro Station, Old Madras Road Gupta Layout, Halasuru",560008,Bangalore,IN,http://www.workbenchprojects.com,https://www.fablabs.io/labs/workbenchprojects,3d-printing;cnc;electronics;laser;vinyl-cutting,high,source:fablabs.io;status:active;kind:fab_lab;idcode:762
Artilab Foundation,13.02127091179049,77.53994487782971,"Ground Floor, 62A, Pragathi Mahalakshmi Building Industrial Suburb, Yeshwanthpur",560022,Bengaluru,IN,,https://www.fablabs.io/labs/artilabfoundation,3d-printing;cnc;electronics;laser;precision-milling;vinyl-cutting,high,source:fablabs.io;status:active;kind:fab_lab;idcode:2368
AIC-RNTU FabLab,23.1342968,77.5642909,"Rabindranath tagore university Chiklod Rd, Bhopal, Madhya Pradesh",464993,Bhopal,IN,http://www.aicrntu.com,https://www.fablabs.io/labs/aicrntu,3d-printing;cnc;electronics;laser;precision-milling;vinyl-cutting,high,source:fablabs.io;status:active;kind:fab_lab;idcode:2108
Fablab AIC Aartech,23.0987029,77.50500160000001,"35-A/36 Sector-B, Industrial Area, Mandideep, District Raisen, Madhya Pradesh (M.P.) India 462046",462046,Bhopal,IN,http://www.aic-aartech.in/,https://www.fablabs.io/labs/aicaartech,3d-printing;cnc;laser;vinyl-cutting,high,source:fablabs.io;status:active;kind:fab_lab;idcode:1861
InThinks,23.2301233,77.43514519999997,"168, Zone-2 MP Nagar",462011,Bhopal,IN,http://www.inthinks.com,https://www.fablabs.io/labs/inthinksfablab,3d-printing;cnc;electronics;laser;precision-milling,high,source:fablabs.io;status:planned;kind:fab_lab;idcode:811
Fab Lab STPI Bhubaneswar,20.2926485,85.74300419999997,"STPI ELITE, Software Technology Parks of India, (Ministry of Electronics and IT, Govt. of India) Gothapatna, PO- Malipada, IDCO Industrial Area",751003,Bhubaneswar,IN,https://fablab.stpi.in,https://www.fablabs.io/labs/fablabstpibhubaneswar,3d-printing;cnc;electronics;laser;precision-milling;vinyl-cutting,high,source:fablabs.io;status:active;kind:fab_lab;idcode:2042
Chandigarh,30.7189701,76.74954579999999,"1480/1 , Sector 43-B Chandigarh Sector 43-B",160043,Chandigarh,IN,http://Direct Contact for  Fab Lab activities fablabchandigarh@gmail.com,https://www.fablabs.io/labs/fablabchandigarh,3d-printing;cnc;electronics;laser;precision-milling;vinyl-cutting,high,source:fablabs.io;status:active;kind:fab_lab;idcode:1570
Mini Fablab CEC,9.3179795,76.61097500000005,Chengannur P.O,689121,Chengannur,IN,,https://www.fablabs.io/labs/fablabcec,3d-printing;cnc;electronics;laser;precision-milling;vinyl-cutting,medium,source:fablabs.io;status:planned;kind:fab_lab;idcode:1297
Creative Lab RNTBCI,12.7377666,80.00481200000002,Renault Nissan Technology Business Center India Private Limited,603002,Chennai,IN,,https://www.fablabs.io/labs/creativelabrntbci,3d-printing;laser;vinyl-cutting,high,source:fablabs.io;status:active;kind:mini_fab_lab;idcode:2035
INTO Fab Lab,13.0026173,80.25174700000002,"Door No 32, Second Floor, 3rd Cross street Kasturibai Nagar, Adyar",600020,Chennai,IN,http://www.intodesignresearch.com,https://www.fablabs.io/labs/INTOFabLab,3d-printing,high,source:fablabs.io;status:unknown;kind:fab_lab;idcode:1276
Peza FabLab,13.031894,80.23668020000002,7 SOUTH WEST BOAG ROAD T.NAGAR,600017,Chennai,IN,,https://www.fablabs.io/labs/pezafablab,3d-printing;cnc;electronics;laser;precision-milling;vinyl-cutting,high,source:fablabs.io;status:active;kind:fab_lab;idcode:1767
Mini Fablab JECC,10.7270283,76.2912351,Jyothi Engineering College Work Shop Lab,679531,Cheruthuruthy,IN,http://jecc.ac.in,https://www.fablabs.io/labs/jeccfablab,3d-printing;cnc;electronics;laser;precision-milling;vinyl-cutting,high,source:fablabs.io;status:planned;kind:fab_lab;idcode:1281
"Centre for Advanced CNC and Robotics,. PSG College of Technology",11.0248086,77.00282629999992,Department of Robotics and Automation Engg PSG College of Technology,641004,Coimbatore,IN,,https://www.fablabs.io/labs/centreforadvancedcncandrobotics,cnc;precision-milling,medium,source:fablabs.io;status:unknown;kind:fab_lab;idcode:521
Fab.Forge,11.0821664,76.9868639,"FORGE.FACTORY G Floor, KCT Tech Park, #3 Athipalayam Road, Chinnavedampatti,",641049,Coimbatore,IN,https://www.labs.forgeforward.in/,https://www.fablabs.io/labs/fabforge,3d-printing;cnc;electronics;laser;precision-milling;vinyl-cutting,high,source:fablabs.io;status:active;kind:fab_lab;idcode:1686
FabLabz,11.0222538,76.9869669,"Sri Ramakrishna College of Arts and Science, Navaindia, Coimbatore.",641006,Coimbatore,IN,http://www.fablabz.in,https://www.fablabs.io/labs/fablabz,3d-printing;electronics;laser,high,source:fablabs.io;status:active;kind:fab_lab;idcode:1862
Mini Fablab Kerala SNGCE,10.0082454,76.45310510000002,"Sree Narayana Gurukulam College of Engineering Kadayiruppu, Kolencherry",682311,ERNAKULAM,IN,,https://www.fablabs.io/labs/minifablabkeralasngce,3d-printing;cnc;electronics;laser;precision-milling;vinyl-cutting,high,source:fablabs.io;status:active;kind:mini_fab_lab;idcode:1283
MINI FABLAB- ADISHANKARA,10.1777491,76.42974370000002,"Adi Shankara Institute of science and technology Near Shankara arts college , Mattor,Kalady",683574,Ernakulam,IN,http://www.adishankara.ac.in,https://www.fablabs.io/labs/minifabasiet,3d-printing;cnc;electronics;laser;precision-milling;vinyl-cutting,high,source:fablabs.io;status:active;kind:mini_fab_lab;idcode:1295
Mini FabLab FISAT,10.23141642625898,76.40879383187712,Mookkannoor P O Angamaly,683577,Ernakulam,IN,http://fisat.ac.in/pages/FABLAB,https://www.fablabs.io/labs/fablabfisat,3d-printing;cnc;electronics;laser;precision-milling;vinyl-cutting,high,source:fablabs.io;status:active;kind:mini_fab_lab;idcode:1289
Rajagiri Sunya Fablab,9.9949365,76.35978360000001,"Rajagiri School of Engineering & Technology, Rajagiri Valley PO Kochi",682039,Ernakulam,IN,http://sunya.rajagiritech.ac.in/,https://www.fablabs.io/labs/rajagiri,3d-printing;cnc;electronics;laser;precision-milling;vinyl-cutting,high,source:fablabs.io;status:active;kind:mini_fab_lab;idcode:1285
SSET FABERSPACE,10.2714564,76.3990258,SCMS School of Engineering and Technology Vidya Nagar Palissery Karukutty Ernakulam,683576,Ernakulam,IN,http://www.scmsgroup.org/sset/,https://www.fablabs.io/labs/ssetfaberspace,3d-printing;cnc;electronics;laser;precision-milling;vinyl-cutting,high,source:fablabs.io;status:planned;kind:fab_lab;idcode:1300
hackerslab,11.2961085,77.6212705,"Nandha Arts And Science College Koorapalayam,Perundurai,",638052,Erode,IN,https://instagram.com/download/?r=8443516092,https://www.fablabs.io/labs/l1labs,,high,source:fablabs.io;status:active;kind:fab_lab;idcode:1888
EnCube Labs,23.0196318,72.55345809999994,"B101, Vinayak Riverside, Raysan Village",382421,Gandhinagar,IN,http://www.encube.co,https://www.fablabs.io/labs/EnCube,3d-printing;electronics;laser;precision-milling;vinyl-cutting,high,source:fablabs.io;status:active;kind:fab_lab;idcode:684
National Innovation Foundation -India (NIF),23.3714816,72.6936786,Grambharti Amarapur,382721,Gandhinagar,IN,https://www.facebook.com/fablabnifindia,https://www.fablabs.io/labs/nif,3d-printing;cnc;electronics;laser;precision-milling;vinyl-cutting,high,source:fablabs.io;status:active;kind:fab_lab;idcode:37
AKGEC FABLAB,28.6797917,77.50354089999996,"Ajay Kumar Garg Engineering College 27th km Stone, NH-24, Delhi-Hapur Bypass Road, Adhyatmik Nagar,",201009,Ghaziabad,IN,,https://www.fablabs.io/labs/akgecfablab,3d-printing;cnc;electronics;laser;precision-milling;vinyl-cutting,high,source:fablabs.io;status:active;kind:fab_lab;idcode:1192
KIET TBI PRAYAS SHALA FabLab,28.7528565,77.4976432,"KIET Group of Institution, Ghaziabad 13 km Stone, Ghaziabad-Meerut Road",201206,Ghaziabad,IN,http://www.tbi-kiet.in/home,https://www.fablabs.io/labs/KIETTBIPRAYASSHALAFabLab,3d-printing;cnc;electronics;laser;precision-milling;vinyl-cutting,high,source:fablabs.io;status:active;kind:fab_lab;idcode:2358
Fablab Hosur,12.7249791,77.861795,"SIPCOT Industrial Innovation Centre (Fort), Plot No. CP-3 & CP 4, (Near TVS Academy), SIPCOT Industrial Complex, Phase - II, Moranapalli",635109,Hosur,IN,https://www.fort.forgeforward.in/,https://www.fablabs.io/labs/fabforgehosur,3d-printing;cnc;laser;vinyl-cutting,high,source:fablabs.io;status:active;kind:fab_lab;idcode:2588
LOGICBRIGADE FAB LAB (Future Thinks),23.1845344,79.98532840000007,"1295, Wright Town Jabalpur (M.P.)",482002,Jabalpur,IN,http://logicbrigade.com/,https://www.fablabs.io/labs/logicbrigade,3d-printing;cnc;electronics;laser;precision-milling;vinyl-cutting,high,source:fablabs.io;status:unknown;kind:fab_lab;idcode:914
RoboKriti.India,23.1902199,79.90491559999998,"Vijay Nagar 3036 (3rd Floor), SBI Chowk",482002,Jabalpur,IN,http://robokriti.com/,https://www.fablabs.io/labs/robokriti,3d-printing;cnc;electronics;laser;vinyl-cutting,high,source:fablabs.io;status:planned;kind:mini_fab_lab;idcode:1535
BSDU FabLab,26.81637465995985,75.59962156032714,"BHARATIYA SKILL DEVELOPMENT University Plot 001-002, DTA, Mahindra World City, Off Ajmer Road",302037,Jaipur,IN,,https://www.fablabs.io/labs/bsdufablab,3d-printing;cnc;electronics;laser;precision-milling;vinyl-cutting,high,source:fablabs.io;status:active;kind:fab_lab;idcode:1793
Mini FabLab Kerala- GCEK,11.9858961,75.38210030000005,670563 Govt College of Engg. Kannur,670563,Kannur,IN,http://www.gcek.ac.in/fablab,https://www.fablabs.io/labs/fablabgcek,3d-printing;cnc;electronics;laser;precision-milling;vinyl-cutting,high,source:fablabs.io;status:planned;kind:fab_lab;idcode:1292
Indian Institute of Technology,26.449923,80.3318736,,208006,Kanpur,IN,,https://www.fablabs.io/labs/indianinstituteoftechnology,,low,source:fablabs.io;status:unknown;kind:fab_lab;idcode:39
Fablab Salem,11.7127013,78.08823579999999,"Goverment College of Engineering NH 44 Karuppur, Salem, Tamilnadu",636011,Karuppur,IN,https://www.forgeforward.in/,https://www.fablabs.io/labs/fablabsalem,3d-printing;electronics;laser;precision-milling;vinyl-cutting,high,source:fablabs.io;status:active;kind:fab_lab;idcode:2818
Lal Bahadur Shastri Mini Fab Lab Kasaragod,12.50293112924135,75.08005568399199,"Povval, Muliyar P.O, Cherkala",671542,Kasaragod,IN,http://www.lbscek.ac.in,https://www.fablabs.io/labs/lbsfablab,3d-printing;cnc;electronics;laser;precision-milling;vinyl-cutting,high,source:fablabs.io;status:active;kind:mini_fab_lab;idcode:1282
Fablab Narmadalaya,22.1200625,75.68793749999999,"Vivekananda Institute of Rural Technology , Lepa Punarvas Kasrawad",451228,Khargone,IN,https://www.narmadalaya.org/main/,https://www.fablabs.io/labs/fablabnarmadalaya,3d-printing;cnc;electronics;laser;precision-milling;vinyl-cutting,high,source:fablabs.io;status:active;kind:fab_lab;idcode:2643
Minifab Kerala Model Engineering College Kochi,9.931170999999999,76.26725080000006,Model engineering College,682021,Kochi,IN,http://www.mec.ac.in,https://www.fablabs.io/labs/minifabkeralamodelengineeringcollegekochi,3d-printing;cnc;electronics;laser;precision-milling;vinyl-cutting,high,source:fablabs.io;status:planned;kind:fab_lab;idcode:1286
Super Fablab Kerala,10.0551984,76.3546161,"Integrated Startup Complex Kinfra Hi-Tech Park, Kalamassery",683503,Kochi,IN,http://www.fablabkerala.in,https://www.fablabs.io/labs/fablabcochin,3d-printing;cnc;electronics;laser;precision-milling;vinyl-cutting,high,source:fablabs.io;status:active;kind:fab_lab;idcode:893
APJ DREAMLAB TKMCE,8.9158185,76.63248079999994,"Kerala TKM College of Engineering, Karicode,",691005,Kollam,IN,,https://www.fablabs.io/labs/fablabtkmce,3d-printing;cnc;electronics;laser;precision-milling;vinyl-cutting,high,source:fablabs.io;status:active;kind:mini_fab_lab;idcode:1299
Sanjivani Fab Lab,19.9008768,74.4946956,"DEPT. OF MECHATRONICS ENGINEERING, SANJIVANI COLLEGE OF ENGINEERING",423603,Kopargaon Maharashtra India,IN,https://sanjivanicoe.org.in/,https://www.fablabs.io/labs/sanjivanifablab,3d-printing;cnc;electronics;laser;precision-milling;vinyl-cutting,high,source:fablabs.io;status:active;kind:fab_lab;idcode:2479
FabLab MACE,10.0522445,76.61899930000004,"Mar Athanasius College of Engineering, Kothamangalam, Kerala, India",686666,Kothamangalam,IN,http://mace.ac.in/,https://www.fablabs.io/labs/macefablab,3d-printing;cnc;electronics;laser;precision-milling;vinyl-cutting,high,source:fablabs.io;status:planned;kind:fab_lab;idcode:1298
Mini FabLab MACE,10.0522445,76.61899930000004,"Mar Athanasius College of Engineering, Kothamangalam, Kerala, India",686666,Kothamangalam,IN,http://mace.ac.in/,https://www.fablabs.io/labs/fablabmace,3d-printing;cnc;electronics;laser;precision-milling;vinyl-cutting,high,source:fablabs.io;status:planned;kind:fab_lab;idcode:1291
MINI FABLAB KERALA - MES COLLEGE OF ENGINEERING,10.8292951,76.02203740000004,Kuttippuram THRIKKANAPURAM P.O.,679573,Kuttippuram,IN,http://www.mesce.ac.in,https://www.fablabs.io/labs/mesce,3d-printing;cnc;electronics;laser;precision-milling;vinyl-cutting,high,source:fablabs.io;status:planned;kind:fab_lab;idcode:1287
Digilab,18.4931501,74.0234023,MIT ADT University,412201,Loni Kalbhor,IN,,https://www.fablabs.io/labs/digilab,3d-printing;cnc;laser;precision-milling,high,source:fablabs.io;status:active;kind:fab_lab;idcode:2918
FabLab Madurai,9.90869,78.1095581,"Tamilnadu Government Polytechnic College, Jaihindpuram",625011,Madurai,IN,https://www.forgeforward.in/,https://www.fablabs.io/labs/fablabmadurai,3d-printing;electronics;laser;precision-milling;vinyl-cutting,high,source:fablabs.io;status:active;kind:fab_lab;idcode:2850
Makerspace Manipal,13.35148821681928,74.79298333254087,"Makerspace, Innovation Centre MIT Campus",576104,Manipal,IN,https://shanbhaglabs.wordpress.com,https://www.fablabs.io/labs/makerspacemanipal,3d-printing;cnc;electronics;laser;precision-milling;vinyl-cutting,high,source:fablabs.io;status:active;kind:fab_lab;idcode:1546
Indian School of Design & Innovation,19.0066044,72.83242580000001,"4th Floor, Tower 2A One Indiabulls Centre, Senapati Bapat Marg, Lower Parel, Mumbai 400013.",400013,Mumbai,IN,http://www.isdi.in/design-innovation/,https://www.fablabs.io/labs/isdi,3d-printing;laser;precision-milling,high,source:fablabs.io;status:planned;kind:fab_lab;idcode:686
Maker Auto,19.1198711,72.8753385,"Mumbai D-11/1, Road No. 21, MIDC, Andheri East",400093,Mumbai,IN,http://makersasylum.com,https://www.fablabs.io/labs/makerauto,3d-printing;cnc;laser,high,source:fablabs.io;status:active;kind:mobile;idcode:1556
Makerspace - Shishuvan School,19.0295839,72.8566933,"Shishuvan School, 428/435, Shradhanand Rd, Brhmanwada, Matunga East",400019,Mumbai,IN,https://www.shishuvan.com/makerspace,https://www.fablabs.io/labs/makerspaceshishuvanschool,3d-printing;electronics;laser,high,source:fablabs.io;status:active;kind:fab_lab;idcode:2980
StoryOfMakers,19.007463,72.835413,"101,1st floor, Aga Building, B.M.Marg Above 90 Degree Cake Shop, Opp. Prabhadevi, David S Barretto Rd, Parel, Mumbai, 400013",400012,Mumbai,IN,https://thetmm.org/l-o-e/,https://www.fablabs.io/labs/storyofmakers,3d-printing;cnc;electronics,high,source:fablabs.io;status:active;kind:mini_fab_lab;idcode:2978
Tata Centre for Technology and Design (TCTD),19.130802,72.91733999999997,"Tata Centre for Technology and Design,Machine Lab, Ground floor, Academic Section, Lecture Hall Complex 2(L2), IIT Powai, Near KreSit building. Mumbai 400076.",400076,Mumbai,IN,http://www.tatacentre.iitb.ac.in/,https://www.fablabs.io/labs/tctd,3d-printing;cnc;electronics;laser;precision-milling;vinyl-cutting,high,source:fablabs.io;status:active;kind:fab_lab;idcode:1808
riidl Fablab,19.072446,72.900352,"520, riidl HQ, Bhaskaracharya Building, Somaiya Vidyavihar Campus Vidyavihar (East)",400077,Mumbai,IN,https://riidl.org/,https://www.fablabs.io/labs/riidl,3d-printing;cnc;electronics;laser;precision-milling;vinyl-cutting,high,source:fablabs.io;status:active;kind:fab_lab;idcode:689
Fablab Nagpur,21.121027,79.05404099999998,"Fablab Nagpur, 1st Floor, Wing A, Shewalkar Gardens, Opposite VNIT Gate No. 1 South Ambazari Road",440022,Nagpur,IN,http://www.fablabnagpur.com,https://www.fablabs.io/labs/fablabnagpur,3d-printing;cnc;electronics;laser;precision-milling;vinyl-cutting,high,source:fablabs.io;status:active;kind:fab_lab;idcode:1802
Heera College Of Engineering and Technology-FABLAB,8.6834256,76.9821346,"Heera College of Engineering and Technology Panavoor,Aanad",695568,"Nedumangadu, Thiruvananthapuram",IN,http://www.hcet.in/,https://www.fablabs.io/labs/hcet,3d-printing;cnc;electronics;laser;precision-milling;vinyl-cutting,high,source:fablabs.io;status:planned;kind:fab_lab;idcode:1288
Mohali,30.7931707,76.7183676,New Chandigarh,,New Chandigarh,IN,https://www.facebook.com/fablabsas,https://www.fablabs.io/labs/mohali,3d-printing;electronics;laser;precision-milling;vinyl-cutting,high,source:fablabs.io;status:active;kind:fab_lab;idcode:1619
MakersBox,28.5216495,77.27693620000002,"D-181, Okhla Industrial Area Phase 1",110020,New Delhi,IN,http://www.makersbox.in,https://www.fablabs.io/labs/makersbox,3d-printing;electronics;vinyl-cutting,high,source:fablabs.io;status:active;kind:fab_lab;idcode:1732
Netaji Subhas Institute of Technology,28.7040592,77.1024901999999,,110085,New Delhi,IN,,https://www.fablabs.io/labs/netajisubhasinstituteoftechnology,,low,source:fablabs.io;status:unknown;kind:fab_lab;idcode:38
"Fablab,Noida",28.615502,77.3660378,"C-56/47, Sector-62,Noida ( U.P)",201307,Noida,IN,,https://www.fablabs.io/labs/rentechnologies01,3d-printing;cnc;electronics;laser;precision-milling;vinyl-cutting,high,source:fablabs.io;status:active;kind:fab_lab;idcode:1870
Maker's Asylum,15.5951112,73.8341174,"Makers Asylum House No 661, Moira Village",403507,North Goa,IN,http://www.makersasylum.com,https://www.fablabs.io/labs/makersasylum,3d-printing;cnc;electronics;laser;precision-milling;vinyl-cutting,high,source:fablabs.io;status:active;kind:fab_lab;idcode:807
Vigyan Ashram,18.8323857,74.0518668,,412403,Pabal,IN,http://www.vigyanashram.com,https://www.fablabs.io/labs/vigyanashram,3d-printing;cnc;laser;vinyl-cutting,medium,source:fablabs.io;status:corona;kind:fab_lab;idcode:40
IIT Palakkad Technology I-HUB Foundation - Fablab,10.809957,76.7330704,"D03, Dr APJ Abdul Kalam Block IIT Palakkad",678621,Palakkad,IN,https://iptif.tech/fablab/,https://www.fablabs.io/labs/iptif,3d-printing;cnc;electronics;laser;precision-milling;vinyl-cutting,high,source:fablabs.io;status:active;kind:fab_lab;idcode:2728
Panchkula,30.67802499999999,76.84394499999999,"Bay No.19, Sector 14",134113,Panchkula,IN,https://www.ziosmakerspace.com,https://www.fablabs.io/labs/panchkula,3d-printing,high,source:fablabs.io;status:active;kind:fab_lab;idcode:2212
Mini Fab Lab Saintgits,9.509735599999999,76.55168290000006,Pathamuttam,686001,Pathamuttam,IN,http://www.fablab.io,https://www.fablabs.io/labs/fablabsaintgits,3d-printing;cnc;electronics;laser;precision-milling;vinyl-cutting,high,source:fablabs.io;status:active;kind:mini_fab_lab;idcode:1284
"College of Engineering, Pune",18.5204303,73.8567436999999,,411011,Pune,IN,http://www.coep.org.in,https://www.fablabs.io/labs/collegeofengineeringpune,,medium,source:fablabs.io;status:unknown;kind:fab_lab;idcode:41
INIFD Kondhawa,18.5205081,73.85676949999993,"INIFD Kondhwa Pune Campus 1 & 2,Pune Near Kotak Mahindra Bank, Next To Bliss Cafe, Salunkhe Vihar Road, Kondhwa - Pune",411048,Pune,IN,http://www.inifdkondhwa.com,https://www.fablabs.io/labs/inifdkondhawa,,high,source:fablabs.io;status:active;kind:fab_lab;idcode:1645
INIFD Kondhawa Pune,18.5205081,73.85676949999993,"Pune Near Kotak Mahindra Bank, Next To Bliss Cafe, Salunkhe Vihar Road, Kondhwa - Pune",411048,Pune,IN,http://www.inifdkondhwa.com,https://www.fablabs.io/labs/inifdkondhawaPune,3d-printing;cnc;laser;vinyl-cutting,high,source:fablabs.io;status:active;kind:fab_lab;idcode:1646
36 Inc Fablab,21.2550659,81.64638579999999,City Center Mall 3rd floor,492001,Raipur,IN,http://36inc.gov.in/fablab,https://www.fablabs.io/labs/36incfablab,3d-printing;cnc;electronics;laser;precision-milling;vinyl-cutting,high,source:fablabs.io;status:planned;kind:fab_lab;idcode:1092
Fablab Trichy,10.677928,78.5994941,"Government College of Engineering Sethurappatti, Srirangam, Trichy",620012,Sethurapatti,IN,https://www.forgeforward.in/,https://www.fablabs.io/labs/fablabtrichy,3d-printing;electronics;laser;precision-milling;vinyl-cutting,high,source:fablabs.io;status:active;kind:fab_lab;idcode:2819
Fablab Chennai,12.9316708,79.89704379999999,"SIPCOT Industrial Innovation Centre (FORT), Plot No. AM-1,(Near HP Petrol bunk at NH-4), SIPCOT Industrial Park, Phase - IV, Mambakkam,",602 106.,"Sriperumbudur, Kancheepuram District,",IN,https://www.fort.forgeforward.in/,https://www.fablabs.io/labs/fabforgesrp,3d-printing;cnc;electronics;laser;vinyl-cutting,high,source:fablabs.io;status:active;kind:fab_lab;idcode:2800
MINI FABLAB KERALA SCTCE TRIVANDRUM,8.4715165,76.97944510000002,SCT College of Engineering Pappanamcode,695018,Thiruvananthapuram,IN,http://www.sctce.ac.in,https://www.fablabs.io/labs/SCTCE,3d-printing;cnc;electronics;laser;precision-milling;vinyl-cutting,high,source:fablabs.io;status:planned;kind:fab_lab;idcode:1293
Mini FABLAB KERALA - CET - Trivandrum,8.5458091,76.90638230000002,"Ambadi Nagar,Trivandrum,Kerala",695016,Thiruvananthapuram,IN,http://www.cet.ac.in,https://www.fablabs.io/labs/minifablabcettrivandrum,,medium,source:fablabs.io;status:planned;kind:fab_lab;idcode:1296
"Mini Fab Lab Kerala - GEC, Thrissur",10.55448608924202,76.22466668261723,"Government Engineering College, Thrissur Ramavarmapuram",680009,Thrissur,IN,http://gectcr.ac.in/,https://www.fablabs.io/labs/gectfablab,3d-printing;cnc;electronics;laser;precision-milling;vinyl-cutting,high,source:fablabs.io;status:planned;kind:fab_lab;idcode:1280
Fablab Nellai,8.685685099999999,77.726225,"Government College of Engineering MPPG+C8J, Trivandrum Rd, Marshal Nager, Tirunelveli",627007,Tirunelveli,IN,https://www.forgeforward.in/,https://www.fablabs.io/labs/fablabnellai,3d-printing;cnc;electronics;laser;precision-milling;vinyl-cutting,high,source:fablabs.io;status:active;kind:fab_lab;idcode:2820
FABLAB KERALA - Trivandrum,8.5571667,76.8802965,"Kerala Startup Mission (KSUM) Ground floor IIITM-K building , Technopark Campus",699581,Trivandrum,IN,http://www.startupmission.kerala.gov.in/fablab,https://www.fablabs.io/labs/fablabkeralatrivandrum,3d-printing;cnc;electronics;laser;precision-milling;vinyl-cutting,high,source:fablabs.io;status:active;kind:fab_lab;idcode:892
Destor's Laboratory,24.6004375,73.72139059999999,Abhinav School Behind police line,313001,Udaipur,IN,,https://www.fablabs.io/labs/destorslaboratory,3d-printing;cnc;vinyl-cutting,medium,source:fablabs.io;status:planned;kind:mini_fab_lab;idcode:2190
FabLab Parul University Vadodara,22.2890233,73.3639158,"Parul University, Limda Waghodia, Vadodara",396017,Vadodara,IN,"http://22.28875536334462, 73.36346831818442",https://www.fablabs.io/labs/fablabVadodara,3d-printing;cnc;electronics;laser;precision-milling;vinyl-cutting,high,source:fablabs.io;status:active;kind:fab_lab;idcode:2603
MINI FABLAB VJCET,9.9474503,76.63503509999998,Vazhakulam,686670,Vazhakulam,IN,http://www.vjcet.ac.in,https://www.fablabs.io/labs/fablabvjcet,3d-printing;cnc;electronics;laser;precision-milling;vinyl-cutting,high,source:fablabs.io;status:planned;kind:fab_lab;idcode:1290
Logicbrigade,23.167721065908,79.92978471653288,Logic brigade C/o Aims Interactive 1295 wright town opp maharashtra school First Floor SIDBI bank,482002,jabalpur,IN,http://www.logicbrigade.com,https://www.fablabs.io/labs/aimslogicbrigade,3d-printing;cnc;electronics;laser;vinyl-cutting,high,source:fablabs.io;status:active;kind:fab_lab;idcode:1010
Mini Fablab RIT,9.580462800000001,76.62051059999999,Pampady,686501,kottayam,IN,,https://www.fablabs.io/labs/minifablabrit,3d-printing;cnc;electronics,medium,source:fablabs.io;status:planned;kind:fab_lab;idcode:1294
The Design Fablab,28.5944871,77.3266022,"the design village C29 & 75,Sector 8",201301,noida,IN,http:// www.thedesignvillage.org,https://www.fablabs.io/labs/thedesignfablab,3d-printing;cnc;electronics;laser;vinyl-cutting,high,source:fablabs.io;status:active;kind:fab_lab;idcode:2587
INIFD College Pune,18.5204281,73.85671430000002,"INIFD Kondhwa Pune Campus,Narayan Towers Salunke Vihar road, Kondhwa",411048,pune,IN,https://www.inifdcollegepune.com/,https://www.fablabs.io/labs/inifdcollegepune,3d-printing;cnc,high,source:fablabs.io;status:active;kind:mini_fab_lab;idcode:1998
Makers of Baghdad,33.3082625,44.4493281,Al Sina'a Street,10069,Baghdad,IQ,https://iotmaker.org/,https://www.fablabs.io/labs/makers,3d-printing;cnc;electronics;laser,high,source:fablabs.io;status:active;kind:fab_lab;idcode:2656
Science Camp (the Iraqi maker space),30.53702939999999,47.828159,"Hakimia. Rudaini St., Science Camp Facility",61001,Basra,IQ,https://www.facebook.com/Iraqimakerspace%20%20/?ref=bookmarks,https://www.fablabs.io/labs/sciencecamptheiraqimakerspace,3d-printing;cnc;electronics;laser;precision-milling;vinyl-cutting,high,source:fablabs.io;status:active;kind:fab_lab;idcode:2217
Erbil Makers Hub,36.2008343,44.0316614,"Brayati Street, Haval Bookstore's Building, 4th Floor",44001,Erbil,IQ,https://erbilmakershub.org,https://www.fablabs.io/labs/erbilmakershub,3d-printing;cnc;electronics;laser;vinyl-cutting,high,source:fablabs.io;status:active;kind:fab_lab;idcode:2837
Suli Innovation House,35.5547625,45.4256719,"The Culture Factory, As Sulaymaniyah, Iraq",46001,Sulaymaniyah,IQ,https://www.facebook.com/sulinnovhouse,https://www.fablabs.io/labs/sulinnovhouse,3d-printing;cnc;electronics;laser;vinyl-cutting,high,source:fablabs.io;status:active;kind:fab_lab;idcode:2550
Fablab Bandar-e Abbas,27.2022875,56.3345156,Resalat Avenue,,Bandar-e Abbas,IR,http://fablabbnd.ir,https://www.fablabs.io/labs/fablabbnd,3d-printing;electronics,medium,source:fablabs.io;status:corona;kind:mini_fab_lab;idcode:2309
Techno fablab,27.1960848,56.34271589999999,"Bandar-e Abbas, south golshar, Hekamt St , BND LEGO house",,Hormozgan,IR,http://www.techno-fab.ir,https://www.fablabs.io/labs/technofablab,3d-printing;cnc;electronics;laser,high,source:fablabs.io;status:active;kind:fab_lab;idcode:2240
BiaBesaz Fab Lab,32.64937090626837,51.6959822010856,Isfahan,,Isfahan,IR,https://t.me/BiaBesazFabLab,https://www.fablabs.io/labs/biabesazfablab,3d-printing;electronics;laser,high,source:fablabs.io;status:active;kind:fab_lab;idcode:2028
Isfahan Green Lab,32.551805,51.6886612,"NO. 01, SOROOR DEADEND, KIANOOSH SHOGHI ALLEY, GHAEM MAGHAM FARAHANI STREET",,Isfahan,IR,http://www.greenlab.studio,https://www.fablabs.io/labs/marjanjelveh,3d-printing;laser,high,source:fablabs.io;status:active;kind:fab_lab;idcode:1114
Digital Craft House,35.8506381,50.98841019999998,"Digital Craft House, University of Art, Karaj Campus",,Karaj,IR,http://@dchouse.ir,https://www.fablabs.io/labs/dchouse,3d-printing;cnc;laser,high,source:fablabs.io;status:active;kind:fab_lab;idcode:1988
Khooshebast Microfactory,36.3037129,59.6080161,"Khorasan Science & Technology Park 48th Emamat, Emamt BLV. Mashhad",9188796586,Mashhad,IR,http://www.khooshebast.com,https://www.fablabs.io/labs/khooshebast,3d-printing;cnc;electronics;laser;precision-milling;vinyl-cutting,high,source:fablabs.io;status:active;kind:fab_lab;idcode:3106
Archifab Studio,35.7298935,51.82489750000002,9th Noavari St Pardis Technology Park,,Tehran,IR,http://www.archifab.ir,https://www.fablabs.io/labs/archifabstudio,3d-printing;cnc;electronics;laser;precision-milling;vinyl-cutting,high,source:fablabs.io;status:active;kind:fab_lab;idcode:1734
Archotonic,35.7071136,51.39939129999993,Tehran University,,Tehran,IR,http://www.archotonic.com,https://www.fablabs.io/labs/archotonic,,medium,source:fablabs.io;status:planned;kind:fab_lab;idcode:989
CARBON Fab Lab,35.724228,51.39759630000003,"Amir Abad, Tehran, Iran",,Tehran,IR,http://www.carbonstudio.ir,https://www.fablabs.io/labs/carbonfablab,3d-printing;cnc;electronics;laser;precision-milling,medium,source:fablabs.io;status:unknown;kind:fab_lab;idcode:278
FabLab Tehran,35.7305314,51.82527849999997,"No.81, 8th Noavari St., Pardis Technology Park",1657167318,Tehran,IR,http://fablab.ir/,https://www.fablabs.io/labs/fablabtehran,3d-printing;cnc;electronics;laser;precision-milling,high,source:fablabs.io;status:active;kind:fab_lab;idcode:1054
Haft O Hasht TechShop,35.7004007,51.31952649999994,"No.31, Lashkari Expy, Azadi Sq",,Tehran,IR,http://haftohasht.studio/,https://www.fablabs.io/labs/haftohashttechshop,3d-printing;laser,high,source:fablabs.io;status:active;kind:fab_lab;idcode:2018
Pars IoCAD,35.7219094,51.3931525,"2nd Street north Kargar, dovom st., Pars university",,Tehran,IR,http://t.me/pars_iocad,https://www.fablabs.io/labs/parsiocad,3d-printing;laser,high,source:fablabs.io;status:active;kind:fab_lab;idcode:1603
"Fab Lab Akranes, Innovation Center Iceland",64.322357,-22.07443,,,Akranes,IS,http://fablabakranes.is,https://www.fablabs.io/labs/fablabakranesinnovationcentericeland,,medium,source:fablabs.io;status:unknown;kind:fab_lab;idcode:34
Fab Lab Akureyri,65.6718188,-18.10169289999999,Hringteigur 2 Verkmenntaskolinn a Akureyri,600,Akureyri,IS,https://fablab.is/starfsstodvar/akureyri/,https://www.fablabs.io/labs/fablabakureyri,3d-printing;cnc;electronics;laser;precision-milling;vinyl-cutting,high,source:fablabs.io;status:active;kind:fab_lab;idcode:1363
Icelandic Textile Center,65.6617126,-20.2912346,verbraut 1,540,Blonduos,IS,https://www.textilmidstod.is/en,https://www.fablabs.io/labs/icelandictextilecenter,3d-printing;laser;vinyl-cutting,high,source:fablabs.io;status:active;kind:fab_lab;idcode:2744
Fab Lab Hornafjordur,64.2555579,-15.20885899999996,Hafnarbraut,780,Hofn i Hornafiri,IS,http://www.voruhushofn.is,https://www.fablabs.io/labs/fablabhornafjordur,3d-printing;cnc;electronics;laser;precision-milling;vinyl-cutting,high,source:fablabs.io;status:active;kind:fab_lab;idcode:952
Fab Lab Strandir,65.7029458,-21.679271,Hafnarbraut 2,510,Holmavik,IS,https://syslid.is/en/fablab-strandir/,https://www.fablabs.io/labs/FabLabStrandir,3d-printing;cnc;electronics;laser;precision-milling;vinyl-cutting,high,source:fablabs.io;status:active;kind:mini_fab_lab;idcode:2579
Fab Lab Husavik,66.046885,-17.344575,Hafnarstett 1,640,Husavik,IS,https://fablab.is/starfsstodvar/husavik/,https://www.fablabs.io/labs/husavik,3d-printing;cnc;electronics;laser;precision-milling;vinyl-cutting,high,source:fablabs.io;status:active;kind:fab_lab;idcode:2821
Fab Lab Isafjordur,66.07406320000001,-23.1348744,Torfnes,400,Isafjorur,IS,http://wiki.fablab.is/wiki/Fab_Lab_Portal,https://www.fablabs.io/labs/fablabisafjordur,3d-printing;cnc;electronics;laser;precision-milling;vinyl-cutting,high,source:fablabs.io;status:active;kind:fab_lab;idcode:238
Fab Lab Austurland,65.148639,-13.679835,Myrargata 10,740,Neskaupstadur,IS,http://wiki.fablab.is/wiki/Fab_Lab_Austurland,https://www.fablabs.io/labs/fablabausturland,3d-printing;cnc;electronics;laser;precision-milling;vinyl-cutting,high,source:fablabs.io;status:active;kind:fab_lab;idcode:607
Fab Lab Suurnes,63.9964658,-22.561635,Sunnubraut 36,230,Reykjanesbr,IS,https://fablab.is/,https://www.fablabs.io/labs/fabsudurnes,3d-printing;cnc;electronics;laser;precision-milling;vinyl-cutting,high,source:fablabs.io;status:active;kind:fab_lab;idcode:2898
Fab Lab Reykjavik,64.1058634,-21.8178085,Austurberg 5,111,Reykjavik,IS,http://flr.is,https://www.fablabs.io/labs/reykjavik,3d-printing;cnc;electronics;laser;precision-milling;vinyl-cutting,high,source:fablabs.io;status:active;kind:fab_lab;idcode:264
FabLab Saudarkrokur,65.74173669999999,-19.6407121,Saemundarhlid Verknam Fab Lab,550,Sauarkrokur,IS,https://www.fablab.is/starfsstodvar/saudarkrokur/,https://www.fablabs.io/labs/fablabsaudarkrokurinnovationcentericeland,3d-printing;cnc;electronics;laser;precision-milling;vinyl-cutting,high,source:fablabs.io;status:active;kind:fab_lab;idcode:35
Fab Lab Selfoss,63.93217800000001,-20.997547,Tryggvagata 25,800,Selfoss,IS,https://www.facebook.com/FabLabSelfoss,https://www.fablabs.io/labs/fablabselfoss,3d-printing;cnc;electronics;laser;precision-milling;vinyl-cutting,high,source:fablabs.io;status:active;kind:fab_lab;idcode:2177
Fab Lab Vestmannaeyjar,63.4427337,-20.2691516,Aegisgata 2,900,Vestmannaeyjabr,IS,https://www.fablab.is/starfsstodvar/vestmannaeyjar/,https://www.fablabs.io/labs/vestmannaeyjar,3d-printing;cnc;electronics;laser;precision-milling;vinyl-cutting,high,source:fablabs.io;status:active;kind:fab_lab;idcode:36
FabLab Vittorio Veneto,45.990862,12.30243489999998,,,-,IT,http://www.fablabvittorioveneto.it/,https://www.fablabs.io/labs/fablabvittorioveneto,3d-printing;cnc;laser,high,source:fablabs.io;status:active;kind:fab_lab;idcode:940
Rinoteca FabLab,43.5973972,13.50203599999998,Via Vittoria nenni 5,60100,ANCONA,IT,http://www.rinoteca.com,https://www.fablabs.io/labs/rinotecafablab,3d-printing;cnc;electronics;laser;precision-milling,high,source:fablabs.io;status:unknown;kind:fab_lab;idcode:330
Fablab Agrigento,37.3132279,13.57919349999997,Via San Vincenzo,92100,Agrigento,IT,http://www.fablabagrigento.com/,https://www.fablabs.io/labs/fablabagrigento,3d-printing;electronics,high,source:fablabs.io;status:active;kind:fab_lab;idcode:1032
FabLab Alessandria,44.9185463,8.616936799999962,"Via Verona, 95",15121,Alessandria,IT,,https://www.fablabs.io/labs/fablabalessandria,3d-printing;cnc;laser;precision-milling,medium,source:fablabs.io;status:planned;kind:fab_lab;idcode:511
FabLab VdA,45.737998,7.328181500000028,Via Garibaldi 7,11100,Aosta,IT,https://www.facebook.com/fablabvda,https://www.fablabs.io/labs/fablabvda,3d-printing;laser,high,source:fablabs.io;status:unknown;kind:mini_fab_lab;idcode:256
FabLab Cagliari,39.2876791,9.012849500000016,via Romagna 6,09032,Assemini,IT,http://@FabLabCagliari,https://www.fablabs.io/labs/fablabcagliari,3d-printing;cnc;electronics;laser;precision-milling;vinyl-cutting,high,source:fablabs.io;status:active;kind:fab_lab;idcode:951
FABLAB CALDERARA,44.5442899,11.26186,Via Roma 1092,40012,Bargellino,IT,http://www.fablabcalderara.it,https://www.fablabs.io/labs/fablabcalderara,3d-printing;laser;vinyl-cutting,high,source:fablabs.io;status:active;kind:fab_lab;idcode:2542
Apulia Makers 3D,41.1106239,16.87564610000004,"Via Guido de Ruggiero, 56",70125,Bari,IT,http://www.apuliamakers3d.it,https://www.fablabs.io/labs/apuliamakers3d,3d-printing;cnc;laser,high,source:fablabs.io;status:active;kind:fab_lab;idcode:1584
URBAN HUB: ContaminationLab Belluno Dolomiti,46.14050719999999,12.213707,"Via Ippolito Caffi, 11/B, 32100",32100,Belluno,IT,https://www.fablab-belluno.it/,https://www.fablabs.io/labs/UrbanHubDolomiti,3d-printing;cnc;electronics;laser;precision-milling;vinyl-cutting,high,source:fablabs.io;status:active;kind:fab_lab;idcode:2503
Fab Lab Bergamo,45.6872515,9.674208799999999,Via Mauro Gavazzeni 3,24125,Bergamo,IT,http://www.fablabbergamo.it,https://www.fablabs.io/labs/fablabbergamo,3d-printing;cnc;laser;precision-milling;vinyl-cutting,high,source:fablabs.io;status:active;kind:fab_lab;idcode:745
FabLab Biella,45.5746449,8.054134599999998,"Via Corradino Sella, 10",13900,Biella,IT,http://www.fablabbiella.it/,https://www.fablabs.io/labs/FabLabBiella,3d-printing;laser;vinyl-cutting,high,source:fablabs.io;status:unknown;kind:fab_lab;idcode:418
Fablab Poliba,41.1193193,16.6750988,Our Fablab is located in the industrial area of the city of Bitonto,70032,Bitonto,IT,http://www.fablabpoliba.org,https://www.fablabs.io/labs/FablabPoliba,3d-printing;cnc;laser;precision-milling;vinyl-cutting,high,source:fablabs.io;status:active;kind:fab_lab;idcode:2140
MakeInBo - FabLab Bologna,44.4922056,11.39629709999997,"Piazza dei colori, 25/b",40138,Bologna,IT,http://www.makeinbo.it,https://www.fablabs.io/labs/makeinbo,3d-printing;laser,high,source:fablabs.io;status:unknown;kind:fab_lab;idcode:556
BITZ unibz fablab,46.4978021,11.348469,"Via Antonio Rosmini, 9",39100,Bolzano,IT,https://bitzfablab.unibz.it/,https://www.fablabs.io/labs/bitzunibzfablab,3d-printing;cnc;electronics;laser;vinyl-cutting,high,source:fablabs.io;status:active;kind:fab_lab;idcode:1714
NOI Techpark - Maker Space,46.47845540000001,11.3325094,NOI Techpark Alessandro Volta Strae 13A,39100,Bolzano,IT,https://makerspace.noi.bz.it/,https://www.fablabs.io/labs/NOIMakerSpace,3d-printing;cnc;electronics;laser;precision-milling;vinyl-cutting,high,source:fablabs.io;status:active;kind:fab_lab;idcode:361
makerspace,46.49827550000001,11.35478510000007,"Bolzano Piazza domenicani, 3",39100,Bolzano,IT,http://makerspace.inf.unibz.it/,https://www.fablabs.io/labs/makerspace,3d-printing;cnc;electronics;precision-milling;vinyl-cutting,high,source:fablabs.io;status:unknown;kind:mini_fab_lab;idcode:991
Brescia Fablab,45.5227168,10.1981729,via Flero 20,25125,Brescia,IT,http://bresciafablab.org/,https://www.fablabs.io/labs/bresciafablab,3d-printing;electronics;laser;vinyl-cutting,high,source:fablabs.io;status:unknown;kind:fab_lab;idcode:563
Fablab Brescia,45.5227168,10.1981729,"Via Flero, 20",25125,Brescia,IT,https://www.facebook.com/fablabbrescia/,https://www.fablabs.io/labs/fablabbrescia,3d-printing;cnc;laser,high,source:fablabs.io;status:unknown;kind:fab_lab;idcode:1147
FABLAB Brindisi,40.64012109999999,17.94628690000002,"Vicolo Guerrieri, 7",72100,Brindisi,IT,,https://www.fablabs.io/labs/fablabbrindisi,3d-printing;cnc;electronics;laser;precision-milling;vinyl-cutting,medium,source:fablabs.io;status:unknown;kind:fab_lab;idcode:912
FabLaBrindisi,40.6329847,17.92932380000002,"Via Fulvia, 116",72100,Brindisi,IT,http://www.fablabrindisi.org/,https://www.fablabs.io/labs/fablabrindisi,3d-printing;cnc;electronics;laser;vinyl-cutting,high,source:fablabs.io;status:unknown;kind:mini_fab_lab;idcode:1133
MarkerLab,45.6793363,11.92558029999998,Via Avenale 6,31033,CASTELFRANCO VENETO,IT,http://www.ipsia-galilei.gov.it/makerlab,https://www.fablabs.io/labs/markerlab,3d-printing;cnc;electronics;laser,high,source:fablabs.io;status:unknown;kind:mini_fab_lab;idcode:574
FabLab Cuneo,44.3895931,7.541712100000001,via XXVIII Aprile 22 Via XXVIII Aprile 22,10022,CUNEO,IT,http://www.fablabcuneo.it,https://www.fablabs.io/labs/fablabcuneo,3d-printing;cnc;electronics;laser;precision-milling;vinyl-cutting,high,source:fablabs.io;status:active;kind:fab_lab;idcode:611
GiuaLab,39.2434829,9.12109810000004,Via Montecassino,09134,Cagliari,IT,http://www.giua.gov.it/home.html,https://www.fablabs.io/labs/giualab,3d-printing;electronics;laser,high,source:fablabs.io;status:active;kind:mini_fab_lab;idcode:1478
Make Lab Cagliari,39.2369385,9.09829149999996,Via Col del Rosso,09124,Cagliari,IT,http://fablabcagliari.cc,https://www.fablabs.io/labs/makeLabCagliari,3d-printing;cnc;electronics;laser;vinyl-cutting,high,source:fablabs.io;status:planned;kind:fab_lab;idcode:831
Minifablab dei 5 Castelli,43.5825129,13.3867952,"Via Dante Alighieri, 8",60020,Camerata Picena,IT,http://www.minifablab.it,https://www.fablabs.io/labs/minifablab5castelli,3d-printing;cnc;laser;vinyl-cutting,high,source:fablabs.io;status:active;kind:mini_fab_lab;idcode:1831
ToMake Cantu,45.730977,9.127571999999986,"Via Borgognone, 12",22063,Cantu,IT,http://www.tomakefablab.it,https://www.fablabs.io/labs/tomakefablab,3d-printing;cnc;electronics;laser;precision-milling;vinyl-cutting,high,source:fablabs.io;status:unknown;kind:fab_lab;idcode:929
Fab Lab Bassano,45.761148,11.76036699999997,via Ca' Baroncello 6,36022,Cassola,IT,http://cre-ta.net/fab-lab/,https://www.fablabs.io/labs/fablabbassano,3d-printing;cnc;electronics;laser;precision-milling,high,source:fablabs.io;status:active;kind:fab_lab;idcode:954
Fab Lab Castelfranco Veneto,45.68019719999999,11.9433815,Piazza Europa Unita 61,31033,Castelfranco Veneto,IT,https://www.fablabcfv.org,https://www.fablabs.io/labs/fablabcastelfrancovto,3d-printing;cnc;electronics;laser;precision-milling;vinyl-cutting,high,source:fablabs.io;status:active;kind:fab_lab;idcode:814
Hackspace Catania,37.5132991,15.08804380000004,"Via Grotte Bianche, 112",95129,Catania,IT,http://www.hackspacecatania.it,https://www.fablabs.io/labs/hackspacecatania,3d-printing;cnc;electronics;precision-milling,high,source:fablabs.io;status:unknown;kind:mini_fab_lab;idcode:373
Mediterranean Fab Lab,40.70529881609274,14.70520324850156,"Via Alcide de Gasperi, 23",84013,Cava de' Tirreni,IT,http://www.pinterest.com/medfablabcava/,https://www.fablabs.io/labs/mediterraneanfablab,,medium,source:fablabs.io;status:unknown;kind:fab_lab;idcode:123
Techlab Chieri,45.0149982,7.819246300000032,Via Vittorio Emanuele II,10023,Chieri,IT,http://techlab.tl,https://www.fablabs.io/labs/techlab,,high,source:fablabs.io;status:active;kind:mini_fab_lab;idcode:1002
FabLab Sibillini,42.96464059464475,13.42949471626889,"Comunanza Via A. Merloni, 11",63087,Comunanza,IT,,https://www.fablabs.io/labs/fablabsibillini,3d-printing;laser,medium,source:fablabs.io;status:planned;kind:fab_lab;idcode:459
FabLab Conegliano,45.8965155,12.30204260000005,Via dei Rododendri 14,31015,Conegliano,IT,http://www.fablabconegliano.it,https://www.fablabs.io/labs/fablabconegliano,3d-printing;laser,high,source:fablabs.io;status:active;kind:fab_lab;idcode:1509
FabLab Contea,43.8620854,11.53088330000003,VIA DI CONTEA 55,50068,Contea,IT,http://www.fablabcontea.com,https://www.fablabs.io/labs/fablabcontea,3d-printing;cnc;electronics;laser;precision-milling;vinyl-cutting,high,source:fablabs.io;status:active;kind:fab_lab;idcode:252
"Spce qu Lb "" Trining _ Network _ gency",43.2799909,11.9736832,Sodo di Cortona 1190,52044,Cortona,IT,https://www.facebook.com/SpaceAquaLab/,https://www.fablabs.io/labs/spaceaqualab,3d-printing,high,source:fablabs.io;status:planned;kind:fab_lab;idcode:1913
FabLab Vicenza,45.52951855582406,11.49915000104977,via ponte storto 16,36051,Creazzo,IT,http://www.fablabvicenza.it,https://www.fablabs.io/labs/fablabvicenza,3d-printing;cnc;electronics;laser;precision-milling;vinyl-cutting,high,source:fablabs.io;status:unknown;kind:fab_lab;idcode:731
Fab Lab Crevalcore,44.7235549,11.1472339,Via Albertini Ponente 52,40014,Crevalcore,IT,http://www.fablabcrevalcore.com,https://www.fablabs.io/labs/fablabcrevalcore,3d-printing;cnc;electronics;vinyl-cutting,high,source:fablabs.io;status:planned;kind:mini_fab_lab;idcode:2912
Make in Granda,44.38814202152502,7.585007305621275,Via Genova 9/E,12100,Cuneo,IT,http://www.makeingranda.it/,https://www.fablabs.io/labs/makeingranda,3d-printing;cnc;electronics;laser;precision-milling;vinyl-cutting,high,source:fablabs.io;status:unknown;kind:fab_lab;idcode:922
Fablab Dueville,45.63503130000001,11.5506805,Fablab Dueville Viale Dei Martiri 11,36031,Dueville,IT,http://www.fablabdueville.org,https://www.fablabs.io/labs/fablabdueville,3d-printing;cnc;electronics;laser;precision-milling,high,source:fablabs.io;status:active;kind:fab_lab;idcode:1489
Fab Lab Falconara Officine Idea Project,43.617413,13.37343299999998,"Via del Commercio, 4",60015,Falconara Marittima,IT,http://www.fablabfalconara.it,https://www.fablabs.io/labs/fablabfalconara,3d-printing;cnc;laser;precision-milling,high,source:fablabs.io;status:active;kind:fab_lab;idcode:1727
Growlab,44.8692291,10.0743198,Via Milano 240,43036,Fidenza,IT,https://apsgrowlab.com/,https://www.fablabs.io/labs/growlab,3d-printing;cnc;electronics;laser;precision-milling,high,source:fablabs.io;status:active;kind:fab_lab;idcode:2877
FabLab di Casa Corsini,44.5383799,10.80876999999998,"Via Statale 83, Spezzano",41042,Fiorano Modenese,IT,http://www.casacorsini.mo.it/fab-lab/,https://www.fablabs.io/labs/fablabdicasacorsini,3d-printing;cnc;electronics;laser,high,source:fablabs.io;status:active;kind:fab_lab;idcode:1622
FabLab Firenze,43.79803761995471,11.23847743306578,"Via Panciatichi, 14",50141,Firenze,IT,http://www.fablabfirenze.org,https://www.fablabs.io/labs/fablabfirenze,3d-printing;cnc;electronics;laser,high,source:fablabs.io;status:unknown;kind:mini_fab_lab;idcode:353
POMlab,44.555452,7.736542999999983,"Via S. Michele, 68",12045,Fossano,IT,http://pomlab.it,https://www.fablabs.io/labs/pomlab,3d-printing;cnc;laser;precision-milling,high,source:fablabs.io;status:active;kind:fab_lab;idcode:1637
FabLab Frosinone,41.6406224,13.348063,"Via dei Salci, 53",03100,Frosinone,IT,https://www.fablabfrosinone.org/,https://www.fablabs.io/labs/fablabfrosinone,3d-printing;cnc;electronics;laser;precision-milling;vinyl-cutting,high,source:fablabs.io;status:active;kind:fab_lab;idcode:282
FabLabGenova,44.4122079,8.936905399999999,"c/o LSOA Buridda, corso montegrappa 39, Genova",16125,Genoa,IT,http://fablabgenova.it,https://www.fablabs.io/labs/fablabgenova,3d-printing;electronics;laser;precision-milling,high,source:fablabs.io;status:active;kind:fab_lab;idcode:415
4Lab - FabLab Valle dell'Amaseno,41.5396655,13.27830849999998,"Borgo Vittorio Emanuele, 22",03020,Giuliano di Roma,IT,http://www.quattrolab.it/,https://www.fablabs.io/labs/4labfablabvalledellamaseno,3d-printing;cnc;electronics,high,source:fablabs.io;status:active;kind:fab_lab;idcode:1863
Syskrack,40.6323636,16.28349209999999,"Via Meridionale, 23",75014,Grassano,IT,http://syskrack.org,https://www.fablabs.io/labs/syskrack,3d-printing;cnc;electronics,high,source:fablabs.io;status:active;kind:fab_lab;idcode:475
Syskrack Lab,40.6323576,16.28350369999998,"Via Meridionale, 23",75014,Grassano,IT,http://www.syskrack.org,https://www.fablabs.io/labs/syskracklab,3d-printing;cnc;electronics,high,source:fablabs.io;status:active;kind:fab_lab;idcode:513
FabLab Impresa Belluno - Consorzio Cultura Concept,46.1096219,12.1106082,Z.I. Gresal 5/e Sedico,32036,Gresal,IT,http://www.fablabimpresa.com,https://www.fablabs.io/labs/fablabimpresabelluno,3d-printing;cnc;electronics;laser;precision-milling;vinyl-cutting,high,source:fablabs.io;status:active;kind:fab_lab;idcode:1049
FabCube Lab,45.523335,11.01813140000002,"Viale del Lavoro, 2",37023,Grezzana,IT,https://fabcube.eu/,https://www.fablabs.io/labs/fabcubelab,3d-printing;cnc;electronics;laser;precision-milling,high,source:fablabs.io;status:active;kind:mini_fab_lab;idcode:2189
Verona FabLab,45.523335,11.01813140000002,"Viale del Lavoro, 2",37023,Grezzana,IT,http://www.veronafablab.it/,https://www.fablabs.io/labs/veronafablab,3d-printing;cnc;electronics;laser;precision-milling,high,source:fablabs.io;status:active;kind:fab_lab;idcode:259
Nodelab Guidonia Montecelio,42.0128018,12.7392027,"Via Romana, 159",00012,Guidonia Montecelio,IT,https://www.nodelab.it,https://www.fablabs.io/labs/nodelabguidoniamontecelio,3d-printing;electronics;laser;vinyl-cutting,high,source:fablabs.io;status:active;kind:fab_lab;idcode:1749
Fablab Imola,44.3532657,11.69321669999999,Centro Giovanile Ca' Vaina via Saffi 50/B,40026,Imola,IT,http://www.fablabimola.it,https://www.fablabs.io/labs/fablabimola,3d-printing;cnc;laser;precision-milling;vinyl-cutting,high,source:fablabs.io;status:active;kind:fab_lab;idcode:1271
FabLab Imperia,43.8930798,8.040501500000005,Via XXV Aprile 34,18100,Imperia,IT,http://www.fablabimperia.org,https://www.fablabs.io/labs/fablabimperia,3d-printing;cnc;electronics;precision-milling;vinyl-cutting,high,source:fablabs.io;status:active;kind:fab_lab;idcode:484
Fablab Ivrea,45.45796053469121,7.873278275610346,Polo Universitario - Officina H Via Montenavale 2,10015,Ivrea,IT,http://www.fablabivrea.org,https://www.fablabs.io/labs/fablabivrea,3d-printing;electronics,high,source:fablabs.io;status:unknown;kind:fab_lab;idcode:549
ABAQ FabLab,42.365353,13.37286700000004,Accademia di Belle Arti L'Aquila Via Leonardo da Vinci,67100,L'Aquila,IT,http://fablab.abaq.it,https://www.fablabs.io/labs/abaqfablab,3d-printing;cnc;laser,high,source:fablabs.io;status:active;kind:fab_lab;idcode:738
Fab Lab L'Aquila,42.3479639643152,13.35239599632564,"Via Saragat, snc zona Campo di Pile c/o Casa del Volontariato",67100,L'Aquila,IT,http://www.fablaquila.org,https://www.fablabs.io/labs/fablablaq,3d-printing,high,source:fablabs.io;status:planned;kind:fab_lab;idcode:648
FabLab L'Aquila,42.35466006860862,13.41374976459119,"Via Giuseppe Mezzanotte C/O IIS ""Amedeo D'Aosta",67100,L'Aquila,IT,http://fablaquila.org/,https://www.fablabs.io/labs/fablabaq,3d-printing;cnc;electronics;laser;precision-milling,high,source:fablabs.io;status:active;kind:fab_lab;idcode:2210
Il FabLab di Leonardo,42.2206454,14.3909132,"Via Rosato Guido, 5 c/o IIS Da Vinci De Giorgio",66034,Lanciano,IT,,https://www.fablabs.io/labs/leonardo,3d-printing;cnc;electronics,high,source:fablabs.io;status:active;kind:fab_lab;idcode:2023
FabLab Laterza,40.6285059,16.79571880000003,Via Generale Gonzaga,74014,Laterza,IT,https://www.facebook.com/pages/FabLab-Laterza/845081328887019,https://www.fablabs.io/labs/fablablaterza,3d-printing;cnc;electronics;vinyl-cutting,high,source:fablabs.io;status:unknown;kind:fab_lab;idcode:901
Fablab Spazio Attivo Latina,41.46366,12.90553,"Via Carlo Alberto, 22",04100,Latina,IT,http://www.fablablazio.it,https://www.fablabs.io/labs/laziofablablatina,3d-printing;cnc;electronics;laser;precision-milling;vinyl-cutting,high,source:fablabs.io;status:active;kind:fab_lab;idcode:873
FabLab Lecce,40.3519331,18.17097290000004,"MUST - Museo Storico Della Citta Di Lecce Via Degli Ammirati, 11",73100,Lecce,IT,http://www.fablablecce.org,https://www.fablabs.io/labs/fablablecce,3d-printing;cnc;laser;vinyl-cutting,high,source:fablabs.io;status:active;kind:fab_lab;idcode:847
Smarteducationlab fablab Lecce,40.3361762,18.12201260000006,"via monteroni, Lecce Campus Universitario ecotekne, Edificio Dhitech - 2 piano",73100,Lecce,IT,http://www.smarteducationlab.it,https://www.fablabs.io/labs/smarteducationlab,3d-printing;cnc;electronics;laser;vinyl-cutting,high,source:fablabs.io;status:unknown;kind:fab_lab;idcode:1036
Creatr Point - Lecco,45.8459692,9.398489599999948,"Corso Martiri della Liberazione, 160",23900,Lecco,IT,http://www.creatr.it,https://www.fablabs.io/labs/creatrpointlecco,3d-printing;cnc;precision-milling,high,source:fablabs.io;status:unknown;kind:fab_lab;idcode:626
FabLab Faraday,41.74144829999999,12.28806869999994,"Via Capo Sperone, 52",00122,Lido di Ostia,IT,http://itifaraday.gov.it/?view=featured,https://www.fablabs.io/labs/fablabfarada,3d-printing;cnc;electronics;laser,high,source:fablabs.io;status:unknown;kind:fab_lab;idcode:1269
ToMake Lurate Caccivio,45.76929699999999,8.996217999999999,Largo caduti della pace,22075,Lurate Caccivio,IT,http://www.tomakefablab.it,https://www.fablabs.io/labs/tomakeluratecaccivio,3d-printing;cnc;electronics;laser;precision-milling;vinyl-cutting,high,source:fablabs.io;status:unknown;kind:fab_lab;idcode:930
KromLaboro Caserta FabLab,41.0427122,14.3815326,Maddaloni Via Roma 199,81024,Maddaloni,IT,http://www.kromlaboro.it,https://www.fablabs.io/labs/Kromlaboro,3d-printing;cnc;electronics;laser;precision-milling;vinyl-cutting,high,source:fablabs.io;status:active;kind:fab_lab;idcode:1135
ORTO URBANO MAKERSPACE,41.63099560000001,15.91279,"Piazza San Camillo de Lellis, 18",71043,Manfredonia,IT,http://www.ortourbano.net,https://www.fablabs.io/labs/ortourbanomakerspace,3d-printing;electronics;laser;precision-milling;vinyl-cutting,high,source:fablabs.io;status:active;kind:fab_lab;idcode:2302
FAB.LAB INNOVA FVG,46.1706688,12.708568,"33085 Piazza Italia, 19",33085,Maniago,IT,http://www.fablabfvg.it,https://www.fablabs.io/labs/innovafvg,3d-printing;cnc;electronics;laser;precision-milling;vinyl-cutting,high,source:fablabs.io;status:active;kind:fab_lab;idcode:1332
FABLAB MANTOVA,45.1596434,10.8221559,"Strada Spolverina, 5 Via Valle d'Aosta, 18",46100,Mantova,IT,https://www.fablabmantova.org/,https://www.fablabs.io/labs/fablabmantova,3d-printing;cnc;electronics;laser;vinyl-cutting,high,source:fablabs.io;status:active;kind:fab_lab;idcode:2493
Fablab Venezia,45.4739505,12.2518678,"Via della Liberta, 9 VEGA - Pst , Edificio Auriga",30175,Marghera,IT,http://www.fablabvenezia.org,https://www.fablabs.io/labs/fablabvenezia,3d-printing;cnc;laser;precision-milling;vinyl-cutting,high,source:fablabs.io;status:active;kind:fab_lab;idcode:301
FabLab Western Sicily,37.79989,12.43165999999997,Via XI Maggio 32,91025,Marsala,IT,http://www.fablabws.org/,https://www.fablabs.io/labs/fablabws,3d-printing;cnc;laser,high,source:fablabs.io;status:active;kind:mini_fab_lab;idcode:1403
MondoNovo Electronics Lab,43.26758582689168,13.00778300422974,A. Merloni 17/A,62024,Matelica,IT,http://www.mondonovo.net,https://www.fablabs.io/labs/mondonovoelectronicslab,3d-printing;laser;vinyl-cutting,high,source:fablabs.io;status:active;kind:mini_fab_lab;idcode:1882
FabLab Mazara,37.6558064,12.58912,"Corso Vittorio Veneto, 201 Civic Center",91026,Mazara del vallo,IT,http://www.fablabmazara.it/,https://www.fablabs.io/labs/fablabmazara,3d-printing;electronics,high,source:fablabs.io;status:active;kind:fab_lab;idcode:1898
Fab Lab Piazza l'Idea,45.6996257,9.410427000000027,"Viale Garibaldi, 17",23807,Merate,IT,,https://www.fablabs.io/labs/fablabpiazzalidea,3d-printing;cnc;laser;vinyl-cutting,high,source:fablabs.io;status:active;kind:mini_fab_lab;idcode:1844
FabLab Messina,38.1969202,15.5554965,Messina,98100,Messina,IT,http://www.fablabmessina.it,https://www.fablabs.io/labs/fablabmessina,3d-printing;cnc;electronics;laser;precision-milling;vinyl-cutting,high,source:fablabs.io;status:active;kind:fab_lab;idcode:568
Frankenstein Garage,45.4654527,9.186619599999972,,,Milan,IT,http://www.frankensteingarage.it,https://www.fablabs.io/labs/frankensteingarage,,medium,source:fablabs.io;status:unknown;kind:fab_lab;idcode:45
WeMake - Makerspace Fablab,45.5068396,9.2283954,"Via Giuseppe Guerzoni, 23",20158,Milan,IT,http://wemake.cc,https://www.fablabs.io/labs/wemake,3d-printing;cnc;electronics;laser;precision-milling;vinyl-cutting,high,source:fablabs.io;status:active;kind:fab_lab;idcode:316
DamASpace,45.4500739,9.180085800000029,"Corso S. Gottardo, 19",20136,Milano,IT,http://www.dama.academy/dama-makerspace-milano/,https://www.fablabs.io/labs/DamASpaceFablab,3d-printing;cnc;laser;precision-milling,high,source:fablabs.io;status:active;kind:fab_lab;idcode:1668
FabLab Ventura,45.4840647,9.245227200000045,"Via Privata Giovanni Ventura, 20",20134,Milano,IT,http://www.fablabnet.it/,https://www.fablabs.io/labs/fablabventura,3d-printing,high,source:fablabs.io;status:unknown;kind:fab_lab;idcode:399
FabLabMilano - Fare le Idee,45.502717,9.15300000000002,Via Lambruschini 36,20156,Milano,IT,http://www.fablabmilano.it,https://www.fablabs.io/labs/fablabmilano,3d-printing;cnc;electronics;laser;precision-milling;vinyl-cutting,high,source:fablabs.io;status:active;kind:fab_lab;idcode:1144
Polifactory,45.5041898,9.164130200000045,"Via Giovanni Durando, 10",20158,Milano,IT,http://www.polifactory.polimi.it,https://www.fablabs.io/labs/polifactory,3d-printing;cnc;electronics;laser;precision-milling;vinyl-cutting,high,source:fablabs.io;status:active;kind:fab_lab;idcode:910
The FabLab: Make in Milano,45.4617604,9.182440300000053,"Via Santa Marta, 18",20123,Milano,IT,http://www.thefablab.it,https://www.fablabs.io/labs/thefablabmakeinmilano,3d-printing;cnc;electronics;laser;precision-milling;vinyl-cutting,high,source:fablabs.io;status:unknown;kind:fab_lab;idcode:739
Vectorealism,45.4379769,9.232026399999999,"Via Carlo Boncompagni, 57",20139,Milano,IT,https://www.vectorealism.com/fablab,https://www.fablabs.io/labs/vectorealismfablab,3d-printing;cnc;laser;precision-milling;vinyl-cutting,high,source:fablabs.io;status:active;kind:fab_lab;idcode:791
opendot,45.4482531,9.2218586,"Via Tertulliano, 70",20137,Milano,IT,http://www.opendotlab.it,https://www.fablabs.io/labs/opendot,3d-printing;cnc;electronics;laser;precision-milling;vinyl-cutting,high,source:fablabs.io;status:active;kind:fab_lab;idcode:522
Fab Lab Makers Modena,44.65482979999999,10.93386829999997,"Strada Attiraglio, 5/A",41122,Modena,IT,http://makers.modena.it,https://www.fablabs.io/labs/makersmodena,3d-printing;cnc;electronics;laser;precision-milling;vinyl-cutting,high,source:fablabs.io;status:active;kind:fab_lab;idcode:1000
Fab Lab Modica,36.8422113,14.7629812,Via Silla 17,97015,Modica,IT,https://www.facebook.com/FabLabMod,https://www.fablabs.io/labs/fablabmodica,3d-printing;cnc;electronics,high,source:fablabs.io;status:active;kind:fab_lab;idcode:2863
Officine080,40.9520873,17.30173009999999,"Via S. Domenico, 27",70043,Monopoli,IT,http://www.officine080.it,https://www.fablabs.io/labs/officine080,3d-printing;cnc;vinyl-cutting,high,source:fablabs.io;status:unknown;kind:fab_lab;idcode:1016
Fablab Pesaro,43.863052,12.7893945,Via Brodolini 29,61025,Montelabbate,IT,http://www.fablabpesaro.net,https://www.fablabs.io/labs/fablabpesaro,3d-printing;cnc;electronics;laser;precision-milling;vinyl-cutting,high,source:fablabs.io;status:active;kind:fab_lab;idcode:501
D.RE.A.M. FabLab,40.80433049999999,14.17421409999997,"Napoli via Coroglio, 104",80124,Napoli,IT,http://www.cittadellascienza.it/incubatore-e-fablab/dream/,https://www.fablabs.io/labs/dreamfablab,3d-printing;cnc;electronics;laser;precision-milling;vinyl-cutting,high,source:fablabs.io;status:unknown;kind:fab_lab;idcode:1338
FabLab Napoli,40.8643118,14.1752802,"Strada Comunale Grottole, 1",80126,Napoli,IT,http://www.fablabnapoli.it,https://www.fablabs.io/labs/fablabnapoli,3d-printing;cnc;electronics;laser;precision-milling;vinyl-cutting,high,source:fablabs.io;status:active;kind:fab_lab;idcode:249
The Spark,40.84431,14.25566,Via degli Acquari,80133,Napoli,IT,https://www.thesparkhub.it/en/makers-lab/,https://www.fablabs.io/labs/thespark,3d-printing;electronics;laser;vinyl-cutting,high,source:fablabs.io;status:active;kind:fab_lab;idcode:2344
Urban FabLab,40.8033864,14.17465800000002,"Via Coroglio, 104 e 57",80124,Napoli,IT,http://www.urbanfablab.it,https://www.fablabs.io/labs/urbanfablab,3d-printing;cnc;electronics;precision-milling,high,source:fablabs.io;status:unknown;kind:fab_lab;idcode:233
Make in Nuoro,40.32637099999999,9.307090900000048,"Via Pasquale Paoli, 2",08100,Nuoro,IT,,https://www.fablabs.io/labs/makeinnuoro,3d-printing;cnc;electronics;laser;precision-milling;vinyl-cutting,medium,source:fablabs.io;status:unknown;kind:fab_lab;idcode:1124
Fab Lab Olbia,40.93562281918424,9.522022968261695,Via San Simplicio 17,07026,Olbia,IT,https://www.the--lab.com/,https://www.fablabs.io/labs/fablabolbia,3d-printing;cnc;electronics;laser;precision-milling;vinyl-cutting,high,source:fablabs.io;status:active;kind:fab_lab;idcode:548
WE DO FAB LAB,45.57214399999999,8.639177,Via XI Settembre 5,28887,Omegna,IT,https://www.wedofablab.it,https://www.fablabs.io/labs/wedo,3d-printing;cnc;electronics;laser;precision-milling;vinyl-cutting,high,source:fablabs.io;status:active;kind:fab_lab;idcode:234
Social FabLab,42.724775,12.096597,"Via Po, 2 Via Misericordia, 3",,Orvieto,IT,http://www.socialfablab.it,https://www.fablabs.io/labs/socialfablab,3d-printing;cnc;electronics;laser;precision-milling;vinyl-cutting,medium,source:fablabs.io;status:unknown;kind:fab_lab;idcode:281
Officine ZIP - FabLab Padova,45.4116373,11.91762370000004,Viale dell'Industria 19,35129,PADOVA,IT,http://www.officinedigitalizip.it,https://www.fablabs.io/labs/officinezipfablabpadova,3d-printing;cnc;electronics;laser;precision-milling;vinyl-cutting,high,source:fablabs.io;status:active;kind:fab_lab;idcode:796
FilippinFabLab - F2L,45.8285789,11.85995679999996,"Via S. Giacomo, 4",31017,Paderno del Grappa,IT,http://www.filippin.it/fablab,https://www.fablabs.io/labs/filippinfablab,3d-printing;laser;vinyl-cutting,high,source:fablabs.io;status:active;kind:fab_lab;idcode:1485
FabLab Palermo,38.10298,13.32699000000002,Via De Filippo Titina 3,90135,Palermo,IT,http://www.fablabpalermo.org,https://www.fablabs.io/labs/fablabpalermo,3d-printing;cnc;laser;precision-milling;vinyl-cutting,high,source:fablabs.io;status:active;kind:fab_lab;idcode:299
FabLab@school - Palermo,38.1348887,13.35431990000006,Via Duca della Verdura c/o ITI Vittorio Emanuele III,90143,Palermo,IT,http://www.fablabatschool.it/,https://www.fablabs.io/labs/fablabschoolpalermo,3d-printing;cnc,high,source:fablabs.io;status:unknown;kind:mini_fab_lab;idcode:1008
Scalo 5B,38.1452981,13.3553091,"Via Anwar Sadat, 13 c/o ex Fiera del Mediterraneo (Padiglione 5B)",90142,Palermo,IT,https://www.scalo5b.com/,https://www.fablabs.io/labs/scalo5b,3d-printing;cnc;electronics;laser;vinyl-cutting,high,source:fablabs.io;status:active;kind:fab_lab;idcode:2012
ON/OFF Fablab Parma,44.81238,10.34136999999998,"Strada Naviglio Alto, 4/1",43125,Parma,IT,http://www.fablabparma.org,https://www.fablabs.io/labs/fablabparma,3d-printing;cnc;laser;precision-milling,high,source:fablabs.io;status:unknown;kind:mini_fab_lab;idcode:453
Invento a favore,41.181902,14.18943200000001,Via Soldato Borrelli,81050,Pastorano,IT,,https://www.fablabs.io/labs/inventoafavore,3d-printing;electronics;precision-milling,high,source:fablabs.io;status:active;kind:fab_lab;idcode:2039
Fab Lab Pavia,45.1773411,9.152742999999987,Via Carlo Magenta 11,27100,Pavia,IT,http://www.fablabpavia.it,https://www.fablabs.io/labs/fablabpaviagecofablab,3d-printing;cnc;electronics;laser;precision-milling;vinyl-cutting,high,source:fablabs.io;status:unknown;kind:fab_lab;idcode:634
Spazio Geco - Geco Fab Lab,45.18189779999999,9.1572754,Via Antonio Scarpa 4,27100,Pavia,IT,https://www.fablabpavia.it,https://www.fablabs.io/labs/SpazioGeco,3d-printing;cnc;electronics;laser;precision-milling;vinyl-cutting,high,source:fablabs.io;status:active;kind:fab_lab;idcode:889
Fablab Perugia,43.0752475,12.32645980000007,Perugia,,Perugia,IT,http://www.fablabperugia.it,https://www.fablabs.io/labs/fablabperugia,3d-printing;cnc;electronics;laser;precision-milling;vinyl-cutting,high,source:fablabs.io;status:active;kind:fab_lab;idcode:1044
"Mini-FabLab @ Aradia, la casa nel parco",43.90574165773466,12.89835557672119,"Aradia, la Casa nel Parco Parco Miralfiore",61100,Pesaro,IT,http://associazionezoe.com,https://www.fablabs.io/labs/fablabaradia,3d-printing;laser,high,source:fablabs.io;status:active;kind:mini_fab_lab;idcode:2979
Fablab Abruzzo Digitaleria,42.4617943,14.21609609999996,Piazza Salvado Allende 5,65128,Pescara,IT,,https://www.fablabs.io/labs/fablababruzzo,3d-printing;cnc;electronics;laser;precision-milling;vinyl-cutting,high,source:fablabs.io;status:active;kind:fab_lab;idcode:305
Hyntegra3D,42.45463851149336,14.2184686537895,Viale Gabriele D'Annunzio 316,65127,Pescara,IT,http://www.hyntegra3d.com,https://www.fablabs.io/labs/hyntegra3d,3d-printing;laser,high,source:fablabs.io;status:unknown;kind:mini_fab_lab;idcode:823
Fablabreno,44.7060354,11.31540480000001,"Via Benedetto Zallone, 19",40066,Pieve di Cento,IT,https://fablabreno.it/,https://www.fablabs.io/labs/fablabreno,3d-printing;cnc;laser;precision-milling,high,source:fablabs.io;status:planned;kind:mini_fab_lab;idcode:1440
Fablab Pisa,43.7206396,10.38929140000005,Via Diotisalvi,56122,Pisa,IT,http://www.fablabpisa.org/,https://www.fablabs.io/labs/fablabpisa,3d-printing;cnc;electronics,high,source:fablabs.io;status:planned;kind:mini_fab_lab;idcode:675
FabLab Pistoia - PTLUG,43.942815,10.9341,"Via Giuseppe Gentile, 11",51100,Pistoia,IT,,https://www.fablabs.io/labs/fablabpistoia,3d-printing;cnc;electronics,high,source:fablabs.io;status:active;kind:fab_lab;idcode:591
PALUSLAB3D,41.4093559,13.03973180000003,"Via della Liberta' Istituto Comprensivo ""Giovanni Verga"" - Scuola Secondaria di Primo Grado",04014,Pontinia,IT,https://www.facebook.com/Laboratorio-di-fabbricazione-digitale-2467444013481295/,https://www.fablabs.io/labs/paluslab3d,3d-printing;electronics;vinyl-cutting,high,source:fablabs.io;status:active;kind:mini_fab_lab;idcode:1722
Plus Portogruaro,45.7829942,12.7908256,"Via Treviso, 74 - Loc. Summaga",30026,Portogruaro,IT,http://www.plusportogruaro.it/,https://www.fablabs.io/labs/plusportogruaro,3d-printing,high,source:fablabs.io;status:active;kind:fab_lab;idcode:1460
FabLab UniTrento,46.0680895,11.1497762,Via Sommarive 9,38123,Povo,IT,https://fablab.unitn.it,https://www.fablabs.io/labs/unitrento,3d-printing;cnc;electronics;laser;precision-milling;vinyl-cutting,high,source:fablabs.io;status:active;kind:fab_lab;idcode:2546
FABLAB Sardegna Ricerche,39.0129845,9.001399699999979,Sardegna Ricerche-Parco Tecnologico della Sardegna-Localita Piscina Manna,09010,Pula,IT,http://sardegnaricerche.it/fablab,https://www.fablabs.io/labs/fablabsardegnaricerche,3d-printing;cnc;electronics;laser;precision-milling;vinyl-cutting,high,source:fablabs.io;status:unknown;kind:fab_lab;idcode:317
Fablabaro,41.99011000000001,12.48052000000007,"Largo Castelseprio, 11",00188,ROMA,IT,http://www.fablabaro.it,https://www.fablabs.io/labs/fablabaro,3d-printing;cnc;electronics;laser;precision-milling;vinyl-cutting,high,source:fablabs.io;status:active;kind:fab_lab;idcode:1254
Kireco Fablab,44.40468605506349,12.2208848989502,Via Don Carlo Sala,48121,Ravenna,IT,http://kireco.eu,https://www.fablabs.io/labs/kireco,3d-printing;electronics;laser,high,source:fablabs.io;status:unknown;kind:fab_lab;idcode:1312
w3make.it,44.4150812,12.13787819999993,"Via Fratelli Lumiere, 46/A Fornace Zarattini",48124,Ravenna,IT,http://www.w3make.it,https://www.fablabs.io/labs/w3makeit,3d-printing;cnc;electronics;laser;precision-milling;vinyl-cutting,high,source:fablabs.io;status:active;kind:fab_lab;idcode:1203
FABLAB REGGIO CALABRIA,38.1089529,15.6486666,"Via Possidonea, 32",89100,Reggio Calabria,IT,http://www.fablabreggiocalabria.org/,https://www.fablabs.io/labs/fablabreggiocalabria,3d-printing;cnc;electronics;laser,high,source:fablabs.io;status:active;kind:mini_fab_lab;idcode:977
FabLabPoloNET,38.18426698950414,15.6579773207153,"Reggio Calabria Via Scopelliti, Ex Forte Gulli - Localita Arghilla, Reggio Calabria",89100,Reggio Calabria,IT,http://www.parcoecolandia.it/1/,https://www.fablabs.io/labs/fablabpolonet,3d-printing;cnc;electronics;laser;precision-milling;vinyl-cutting,high,source:fablabs.io;status:planned;kind:fab_lab;idcode:674
Fab Lab Reggio Emilia,44.6989932,10.6296859,Reggio Emilia,42121,Reggio Emilia,IT,http://www.fablabreggioemilia.org,https://www.fablabs.io/labs/fablabreggioemilia,,medium,source:fablabs.io;status:unknown;kind:fab_lab;idcode:168
FABLAB ARDUINER,39.33177999999999,16.18389999999999,VIA VERDI 86 VIA VERDI 82/50T,87036,Rende,IT,http://www.arduiner.com,https://www.fablabs.io/labs/arduiner,3d-printing;cnc;electronics;laser;precision-milling;vinyl-cutting,high,source:fablabs.io;status:planned;kind:fab_lab;idcode:827
FABLAB Rieti,42.41567209999999,12.85470229999999,Rieti,02100,Rieti,IT,,https://www.fablabs.io/labs/fablabrieti,3d-printing;cnc;electronics;laser;precision-milling;vinyl-cutting,medium,source:fablabs.io;status:planned;kind:fab_lab;idcode:671
Fablab Lazio - Rieti,42.4100612,12.90753589999997,Via dell'Elettronica,02010,Rieti,IT,http://www.laziofablab.it/rieti/,https://www.fablabs.io/labs/fablablaziorieti,3d-printing;cnc;electronics;laser;precision-milling;vinyl-cutting,high,source:fablabs.io;status:unknown;kind:fab_lab;idcode:1261
APS FabLab Romagna,44.04837500000001,12.58299686190185,FabLab Romagna - sede di Rimini Via Vittoria Colonna 10,47923,Rimini,IT,http://fablabromagna.org,https://www.fablabs.io/labs/apsfablabromagna,3d-printing;cnc;electronics;laser;precision-milling;vinyl-cutting,high,source:fablabs.io;status:active;kind:fab_lab;idcode:1558
MakeRN FabLab,44.04926,12.55651,"Via del Pino, 3-5",47923,Rimini,IT,http://makern.it,https://www.fablabs.io/labs/makern,3d-printing;cnc,high,source:fablabs.io;status:unknown;kind:mini_fab_lab;idcode:371
Cantiere analogico digitale,41.9049221,12.53609700000004,"Via di Portonaccio, 23",00159,Roma,IT,https://www.facebook.com/cantieredigitale/?ref=bookmarks,https://www.fablabs.io/labs/CAD,3d-printing;cnc;electronics;laser;precision-milling;vinyl-cutting,high,source:fablabs.io;status:active;kind:fab_lab;idcode:1441
FabLab Architettura Sapienza,41.91588,12.47415000000001,"Piazza della Marina, 32 Borghetto Flaminio",00196,Roma,IT,http://fablab.architettura.uniroma1.it,https://www.fablabs.io/labs/fablabarchitetturasapienza,3d-printing;cnc;laser;precision-milling,high,source:fablabs.io;status:active;kind:fab_lab;idcode:2143
FabLab Lazio Roma,41.8902128,12.51787820000004,"Via Casilina, 3T",00182,Roma,IT,http://www.laziofablab.it,https://www.fablabs.io/labs/fablablazioroma,3d-printing;cnc;electronics;laser;precision-milling;vinyl-cutting,high,source:fablabs.io;status:active;kind:fab_lab;idcode:819
FabLab Roma - InnovationGym,41.8546922,12.5508432,"Via del Quadraro, 102",00174,Roma,IT,http://www.mondodigitale.org,https://www.fablabs.io/labs/fablabromainnovationgym,3d-printing;cnc;electronics;laser;precision-milling;vinyl-cutting,high,source:fablabs.io;status:active;kind:fab_lab;idcode:323
Fablab Ostiense,41.8675865,12.47894880000001,"Via Ostiense, 92",00154,Roma,IT,https://www.fablabroma.it/on/fab-lab-campus-tag-ostiense/,https://www.fablabs.io/labs/fablabostiense,3d-printing;cnc;electronics;laser;precision-milling;vinyl-cutting,high,source:fablabs.io;status:active;kind:fab_lab;idcode:2151
Fablab Roma,41.8658765,12.48789720000002,"Via Ignazio Persico, 32",00154,Roma,IT,http://www.fablabroma.it,https://www.fablabs.io/labs/fablabroma,3d-printing;cnc;electronics;laser;precision-milling;vinyl-cutting,high,source:fablabs.io;status:active;kind:fab_lab;idcode:275
Studio 5t,41.9007003,12.4689874,Piazza di San Salvatore in Lauro,00186,Roma,IT,http://www.studio5t.com,https://www.fablabs.io/labs/studio5t,3d-printing;cnc;electronics;laser;precision-milling;vinyl-cutting,high,source:fablabs.io;status:active;kind:fab_lab;idcode:2314
Fabfactory,41.8669145,12.4877697,Via G. Magnaghi 59,00154,Rome,IT,https://www.fabfactory.it,https://www.fablabs.io/labs/fabfactory,3d-printing;cnc;electronics;laser;precision-milling;vinyl-cutting,high,source:fablabs.io;status:active;kind:fab_lab;idcode:2319
WitLab,45.8838673,11.02124509999999,"Piazza della Manifattura, 1",38068,Rovereto,IT,http://www.witlab.io,https://www.fablabs.io/labs/witlab,3d-printing;cnc;electronics;laser;precision-milling;vinyl-cutting,high,source:fablabs.io;status:unknown;kind:fab_lab;idcode:692
PoPlab,45.06981179999999,11.79021579999994,"Rovigo c/o Cen.Ser. Padiglione A, ingresso Padiglione C, primo piano",45100,Rovigo,IT,http://www.poplab.cc/,https://www.fablabs.io/labs/poplab,3d-printing;cnc;electronics;laser;precision-milling;vinyl-cutting,high,source:fablabs.io;status:unknown;kind:fab_lab;idcode:1055
Multilab Rozzano,45.3760533,9.145442000000003,Via Matteotti 33,20089,Rozzano,IT,http://www.multilab-rozzano.org/,https://www.fablabs.io/labs/multilabrozzano,3d-printing;electronics;laser;precision-milling;vinyl-cutting,high,source:fablabs.io;status:unknown;kind:mini_fab_lab;idcode:1207
FabLab SALERNO,40.6567,14.80405999999994,"via Parmenide 70, Int. 2, Scala B",84131,SALERNO,IT,http://www.fablabsalerno.org,https://www.fablabs.io/labs/fablabtosalerno,3d-printing;electronics;laser,high,source:fablabs.io;status:planned;kind:fab_lab;idcode:2185
Loudlab,45.9505412,12.5050012,Via Ponte Lacchin 40 Via,33077,Sacile,IT,http://www.loudlab.it,https://www.fablabs.io/labs/loudlab,3d-printing;cnc;laser;precision-milling;vinyl-cutting,high,source:fablabs.io;status:active;kind:fab_lab;idcode:1075
Fab Lab Salerno,40.6783834,14.760132,Piazza S. Agostino,84121,Salerno,IT,,https://www.fablabs.io/labs/fablabsalerno,,medium,source:fablabs.io;status:planned;kind:fab_lab;idcode:365
Crunchlab,45.635645,12.54735230000006,San Dona di Piave Via Vittorio Veneto 114,30027,San Dona di Piave,IT,http://crunchlab.org,https://www.fablabs.io/labs/crunchlab,3d-printing;cnc;electronics;laser;precision-milling;vinyl-cutting,high,source:fablabs.io;status:active;kind:fab_lab;idcode:1099
Wake'n'Make,44.6407168,11.1856745,"Via Guardia Nazionale, 17",40017,San Giovanni in Persiceto,IT,http://www.wakenmake.it,https://www.fablabs.io/labs/wakenmake,3d-printing;cnc;laser,high,source:fablabs.io;status:active;kind:fab_lab;idcode:1132
Imprimatvrlab - Fablab di San Martino dall'Argine,45.101353,10.518597,San Martino Dall'argine via parrocchia 3,46010,San Martino Dall'argine,IT,http://www.imprimatvrlab.org/,https://www.fablabs.io/labs/imprimatvrlab,3d-printing;cnc;laser;vinyl-cutting,high,source:fablabs.io;status:unknown;kind:fab_lab;idcode:965
LAB,44.3242302,9.3549395,Via Costa dei Lando 42,16030,San Salvatore,IT,http://www.fablabtigullio.org,https://www.fablabs.io/labs/Tigullio,3d-printing,high,source:fablabs.io;status:unknown;kind:mini_fab_lab;idcode:824
fablab tigullio,44.324092,9.354135000000042,"Via Costa dei Lando, 42",16030,San Salvatore,IT,http://www.fablabtigullio.org,https://www.fablabs.io/labs/fablabtigullio,3d-printing,high,source:fablabs.io;status:unknown;kind:mini_fab_lab;idcode:829
ArtLab Accademia Sironi,40.7344582,8.560592600000064,"Via Monsignor Antonio Piga, 9",07100,Sassari,IT,https://www.facebook.com/ArtLabAccademiaSironi,https://www.fablabs.io/labs/artlab,3d-printing;cnc;laser;precision-milling;vinyl-cutting,high,source:fablabs.io;status:active;kind:fab_lab;idcode:1664
Fab Lab CUBACT,40.71324056238311,8.556719487171904,Via Rockefeller 54,07100,Sassari,IT,http://utt.uniss.it/incubatore.html,https://www.fablabs.io/labs/fablabcubact,3d-printing;cnc;electronics;laser;precision-milling;vinyl-cutting,high,source:fablabs.io;status:unknown;kind:fab_lab;idcode:703
Fab Lab Sassari,40.71689900000001,8.567575999999999,Via 4 Novembre 34,07100,Sassari,IT,https://issuu.com/fablabsassari,https://www.fablabs.io/labs/fablabsassari,3d-printing;cnc;laser;precision-milling;vinyl-cutting,high,source:fablabs.io;status:active;kind:fab_lab;idcode:304
Matusa FabLab Sciacca,37.5072399,13.08172779999995,"Via Porta San Pietro, 29",92019,Sciacca,IT,http://www.matusafablab.it,https://www.fablabs.io/labs/matusafablabsciacca,3d-printing;laser,high,source:fablabs.io;status:active;kind:mini_fab_lab;idcode:1724
FabLab Settimo,45.1375317,7.780629200000021,"Via Ariosto, 36bis",10036,Settimo Torinese,IT,http://www.fablabsettimo.org/,https://www.fablabs.io/labs/fablabsettimo,3d-printing;cnc;electronics;laser;precision-milling;vinyl-cutting,high,source:fablabs.io;status:unknown;kind:fab_lab;idcode:458
Santa Chiara Fab Lab,43.315302,11.33919509999998,"Santa Chiara Lab Via Val di Montone, 1",53100,Siena,IT,http://scfablab.unisi.it/,https://www.fablabs.io/labs/santachiarafablab,3d-printing;cnc;electronics;laser;precision-milling;vinyl-cutting,high,source:fablabs.io;status:active;kind:fab_lab;idcode:1205
Fab Lab Terre di Castelli,44.50954857902687,11.00878867459119,Via Vittorio Bachelet 11 c/o Tecnopolo Spilamberto,41057,Spilamberto,IT,http://www.fablabterredicastelli.it,https://www.fablabs.io/labs/fablabterredicastelli,3d-printing;cnc;electronics;laser;vinyl-cutting,high,source:fablabs.io;status:unknown;kind:mini_fab_lab;idcode:774
Fab Lab Sulbiate,45.63434950000001,9.4207713,Via Madre Laura 1,20884,Sulbiate,IT,http://www.makeinprogress.org/,https://www.fablabs.io/labs/fablabsulbiate,3d-printing;laser;vinyl-cutting,high,source:fablabs.io;status:planned;kind:fab_lab;idcode:474
ICTP Scientific Fabrication Laboratory (SciFabLab),45.7043586,13.7198803,"Via Beirut 6, Grignano ICTP Fermi Building",34151,TRIESTE,IT,http://scifablab.ictp.it,https://www.fablabs.io/labs/ictpscifablab,3d-printing;cnc;electronics;laser;precision-milling;vinyl-cutting,high,source:fablabs.io;status:active;kind:fab_lab;idcode:464
Dolomiti Concept Lab,46.30024,12.01157499999999,Taibon Agordino via valentino besarel,32027,Taibon Agordino,IT,http://www.concept-lab.it/,https://www.fablabs.io/labs/dolomiticonceptlab,3d-printing;cnc;electronics;laser;precision-milling;vinyl-cutting,high,source:fablabs.io;status:unknown;kind:mini_fab_lab;idcode:1105
Taranto Makers APS,40.4679788,17.2453682,"Via Cavallotti, 103/A",74123,Taranto,IT,http://www.tarantomakers.it,https://www.fablabs.io/labs/tarantomakers,3d-printing;cnc;electronics;laser,high,source:fablabs.io;status:active;kind:mini_fab_lab;idcode:2112
Fab Lab Terni,42.56735592794143,12.59610692222896,via luigi casale,05100,Terni,IT,http://www.fablabterni.org,https://www.fablabs.io/labs/fablabterni,3d-printing;cnc;laser;precision-milling,high,source:fablabs.io;status:unknown;kind:fab_lab;idcode:358
HackLab Terni APS,42.5594659,12.65232319999996,Via Franco Mole 25,05100,Terni,IT,http://hacklabterni.org/,https://www.fablabs.io/labs/hacklabterni,3d-printing;cnc;electronics;laser,high,source:fablabs.io;status:active;kind:fab_lab;idcode:871
FabLab Terracina,41.2882059,13.2526909,via Sarti 2,04019,Terracina,IT,https://www.facebook.com/fablab.terracina,https://www.fablabs.io/labs/fablabterracina,3d-printing;electronics;laser;vinyl-cutting,high,source:fablabs.io;status:active;kind:fab_lab;idcode:1932
Megahub,45.7095387,11.37497310000003,Via Trieste 49,36016,Thiene,IT,http://www.megahub.it/,https://www.fablabs.io/labs/megahubVI,3d-printing;cnc;laser;vinyl-cutting,high,source:fablabs.io;status:active;kind:fab_lab;idcode:1915
Creaticity FabLab,43.2124032,13.28369029999999,via XXX giugno 28,62029,Tolentino,IT,http://creaticityfablab.com/,https://www.fablabs.io/labs/creaticityfablab,3d-printing;cnc;electronics;precision-milling,high,source:fablabs.io;status:unknown;kind:fab_lab;idcode:284
FabLab Pavone Torino,45.07492920000001,7.681167599999981,"Via Gian Francesco Bellezia, 19",10122,Torino,IT,http://www.fablabpavone.it,https://www.fablabs.io/labs/fablabpavone,3d-printing;cnc;laser;vinyl-cutting,high,source:fablabs.io;status:active;kind:fab_lab;idcode:1400
Fablab Torino,45.05006969999999,7.668232499999931,Via Egeo 16,10134,Torino,IT,http://www.fablabtorino.org,https://www.fablabs.io/labs/fablabtorino,3d-printing;cnc;electronics;laser;precision-milling;vinyl-cutting,high,source:fablabs.io;status:active;kind:fab_lab;idcode:46
FaberLab Varese,45.7033272,8.90522,Viale Europa 4/a,,Tradate,IT,http://www.faberlab.org,https://www.fablabs.io/labs/faberlabvarese,3d-printing;laser,medium,source:fablabs.io;status:unknown;kind:fab_lab;idcode:506
FabLAB Trani,41.26885,16.43394999999998,"Via Avvocato Vittorio Malcangi, 197",76125,Trani,IT,http://www.fablabtrani.it,https://www.fablabs.io/labs/fablabtrani,3d-printing;cnc;electronics;laser,high,source:fablabs.io;status:unknown;kind:fab_lab;idcode:1353
MUSE Fablab,46.0625724,11.11460809999994,Corso del Lavoro e della Scienza 3,38122,Trento,IT,http://fablab.muse.it,https://www.fablabs.io/labs/musefablab,3d-printing;cnc;electronics;laser;precision-milling;vinyl-cutting,high,source:fablabs.io;status:active;kind:fab_lab;idcode:124
FabLab Treviso,45.6919511,12.24796259999994,"Via Venzone, 12",31100,Treviso,IT,http://www.fablabtreviso.org,https://www.fablabs.io/labs/fablabtreviso,3d-printing;laser;precision-milling;vinyl-cutting,high,source:fablabs.io;status:active;kind:fab_lab;idcode:412
ASPERASTRA - Fab Lab - Urban Center Trieste,45.6549693,13.7704018,"Corso Camillo Benso Conte di Cavour, 2/2, 34132 Trieste TS, Italy",34132,Trieste,IT,https://asperastra.org,https://www.fablabs.io/labs/asperastra,3d-printing;cnc;laser;precision-milling;vinyl-cutting,high,source:fablabs.io;status:active;kind:fab_lab;idcode:3000
cssm,40.0994807,18.44985910000003,Via Campo Sportivo,73020,Uggiano La Chiesa,IT,https://www.facebook.com/CssmTecnos,https://www.fablabs.io/labs/cssm,3d-printing,high,source:fablabs.io;status:planned;kind:fab_lab;idcode:507
Valeggio FabLab,45.31581,10.76215,Localita Vanoni-Remelli 39,37067,Valeggio sul Mincio,IT,https://www.fablabvaleggio.com/,https://www.fablabs.io/labs/valeggio,3d-printing;electronics;laser,high,source:fablabs.io;status:active;kind:fab_lab;idcode:2600
FabLab Valsamoggia,44.4705138,11.1008631,Piazza Liberta Ex-Municipio,40050,Valsamoggia Loc. Monteveglio,IT,http://www.fablabvalsamoggia.xyz,https://www.fablabs.io/labs/fablabvalsamoggia,3d-printing;cnc;electronics;laser,high,source:fablabs.io;status:active;kind:mini_fab_lab;idcode:1220
Fablab Varese,45.8462272,8.7918865,Via Varese,21100,Varese,IT,http://www.fablabvarese.it,https://www.fablabs.io/labs/fablabvarese,,medium,source:fablabs.io;status:planned;kind:fab_lab;idcode:246
DEL_Fablab,45.44515010000001,12.31740779999996,Universita Ca' Foscari Venezia Campus Economico San Giobbe Cannaregio 873,30121,Venezia,IT,http://www.delfablab.it/,https://www.fablabs.io/labs/delfablab,3d-printing;cnc;laser;precision-milling,high,source:fablabs.io;status:unknown;kind:fab_lab;idcode:1226
M2M FabLab,38.22886475308599,15.63744985400194,"Via Corrado Alvaro, 130",89018,Villa San Giovanni,IT,http://www.m2mfablab.it/,https://www.fablabs.io/labs/m2mfablab,3d-printing;cnc;electronics;laser;precision-milling,high,source:fablabs.io;status:active;kind:fab_lab;idcode:1805
Fablab Valle Sabbia,45.6049287,10.4594012,Via Casette C.B.O 28,25089,Villanuova sul Clisi,IT,http://www.fablabvallesabbia.it,https://www.fablabs.io/labs/fablabvallesabbia,3d-printing;cnc;electronics;laser;vinyl-cutting,high,source:fablabs.io;status:active;kind:fab_lab;idcode:2034
Fab Lab ViVe,45.9913817,12.30226289999996,Via A. Maschietto,31029,Vittorio Veneto,IT,http://www.fablabvive.it,https://www.fablabs.io/labs/fablabvive,3d-printing;cnc;electronics;laser,high,source:fablabs.io;status:active;kind:fab_lab;idcode:1964
FabCube,45.989992,12.29719699999998,Via Manzoni 28,31029,Vittorio Veneto,IT,https://fabcube.eu/,https://www.fablabs.io/labs/fabcube,3d-printing;cnc;laser,high,source:fablabs.io;status:active;kind:fab_lab;idcode:1459
Fablab Spazio Attivo Zagarolo,41.8385803,12.83089459999997,Piazza dell'Indipendenza,00039,Zagarolo,IT,http://www.fablablazio.it,https://www.fablabs.io/labs/laziofablabzagarolo,3d-printing;cnc;electronics;laser;precision-milling;vinyl-cutting,high,source:fablabs.io;status:active;kind:fab_lab;idcode:872
Fab Lab Nu,40.3253683,9.26385449999998,"Via Marisa Bellisario, 61",08100,Zona Industriale Prato Sardo,IT,http://www.fablabnu.it,https://www.fablabs.io/labs/NuoroFabLab,3d-printing;cnc;electronics;laser;precision-milling;vinyl-cutting,high,source:fablabs.io;status:unknown;kind:fab_lab;idcode:672
FabLabNU,40.3255327,9.26383880000003,"Via Marisa Bellisario, 61",08100,Zona Industriale Prato Sardo,IT,,https://www.fablabs.io/labs/fablabnu,3d-printing;cnc;laser,medium,source:fablabs.io;status:unknown;kind:fab_lab;idcode:573
Fablab NU,40.3253907,9.268732699999987,Via Marisa Bellisario,08100,Zona Industriale Prato Sardo,IT,http://www.fablabnuoro.it,https://www.fablabs.io/labs/fablabnuoro,3d-printing;cnc;electronics;laser;precision-milling;vinyl-cutting,high,source:fablabs.io;status:unknown;kind:fab_lab;idcode:599
Miocugino - officina di gesta e ingegno,45.4480315,9.168623300000036,via argelati 35,20143,milano,IT,http://www.miocugino.com,https://www.fablabs.io/labs/miocugino,3d-printing;cnc;electronics;laser;precision-milling;vinyl-cutting,high,source:fablabs.io;status:planned;kind:fab_lab;idcode:479
JunksionXlabs,18.0092724088956,-76.74563587777101,Aquaduct Flats UWI Mona,,Kingston,JM,http://xlabsja.com,https://www.fablabs.io/labs/xlabsja,3d-printing;laser,high,source:fablabs.io;status:active;kind:fab_lab;idcode:1445
FabLab Amman,31.9963968,35.89832109999998,Amman,,Amman,JO,http://fablabamman.com,https://www.fablabs.io/labs/fablabamman,3d-printing;electronics,high,source:fablabs.io;status:active;kind:mini_fab_lab;idcode:417
The Makerspace (previously TechWorks Amman),31.971585,35.8327651,King Hussein Business Park Building 23,,Amman,JO,https://youtu.be/zLt3aOkB3oA,https://www.fablabs.io/labs/fablabjordan,3d-printing;cnc;electronics;laser;precision-milling;vinyl-cutting,high,source:fablabs.io;status:active;kind:fab_lab;idcode:1587
The Makerspace CPF - Mobile Lab,31.8797758034632,35.87761861562499,Mobile lab,,Amman,JO,https://cpf.jo/en/programs/the-makerspace-en/,https://www.fablabs.io/labs/themakerspacecpfmobilelab,3d-printing;cnc;electronics;laser;precision-milling;vinyl-cutting,medium,source:fablabs.io;status:planned;kind:mobile;idcode:3140
The Makerspace CPF - Mogableen - Arab Youth Center,31.90776042765201,35.92199517573241,"Building 1, Arab Youth Center",,Amman,JO,https://cpf.jo/en/programs/the-makerspace-en/,https://www.fablabs.io/labs/themakerspaceayc,3d-printing;cnc;laser;precision-milling;vinyl-cutting,high,source:fablabs.io;status:active;kind:fab_lab;idcode:3139
Waslleh MakerLab,31.9543786,35.9105776,Queen Rania St 267 - First Floor,11942,Amman,JO,https://wasllehmakerlab.com,https://www.fablabs.io/labs/wasllehmakerlab,3d-printing;cnc;electronics;laser;precision-milling;vinyl-cutting,high,source:fablabs.io;status:active;kind:fab_lab;idcode:3162
Orange FabLab-Aqaba,29.532033,35.0063038,"G2P6+5Q9, Aqaba",,Aqaba,JO,https://orange.jo/en/corporate/csr/fab-labs,https://www.fablabs.io/labs/orangefabAqaba,3d-printing;cnc;electronics;laser;precision-milling;vinyl-cutting,high,source:fablabs.io;status:active;kind:mini_fab_lab;idcode:2827
The Makerspace CPF - Aqaba,29.52179339937664,35.00063800608216,"Building 1, Arab Revolt Square",11693,Aqaba,JO,https://cpf.jo/en/programs/the-makerspace-en/,https://www.fablabs.io/labs/themakerspacecpfaqaba,3d-printing;cnc;electronics;laser;precision-milling;vinyl-cutting,high,source:fablabs.io;status:active;kind:fab_lab;idcode:3138
Orange FabLab-Balqa,32.0345807,35.7269051,"2PRV+RV8, As-Salt",,As-Salt,JO,https://orange.jo/en/corporate/csr/fab-labs,https://www.fablabs.io/labs/orangefabBalqa,3d-printing;cnc;electronics;laser;precision-milling;vinyl-cutting,high,source:fablabs.io;status:active;kind:mini_fab_lab;idcode:2828
Fab Lab Irbid,32.4888076,35.9762725,Irbid Development Zone,,Irbid,JO,https://www.shamalstart.com/fablab/,https://www.fablabs.io/labs/fablabirbid,3d-printing;cnc;electronics;laser;precision-milling;vinyl-cutting,high,source:fablabs.io;status:active;kind:fab_lab;idcode:1206
Orange FabLab-Irbid,32.5525856,35.8496688,"Al-Sheikh Khalil St., Irbid",21110,Irbid,JO,https://orange.jo/en/corporate/csr/fab-labs,https://www.fablabs.io/labs/orangefabirbid,3d-printing;cnc;electronics;laser;precision-milling;vinyl-cutting,high,source:fablabs.io;status:active;kind:mini_fab_lab;idcode:2825
Orange FabLab-Karak,31.1853497,35.7047733,"Al Marj, Karak",,Karak,JO,https://orange.jo/en/corporate/csr/fab-labs,https://www.fablabs.io/labs/orangefabkarak,3d-printing;cnc;electronics;laser;precision-milling;vinyl-cutting,high,source:fablabs.io;status:active;kind:mini_fab_lab;idcode:2826
Orange FabLab-Hashemite University,32.0608187,36.0941794,"453J+5C5, Damascus Hwy, Zarqa",,Zarqa,JO,https://orange.jo/en/corporate/csr/fab-labs,https://www.fablabs.io/labs/orangefabHashemiteUniversity,3d-printing;cnc;electronics;laser;precision-milling;vinyl-cutting,high,source:fablabs.io;status:active;kind:mini_fab_lab;idcode:2829
Orange Fablab - Amman,31.9698974,35.9095395,"Abdali area, King Hussein street, Orange Digital Village",11121,amman,JO,https://orange.jo/en/corporate/csr/fab-labs,https://www.fablabs.io/labs/Orangeammanfablab,3d-printing;cnc;electronics;laser;precision-milling;vinyl-cutting,high,source:fablabs.io;status:active;kind:fab_lab;idcode:2793
FabLab Hiroshima,34.3697502,132.3440636,211,7315193,,JP,https://www.tsuru-gakuen.ac.jp/m-hub/,https://www.fablabs.io/labs/fablabhiroshima,3d-printing;cnc;electronics;laser;precision-milling;vinyl-cutting,high,source:fablabs.io;status:active;kind:fab_lab;idcode:3128
FabLab Setagaya at IID,35.64636910107573,139.6808880140168,2-4-5 IID116,154-0001,,JP,https://fablabsetagaya.com/,https://www.fablabs.io/labs/fablabsetagaya,3d-printing;cnc;electronics;laser;precision-milling;vinyl-cutting,high,source:fablabs.io;status:active;kind:fab_lab;idcode:1501
FabLab Yamaguchi,34.1828113,131.4797903,1331,753-0093,,JP,https://fablabyamaguchi.com,https://www.fablabs.io/labs/fablabyamaguchi,3d-printing;cnc;electronics;laser;precision-milling;vinyl-cutting,high,source:fablabs.io;status:active;kind:fab_lab;idcode:2823
Fablab Kamakura,35.3215168,139.5501477,1-10-6,248-001,,JP,http://www.fablabkamakura.com,https://www.fablabs.io/labs/fablabkamakura,3d-printing;cnc;electronics;laser;precision-milling;vinyl-cutting,medium,source:fablabs.io;status:unknown;kind:fab_lab;idcode:150
FabLab DAZAIFU,33.5081397,130.506275,"2-19-30 Tofurominami EK JAPAN Co., Ltd",818-0105,Dazaifu-shi,JP,http://fablabdazaifu.com/,https://www.fablabs.io/labs/fablabdazaifu,3d-printing;cnc;electronics;laser;vinyl-cutting,high,source:fablabs.io;status:unknown;kind:fab_lab;idcode:547
FabLab Kyushu Univ.,33.5606499,130.4305253,"Shiobal 4-9-1, Minami-ku, Fukuoka",815-8540,Fukuoka,JP,,https://www.fablabs.io/labs/kyushuuniv,3d-printing;cnc;electronics;laser;precision-milling;vinyl-cutting,medium,source:fablabs.io;status:planned;kind:fab_lab;idcode:842
FABLAB Hamamatsu,34.7107782,137.7261082,"3645, Nishikamoe-cho, Nishi-ku",432-8067,Hamamatsu-city,JP,http://www.take-space.com,https://www.fablabs.io/labs/fablabhamamatsu,3d-printing;electronics;laser;precision-milling;vinyl-cutting,high,source:fablabs.io;status:active;kind:fab_lab;idcode:499
skylabworkshop,35.3070855,139.5521867,1-9-19 Zaimokuza,2480013,Kamakura,JP,http://www.skylabworkshop.tech,https://www.fablabs.io/labs/skylabworkshop,3d-printing;cnc;electronics;laser;precision-milling;vinyl-cutting,high,source:fablabs.io;status:active;kind:fab_lab;idcode:2798
Manazuru Tech Lab,35.1535796,139.1413301,894-1 Manatsuru,259-0201,Manazuru-machi,JP,http://www.manazuru.tech,https://www.fablabs.io/labs/manazuru,3d-printing;cnc;laser;precision-milling;vinyl-cutting,high,source:fablabs.io;status:active;kind:fab_lab;idcode:1435
FabLab Nagano,36.6581177,138.1795567,"Faculty of Education,Shinshu University 6 Nishinagan",380-8544,Nagano,JP,http://fablab-nagano.org/,https://www.fablabs.io/labs/fablabnagano,3d-printing;cnc;electronics;laser;precision-milling;vinyl-cutting,high,source:fablabs.io;status:active;kind:fab_lab;idcode:1522
Fab Lab Nagoya,35.1537213,136.851547,1-183 Namiki Nakamura,453-0856,Nagoya,JP,https://fablab-nagoya.org/,https://www.fablabs.io/labs/nagoya,3d-printing;cnc;electronics;laser;vinyl-cutting,high,source:fablabs.io;status:active;kind:fab_lab;idcode:3074
Fab Lab Oita,33.2356059,131.6071756,Chuomachi 1-1-19 Medical Ninomiya Bldg. 3F,870-0035,Oita,JP,http://www.faboita.org,https://www.fablabs.io/labs/fablaboita,3d-printing;cnc;laser;precision-milling;vinyl-cutting,high,source:fablabs.io;status:active;kind:fab_lab;idcode:387
FabLab Kitakagaya,34.623314,135.4745679,5-4-12 Kitakagaya Suminoe-ku,559-0011,Osaka-shi,JP,http://fablabkitakagaya.org,https://www.fablabs.io/labs/fablabkitakagaya,3d-printing;cnc;electronics;laser;precision-milling;vinyl-cutting,high,source:fablabs.io;status:active;kind:fab_lab;idcode:157
Ota Fab,35.56390748574539,139.7158098898742,Nishi-Kamata 7-4-4 Koyama 2th Building 6F,144-0051,Ota-ku,JP,https://ot-fb.com/,https://www.fablabs.io/labs/otafab,3d-printing;laser,high,source:fablabs.io;status:active;kind:fab_lab;idcode:1251
FabLab Saga,33.2538668,130.3035359,"Gofukumotomachi 2-30, FabLab Saga",8400824,Saga,JP,http://www.fablab-saga.com/,https://www.fablabs.io/labs/fablabsaga,3d-printing;electronics;laser;precision-milling;vinyl-cutting,high,source:fablabs.io;status:active;kind:fab_lab;idcode:653
FabLab West-Harima,35.03512060000001,134.3754737,580 Kuchi-Nagatani,6795343,Sayo-cho,JP,https://fablab-nishiharima.org/,https://www.fablabs.io/labs/fablabwestharima,3d-printing;cnc;electronics;laser;precision-milling;vinyl-cutting,high,source:fablabs.io;status:active;kind:fab_lab;idcode:2929
FabLab SENDAI,38.2587774,140.8750367,"Ichiban-cho 2-2-8, Aoba-ku IKI Bldg. 4-1",980-0811,Sendai,JP,https://www.fablabsendai-flat.com,https://www.fablabs.io/labs/fablabsendai,3d-printing;cnc;electronics;laser;vinyl-cutting,high,source:fablabs.io;status:active;kind:fab_lab;idcode:366
FabLab Shinagawa,35.60552750000001,139.7132194,Nakanobu 4-6-15,142-0053,Shinagawa-ku,JP,https://fablab-shinagawa.org,https://www.fablabs.io/labs/fablabshinagawa,3d-printing;cnc;electronics;laser;precision-milling;vinyl-cutting,high,source:fablabs.io;status:active;kind:fab_lab;idcode:2271
FabLab tottori,35.4924415,134.2342396,701-3 Yoshikataonsen--cho,680-0841,Tottori,JP,http://www.fablab-tottori.jp/,https://www.fablabs.io/labs/fablabtottori,3d-printing;cnc;laser;precision-milling;vinyl-cutting,high,source:fablabs.io;status:unknown;kind:fab_lab;idcode:620
Fab Research Yokohama (Keio University),35.4425629,139.6413436,223-1 NU2F,231-0023,YOKOHAMA,JP,http://fabtechs.co,https://www.fablabs.io/labs/fabresearchyokohamakeio,3d-printing;cnc;electronics;laser;precision-milling;vinyl-cutting,high,source:fablabs.io;status:unknown;kind:fab_lab;idcode:331
FabLab Kannai,35.4466114,139.6377282,"3-61-201 Aioi, Naka",231-0012,Yokohama,JP,http://fablab-kannai.org/,https://www.fablabs.io/labs/fablabkannai,3d-printing;cnc;electronics;laser;vinyl-cutting,high,source:fablabs.io;status:active;kind:fab_lab;idcode:226
FabLab MinatoMirai - Kanagawa University,35.3450786,139.2603046,4-5-3 Minatomirai Nishi-ku,220-8739,Yokohama,JP,https://www.kanagawa-u.ac.jp/cooperation/project/fablab/,https://www.fablabs.io/labs/fablabminatomirai,3d-printing;cnc;electronics;laser;precision-milling;vinyl-cutting,high,source:fablabs.io;status:active;kind:fab_lab;idcode:1053
FabLab Kuriyama,43.05758093747869,141.7771551401672,Kurihuto 1- 154 Chuo 3 Kuriyama-cho,0691511,Yubari-gun,JP,https://fablabkuriyama.jp,https://www.fablabs.io/labs/fablabkuriyama,3d-printing;cnc;electronics;laser;precision-milling;vinyl-cutting,high,source:fablabs.io;status:active;kind:fab_lab;idcode:2615
FabLab KandaNishikicho (ex. FabLab Shibuya),35.6937262,139.7607922,3-20 KandaNishikicho Aizen Bldg. 1F,101-0054,chiyoda,JP,http://fablabkn.tokyo,https://www.fablabs.io/labs/fablabkn,3d-printing;cnc;electronics;laser;vinyl-cutting,high,source:fablabs.io;status:active;kind:fab_lab;idcode:153
ASIJ FabLab,35.6837553,139.5241814,1-1-1,182-0031,nomizu chofu-shi,JP,,https://www.fablabs.io/labs/asijfablab,3d-printing;cnc;electronics;laser;precision-milling;vinyl-cutting,medium,source:fablabs.io;status:planned;kind:fab_lab;idcode:750
OUSIA FABLABS,0.5173983,35.270895,Eldoret,30100,Eldoret,KE,https://ousiatechnologies.com/,https://www.fablabs.io/labs/ousiafablabs,3d-printing;cnc;electronics,high,source:fablabs.io;status:planned;kind:fab_lab;idcode:1759
FABLAB WINAM,-0.082152370503329,34.78982534841003,Ogango next to Star annex hospital along Kibos Rd 3188,40100,Kisumu,KE,http://@fablabwinam,https://www.fablabs.io/labs/fablabwinam,3d-printing;cnc;electronics;laser;precision-milling;vinyl-cutting,high,source:fablabs.io;status:active;kind:fab_lab;idcode:1757
I.O.Me005,-2.1767894,40.8146311,Hindi,,Lamu,KE,http://www.iome.ke.php73-40.lan3-1.websitetestlink.com/,https://www.fablabs.io/labs/iome005,3d-printing;cnc;electronics;laser;precision-milling,high,source:fablabs.io;status:active;kind:fab_lab;idcode:2409
Fablab Gearbox,-1.3020349,36.83793249999997,P.O Box 58275-0200,00200,Nairobi,KE,http://www.gearbox.co.ke/,https://www.fablabs.io/labs/fablabgearbox,3d-printing;cnc;electronics;laser;precision-milling;vinyl-cutting,high,source:fablabs.io;status:active;kind:fab_lab;idcode:1706
Fablab Nairobi,-1.2790019,36.81703949999996,30197,00100 (GPO),Nairobi,KE,https://fablaboutreach.wordpress.com/,https://www.fablabs.io/labs/fablabnairobi,3d-printing;cnc;electronics;laser;precision-milling;vinyl-cutting,high,source:fablabs.io;status:unknown;kind:fab_lab;idcode:47
ARC Hub PNH,11.5723785,104.9287621999999,No. 8 Street 118,12200,Phnom Penh,KH,http://www.archubpnh.com/,https://www.fablabs.io/labs/archubpnh,3d-printing,high,source:fablabs.io;status:unknown;kind:mini_fab_lab;idcode:759
Busan Innovation Fab Lab,35.1732082,129.1304368,Waps Building second floor Centum dong-ro 45,612-020,,KR,,https://www.fablabs.io/labs/busaninnovationfablab,3d-printing;cnc;electronics;laser;precision-milling;vinyl-cutting,medium,source:fablabs.io;status:active;kind:fab_lab;idcode:1503
Campus D Fab Lab,37.5364772,126.8924233,"20, Yangpyeong-ro 21-gil, Yeongdeungpo-gu 21 20",150-105,,KR,,https://www.fablabs.io/labs/campusd,,low,source:fablabs.io;status:planned;kind:fab_lab;idcode:777
Fab Lab Asan,36.7696489,126.932408,"22, Soonchunhyang-ro, Sinchang-myeon, Asan-si, Chungcheongnam-do, Republic of Korea No. 9107, College of Engineering",336-880,,KR,http://cdc.sch.ac.kr/,https://www.fablabs.io/labs/fablabasan,3d-printing;cnc;laser;vinyl-cutting,high,source:fablabs.io;status:active;kind:fab_lab;idcode:1518
Fab Lab Chungju,36.9687657,127.8717471,50 Joint Lab 408,27469,,KR,,https://www.fablabs.io/labs/fablabchungju,3d-printing;cnc;laser,medium,source:fablabs.io;status:active;kind:fab_lab;idcode:1399
FabLab DEU,35.1454745,129.0368128,"106ho, Sanhak-gwan, 176, Eomgwang-ro (Gaya-dong, Dong-eui University)",47340,,KR,http://eng.deu.ac.kr,https://www.fablabs.io/labs/fablabdeu,3d-printing;electronics;laser;vinyl-cutting,high,source:fablabs.io;status:active;kind:fab_lab;idcode:1463
Fablab Cheongju,36.6425619,127.4371985,"(Sejung Techno Valley), Fab Lab Cheong-Ju 614, 6th floor, Sejung Techno Valley , Gongdan-road, Heungdeok-gu, Cheongju-si, Chungcheongbuk-do, Republic of Korea",361-240,,KR,,https://www.fablabs.io/labs/fablabcheongju,3d-printing;cnc;laser;vinyl-cutting,medium,source:fablabs.io;status:active;kind:fab_lab;idcode:1679
Fablab Hwaseong,37.1616306,126.8654604,410,445-890,,KR,https://www.dohasiha.com/maker,https://www.fablabs.io/labs/Hwaseong,3d-printing;cnc;electronics;laser;precision-milling,high,source:fablabs.io;status:active;kind:fab_lab;idcode:2150
Seoul Innovation Fab Lab,37.60841669999999,126.9337532,Eunpyeong-gu Tongil-ro 684 Building #19 Maker Meadow 1F,03371,,KR,http://innofablab.kr,https://www.fablabs.io/labs/seoulinnovationfablab,3d-printing;cnc;electronics;laser;precision-milling;vinyl-cutting,high,source:fablabs.io;status:active;kind:fab_lab;idcode:1155
d.playlab - FABCAFE,37.5574413,126.9252513,166-2 Mokwha BD 8F,121-200,,KR,http://dplaylab.kr,https://www.fablabs.io/labs/dplaycafe,3d-printing;electronics;laser;vinyl-cutting,medium,source:fablabs.io;status:unknown;kind:mini_fab_lab;idcode:592
FAB LAB Incheon,37.4859215,126.6550755,"23 Bangchuk-ro 83beon-gil, Dong-gu 12 322 (12dong 322ho)",22530,(Incheon),KR,https://fablabinchoen.wixsite.com/fab-lab-incheon,https://www.fablabs.io/labs/fablabincheon,3d-printing;cnc;laser,high,source:fablabs.io;status:planned;kind:mini_fab_lab;idcode:2842
FabLab Busan_Route,35.117136,129.0880768,"5F, 109, Dongcheon-ro, Busanjin-gu, Busan",47246,-,KR,http://www.route-k.kr,https://www.fablabs.io/labs/busan,3d-printing;cnc;electronics;laser;precision-milling;vinyl-cutting,high,source:fablabs.io;status:active;kind:fab_lab;idcode:1011
FablabBusan2,35.1590175,129.0625489,"201, 116, Dongcheon-ro, Busanjin-gu, Busan",47247,-,KR,,https://www.fablabs.io/labs/fablabbusan2,3d-printing;cnc;laser;vinyl-cutting,high,source:fablabs.io;status:active;kind:fab_lab;idcode:1180
Yeongdo Fab Lab,35.0899173,129.0386734,2,606-031,-,KR,,https://www.fablabs.io/labs/fablabyeongdo,3d-printing;cnc;laser,medium,source:fablabs.io;status:planned;kind:mini_fab_lab;idcode:2239
CO77IRI MAKER SPACE,35.16526362635276,126.9043419465576,190 Mudeung-ro,61250,Buk-gu,KR,http://blog.naver.com/co77iri,https://www.fablabs.io/labs/co77iri,3d-printing;cnc;laser;vinyl-cutting,high,source:fablabs.io;status:active;kind:fab_lab;idcode:2263
BERIC,35.1743479,129.0716954,"945 Jungang-daero, Busanjin-gu",47210,Busan,KR,http://www.busanedu.net/portal/,https://www.fablabs.io/labs/beric,3d-printing;electronics;laser;vinyl-cutting,high,source:fablabs.io;status:active;kind:fab_lab;idcode:1258
Kyungnam,35.120329,129.0199373,"Seo-gu 65, Mangyang-ro 111beon-gi",49201,"Busan, Korea",KR,http://hspage.busanedu.net/kyungnamhs,https://www.fablabs.io/labs/kyungnam,3d-printing;laser;vinyl-cutting,high,source:fablabs.io;status:active;kind:fab_lab;idcode:1672
Seed Lab,35.1582788,129.0482836,"3F, 25, Gaya-daero 703beon-gil",47262,Busanjin-gu,KR,https://blog.naver.com/darknisia,https://www.fablabs.io/labs/seedlab,3d-printing;electronics;laser,high,source:fablabs.io;status:active;kind:fab_lab;idcode:2235
FabLabChangwon,35.253766,128.6402706,"20, Changwondaehak-ro, Uichang-gu, Changwon-si, Gyeongsangnam-do, Republic of Korea",51140,Changwon,KR,http://maker-agit.kr/main/,https://www.fablabs.io/labs/changwon,3d-printing;laser;vinyl-cutting,high,source:fablabs.io;status:active;kind:fab_lab;idcode:1868
Fablab chungju,36.9687657,127.8717471,"50, Daehak-ro, Chungju-si, Chungcheongbuk-do, South Korea W9 (408)",380-871 (27469),Chungju-si,KR,,https://www.fablabs.io/labs/chungju,3d-printing;electronics;laser;vinyl-cutting,high,source:fablabs.io;status:active;kind:fab_lab;idcode:1691
Creative Factory,35.87244870000001,128.6248257,"471, Dongdaegu-ro, Dong-gu Daegu Contents Center Bldg. 1~5F",41260,Daegu,KR,https://www.imaker.or.kr,https://www.fablabs.io/labs/imaker,3d-printing;cnc;electronics;laser;vinyl-cutting,high,source:fablabs.io;status:active;kind:fab_lab;idcode:1967
CreativeFactory,35.87244870000001,128.6248257,"471 Dongdaegu-ro, Dong-gu (DaeguContentsCenter Bldg.)1~5F",41260,Daegu,KR,http://imaker.or.kr,https://www.fablabs.io/labs/creativefactory,3d-printing;cnc;electronics;laser;precision-milling;vinyl-cutting,high,source:fablabs.io;status:active;kind:fab_lab;idcode:1820
IACT Fab Lab @ Daegu,35.8915205,128.5991782,"40 Yeonam-ro, Buk-gu Daegu City Hall Annex 201 & 203",41542,Daegu,KR,https://www.3dprinter.or.kr,https://www.fablabs.io/labs/IACTFabLab,3d-printing;cnc;electronics;laser;precision-milling,high,source:fablabs.io;status:active;kind:fab_lab;idcode:1336
MakerHouse RI:UM,35.8710374,128.5880089,"10, Gyeongsanggamyeong-gil, Jung-gu",41919,Daegu,KR,https://rium.space,https://www.fablabs.io/labs/makerhouserium,3d-printing;electronics;laser;vinyl-cutting,high,source:fablabs.io;status:active;kind:fab_lab;idcode:2369
Sports FabLab Suseong,35.8313833,128.6874889000001,140 1F,706-130,Daegu,KR,http://www.scic.or.kr/,https://www.fablabs.io/labs/sportsfablabsuseong,3d-printing,high,source:fablabs.io;status:active;kind:fab_lab;idcode:1745
KAIST Idea Factory,36.3707172,127.3573506,"291 Daehak-ro, Yuseong-gu",305-701,Daejeon,KR,http://risti.kaist.ac.kr,https://www.fablabs.io/labs/ideafactory,3d-printing;cnc;electronics;laser,high,source:fablabs.io;status:unknown;kind:fab_lab;idcode:470
Fab Lab Gwangju,35.1470534,126.9147441,"2F, 9-13 Jungang-ro 160 beon-gil Dong-gu",,Gwangju,KR,http://www.open-lab.co.kr,https://www.fablabs.io/labs/fablabgwangju,3d-printing;electronics;laser,high,source:fablabs.io;status:active;kind:fab_lab;idcode:1239
CNU Idea Factory (Chonnam National University),35.18142529321423,126.9094286891938,"Chonnam National University Room No.422, GnR Hub",61168,Gwangju-si,KR,http://startup.jnu.ac.kr,https://www.fablabs.io/labs/cnuif,3d-printing;electronics;laser;vinyl-cutting,high,source:fablabs.io;status:active;kind:fab_lab;idcode:1464
Fab Lab HAEUNDAE,35.15908320745636,129.1620085936402,,,Haeundae-gu,KR,,https://www.fablabs.io/labs/fablabhaeundae,,low,source:fablabs.io;status:planned;kind:mobile;idcode:1091
Fablab Jeju Island,33.5009577,126.5125891,"7, Namseong-ro, Jeju-si, Jeju-do, Republic of Korea",63184,Jeju-si,KR,http://www.fablab-jeju.org,https://www.fablabs.io/labs/fablabjejuisland,3d-printing;cnc;laser;vinyl-cutting,high,source:fablabs.io;status:active;kind:fab_lab;idcode:1825
FabLab Daegu,35.8718822,128.5974578,"2F & B1 25,Gukchaebosang-ro 123gil",,Jung-gu,KR,http://blog.naver.com/kordot,https://www.fablabs.io/labs/Daegu,3d-printing;laser,high,source:fablabs.io;status:active;kind:fab_lab;idcode:1089
FabLab Ulsan,35.5454313,129.3176366,"55, Yugok-ro",44458,Jung-gu,KR,http://www.makeholic.com,https://www.fablabs.io/labs/fablabulsan,3d-printing;cnc;electronics;laser;precision-milling;vinyl-cutting,high,source:fablabs.io;status:active;kind:fab_lab;idcode:1705
Fab Lab Paju,37.7848643,126.7026014,"40 Eoreumsil-ro, Tanhyeon-myeon",10859,Paju,KR,https://www.facebook.com/Fab-Lab-Paju-108712857321574/,https://www.fablabs.io/labs/fablabpaju,3d-printing;cnc;electronics;laser;precision-milling;vinyl-cutting,high,source:fablabs.io;status:active;kind:fab_lab;idcode:2326
FabLab POSTECH,36.02326867883107,129.3174365585526,"5th Floor, National Institute for Nanomaterials Technology, 77, Cheongam-ro, Nam-gu (Jigok-dong, Pohang University of Science and Technology)",37673,Pohang-si,KR,http://www.nano.or.kr,https://www.fablabs.io/labs/fablabpostech,3d-printing;cnc;electronics;laser;vinyl-cutting,high,source:fablabs.io;status:active;kind:fab_lab;idcode:1711
POSTECH Maker Campus,36.02327484534018,129.3178113368401,"6th Floor, National Institute for Nanomaterials Technology, 77, Cheongam-ro, Nam-gu (Jigok-dong, Pohang University of Science and Technology)",37673,Pohang-si,KR,http://www.nano.or.kr,https://www.fablabs.io/labs/postechmakercampus,3d-printing;cnc;electronics;laser;vinyl-cutting,high,source:fablabs.io;status:active;kind:fab_lab;idcode:1821
Fab Lab Daejeon,36.355539,127.3677516,"1, Wolpyeong-ro 94beon-gil,",35224,Seo-gu,KR,https://fablabdaejeon.com,https://www.fablabs.io/labs/fldj728,3d-printing;cnc;electronics;laser;precision-milling;vinyl-cutting,high,source:fablabs.io;status:active;kind:fab_lab;idcode:1007
FabLab Jeju,33.2984851,126.3103708,"Jeju-do, Korea 218, Nokchabunjae-ro, Andeok-myeon, Seogwipo-si",63521,Seogwipo-si,KR,https://www.jdc-jam.com/index.jam?menuCd=DOM_000000110001000000,https://www.fablabs.io/labs/fablabjeju,3d-printing;laser;vinyl-cutting,high,source:fablabs.io;status:unknown;kind:fab_lab;idcode:1181
American Center Korea,37.5400028,126.9734657,Seoul,,Seoul,KR,https://kr.usembassy.gov/american-center-korea/,https://www.fablabs.io/labs/ACK,3d-printing;cnc;laser;vinyl-cutting,medium,source:fablabs.io;status:corona;kind:fab_lab;idcode:1984
Fab Lab Seoul,37.569243,126.9952266,"Sewoon Plaza #550 Jangsadong 116-4, Jong-Ro Gu",03194,Seoul,KR,http://www.tideinstitute.org,https://www.fablabs.io/labs/fablabseoul,3d-printing;cnc;electronics;laser;precision-milling;vinyl-cutting,high,source:fablabs.io;status:active;kind:fab_lab;idcode:434
Mirtle Lab,37.5782815,127.061635,88gil,02536,Seoul,KR,,https://www.fablabs.io/labs/mirtlelab,3d-printing;electronics;laser;precision-milling;vinyl-cutting,medium,source:fablabs.io;status:planned;kind:mobile;idcode:2865
Seoul Foreign School FabLab,37.56992808562203,126.9360623663513,Seoul,,Seoul,KR,https://www.facebook.com/seoul.foreign.school/,https://www.fablabs.io/labs/seoulforeignschoolfablab,3d-printing;cnc;electronics;laser;precision-milling;vinyl-cutting,high,source:fablabs.io;status:active;kind:fab_lab;idcode:2216
Chadwick International Fabrication Lab,37.3995338,126.6444239,45 45 Art center-daero 97beon-gil,406-082,Songdo-dong,KR,https://www.chadwickinternational.org/we/campus/facilities/spine/msus-makerspace,https://www.fablabs.io/labs/chadwickinternationalfablab,3d-printing;cnc;electronics;laser;precision-milling;vinyl-cutting,high,source:fablabs.io;status:active;kind:fab_lab;idcode:1784
Fablabs Wonju,37.3398891,127.9220033,"24, 502",26387,Wonju,KR,http://www.make32.com,https://www.fablabs.io/labs/fablabswonju,3d-printing;cnc;laser,high,source:fablabs.io;status:active;kind:fab_lab;idcode:2272
Fab Lab Suwon,37.2513972,127.0780248999999,Self Making Studio 87 Bandal-ro,16705,"Yeongtong-gu, Suwon-si",KR,http://www.tideinstitute.org,https://www.fablabs.io/labs/fablabsuwon,3d-printing;cnc;electronics;laser;vinyl-cutting,high,source:fablabs.io;status:unknown;kind:fab_lab;idcode:1006
CNU Inno-Factory(Chungnam National University),36.3688125,127.3468125,99 Daehak-ro E5-1 Inno-Factory,34134,Yuseong-gu,KR,,https://www.fablabs.io/labs/cnuinnofactory,3d-printing;cnc;laser,high,source:fablabs.io;status:active;kind:fab_lab;idcode:2788
Fablab Ogeum,37.5004871,127.1411087,"40, Dongnam-ro 28-gil, Songpa-gu ogeum youth center 2nd floor",05738,seoul,KR,https://ogyouth.or.kr/,https://www.fablabs.io/labs/fablabogeum,3d-printing;cnc;laser;precision-milling;vinyl-cutting,high,source:fablabs.io;status:active;kind:fab_lab;idcode:2866
Crafts Academy,29.3611115,48.0014539,"Crafts Academy, Kuwait Teacher association 5 Salem Al Jumaian St, Kuwait City",86153,Dasma,KW,https://maps.app.goo.gl/NVcuXKCxxwBDCrNi9,https://www.fablabs.io/labs/CraftsAcademy,3d-printing;cnc;electronics;laser;vinyl-cutting,high,source:fablabs.io;status:active;kind:fab_lab;idcode:2430
KCST FABLAB,29.323894,47.78949699999998,Doha Road Al Assima.,,"Doha District, Block 4",KW,https://www.kcst.edu.kw/,https://www.fablabs.io/labs/kcstfablab,3d-printing;cnc;electronics;laser;precision-milling;vinyl-cutting,medium,source:fablabs.io;status:planned;kind:fab_lab;idcode:2024
GUST Fab Lab,29.274092,48.052452,"Block 5, Masjid Al Aqsa street, Gulf University for Science and Technology (GUST)",,Mubarak Al-Abdullah,KW,,https://www.fablabs.io/labs/gustfablab,3d-printing;electronics;laser,medium,source:fablabs.io;status:active;kind:fab_lab;idcode:2813
FABus,29.3421579,47.9778106,alfaiha block 2 inside youth center,,kuwait city,KW,,https://www.fablabs.io/labs/fabuskuwait,3d-printing;cnc;electronics;laser;precision-milling;vinyl-cutting,medium,source:fablabs.io;status:active;kind:mobile;idcode:1174
MakersAcademy,29.34721279999999,48.08628229999999,Alsalmiya Arabian gulf street ..the view mall 2nd mezzanine,,kuwait city,KW,,https://www.fablabs.io/labs/Q8Makers,3d-printing;cnc;electronics;laser;precision-milling;vinyl-cutting,medium,source:fablabs.io;status:active;kind:fab_lab;idcode:315
Fab KazGASA school,43.20259739999999,76.8721862,", 23",050043,,KZ,https://www.instagram.com/fab_kazgasa.school/,https://www.fablabs.io/labs/fabkazgasaschool,3d-printing;cnc;electronics;laser;precision-milling;vinyl-cutting,high,source:fablabs.io;status:active;kind:fab_lab;idcode:3023
FabLab KazGasa,43.20496380000001,76.87435839999999,28,050043,,KZ,https://www.instagram.com/fablab.kazgasa?igsh=c2RxcGxxMXl6a2gy,https://www.fablabs.io/labs/fablabkazgasa,3d-printing;cnc;electronics;laser;precision-milling;vinyl-cutting,high,source:fablabs.io;status:active;kind:fab_lab;idcode:3016
Zhetysu FabLab,45.0113671,78.3517911,"226, ,",040006,,KZ,https://fablab.thpc.edu.kz/,https://www.fablabs.io/labs/zhetysufablab,3d-printing;cnc;electronics;laser;precision-milling;vinyl-cutting,high,source:fablabs.io;status:active;kind:fab_lab;idcode:3143
APC FabLab,43.2499237,76.8591235,"Microdistrict Tastak-1, 1v",050061,Almaty,KZ,https://almatypolytech.edu.kz,https://www.fablabs.io/labs/apc123lab,3d-printing;cnc;laser;precision-milling,high,source:fablabs.io;status:active;kind:fab_lab;idcode:3105
Energo FABLAB,43.2351719,76.9299563,Baitursynuly 124,050013,Almaty,KZ,https://energo.university/history,https://www.fablabs.io/labs/energofablab,3d-printing;cnc;electronics;laser,high,source:fablabs.io;status:active;kind:mini_fab_lab;idcode:3005
Satbayev University,43.2375635,76.9297921,22 Satbaev street,050013,Almaty,KZ,https://satbayev.university/en/fablab,https://www.fablabs.io/labs/KazNRTU,3d-printing;cnc;electronics;laser;precision-milling;vinyl-cutting,high,source:fablabs.io;status:active;kind:fab_lab;idcode:1514
Fab Lab NURIS,51.0939211,71.39874580000003,Qabanbay Batyr Ave. 53,010000,Astana,KZ,https://nuris.nu.edu.kz/fablab,https://www.fablabs.io/labs/NURISfablab,3d-printing;cnc;electronics;laser;precision-milling;vinyl-cutting,high,source:fablabs.io;status:active;kind:fab_lab;idcode:1471
BITS to ATOMS,33.86169272695354,35.5499419048158,Mkalles,,-,LB,http://bitstoatoms.info/,https://www.fablabs.io/labs/BitstoAtoms,3d-printing;cnc;electronics;precision-milling;vinyl-cutting,high,source:fablabs.io;status:active;kind:fab_lab;idcode:1614
ArD TechLab,33.8999596,35.4837546,"American University of Beirut, Scientific Research Building (SRB) Room 111",P.0. Box: 11-0236,Beirut,LB,https://www.aub.edu.lb/msfea/research/ard-techlab/Pages/default.aspx,https://www.fablabs.io/labs/ardtechlab,3d-printing;cnc;laser;precision-milling;vinyl-cutting,high,source:fablabs.io;status:active;kind:fab_lab;idcode:2322
BIM Evo,33.87136647332883,35.54516402845002,"Mkalles Roundabout, Dekwaneh Entrance, Georges Matta Street, Near Vincci Home Gallery, Irani Building, 3rd Floor P.O.Box: 55-375 Sin El Fil, Lebanon",00000,Dekwaneh,LB,http://bim-me.com/,https://www.fablabs.io/labs/bimevo,3d-printing;cnc;laser;precision-milling;vinyl-cutting,high,source:fablabs.io;status:planned;kind:mini_fab_lab;idcode:1978
Berytech Fab Lab,33.8650692,35.56288029999996,Lebanon,,"Mar Roukoz, Dekwaneh",LB,http://berytech.org/offices/fablab/,https://www.fablabs.io/labs/berytechfablab,3d-printing;cnc;electronics;laser;precision-milling,high,source:fablabs.io;status:active;kind:fab_lab;idcode:1520
Hatch Maker Studio,6.936178,79.844064,14 Sir Baron Jayatilaka Mawatha,00100,Colombo,LK,,https://www.fablabs.io/labs/hatchmakerstudio,3d-printing;cnc;laser;vinyl-cutting,high,source:fablabs.io;status:active;kind:fab_lab;idcode:2935
Neo Space,6.8824511,79.8853491,Open University of Sri Lanka,11222,"Nawala,",LK,https://www.neospace.lk,https://www.fablabs.io/labs/neospace,3d-printing;cnc;electronics;laser,high,source:fablabs.io;status:active;kind:fab_lab;idcode:2127
Neo Space Mobile,6.8847554,79.88618269999999,"Dept, Physics, The Open University of Sri Lanka Nawala, Nugegoda",100009,Nugegoda,LK,http://NeoSpace.lk,https://www.fablabs.io/labs/neospacemobile,3d-printing;electronics,high,source:fablabs.io;status:active;kind:mobile;idcode:2954
FabLab Kaunas,54.9039245,23.95778399999995,"KTU, XI rumai I Elektronikos rumai",51368,Kaunas,LT,https://fablabkaunas.lt/,https://www.fablabs.io/labs/fablabkaunas,3d-printing;electronics;precision-milling,high,source:fablabs.io;status:active;kind:fab_lab;idcode:998
FabLab Vilnius - Meskenu laboratorija,54.6952986,25.30875979999996,M. K. Paco g. 4 - VIII,10309,Vilnius,LT,http://www.fablabvilnius.lt,https://www.fablabs.io/labs/fablabvilnius,3d-printing;cnc;electronics;laser;vinyl-cutting,high,source:fablabs.io;status:active;kind:mini_fab_lab;idcode:1047
Fab Lab Liepaja,56.5056345,21.0119058,,LV-3401,Liepaja,LV,,https://www.fablabs.io/labs/fablabliepaja,,low,source:fablabs.io;status:planned;kind:fab_lab;idcode:125
FabLab Liepaja,56.5022605,21.0128684,Klava Ukstina Street 17/23,LV-3411,Liepaja,LV,https://ziic.liepaja.edu.lv/,https://www.fablabs.io/labs/Liepaja,3d-printing;cnc;electronics;laser;precision-milling;vinyl-cutting,high,source:fablabs.io;status:active;kind:fab_lab;idcode:2777
Latvijas Universitates FabLab,56.9478678,24.11584570000002,Aspazijas bulvaris 5,LV-1050,Riga,LV,http://www.biznesainkubators.lu.lv/fablab/kas-ir-latvijas-universitates-fablab/,https://www.fablabs.io/labs/latvijasuniversitatesfablab,3d-printing;laser,high,source:fablabs.io;status:unknown;kind:mini_fab_lab;idcode:306
Fab Lab Ventspils,57.3960527,21.563456,Pils iela 27,LV-3601,Ventspils,LV,,https://www.fablabs.io/labs/fablabventspils,3d-printing;cnc;laser;precision-milling;vinyl-cutting,high,source:fablabs.io;status:active;kind:fab_lab;idcode:1245
FabLab Libya,32.0793436,20.07109679999996,,,Ben Ghazi,LY,https://fablablibya.org/,https://www.fablabs.io/labs/fablablibya,3d-printing;cnc;electronics,high,source:fablabs.io;status:active;kind:fab_lab;idcode:1566
Fab Lab Libya,32.0793196,20.0710884,Al-Pepsi Street Al Rahba Near Al-Fuwaheat Secondary School for Boys,+218,Benghazi,LY,https://fablablibya.org/,https://www.fablabs.io/labs/fablablibyaBen,3d-printing;electronics;laser;precision-milling,high,source:fablabs.io;status:active;kind:fab_lab;idcode:1899
STREAM FAB LAB,32.8798255,13.2142083,Ben Ashour - Wessaayt Abderri,,Tripoli,LY,https://www.streamers.ly/en/fablab/,https://www.fablabs.io/labs/streamfablab,3d-printing;cnc;electronics;laser;precision-milling;vinyl-cutting,high,source:fablabs.io;status:active;kind:fab_lab;idcode:2213
FabLab Agadir,30.4280405,-9.5925444,Agadir Centre ville,80000,Agadir,MA,https://www.facebook.com/FabLabAgadirOfficial/,https://www.fablabs.io/labs/fablabagadir,3d-printing;laser,high,source:fablabs.io;status:active;kind:fab_lab;idcode:1909
fablab solidaire d'orange digital center agadir,30.40326288294474,-9.528536164068612,"Orange Digital Center Agadir, 4eme etage, Bureau TA403, Agadir 80000",80000,Agadir,MA,,https://www.fablabs.io/labs/fablabsolidaireorangedigitalcenteragadir,3d-printing;cnc;electronics;laser;precision-milling;vinyl-cutting,high,source:fablabs.io;status:active;kind:fab_lab;idcode:3132
Innovation Lab for Operations,32.2181727,-7.935657699999999,"Lot 660, Hay Moulay Rachid, Ben Guerir 43150, Maroc",43150,Ben Guerir,MA,https://ilo-um6p.com,https://www.fablabs.io/labs/innovationlabforoperations,3d-printing;cnc;electronics;laser;vinyl-cutting,high,source:fablabs.io;status:active;kind:fab_lab;idcode:2359
Casanostra,33.5902189,-7.629509,"36, rue Abou Chouaib Doukkali Quartier Gautier",20100,Casablanca,MA,http://www.casanostra.ma,https://www.fablabs.io/labs/casanostra,3d-printing;cnc;electronics;precision-milling;vinyl-cutting,high,source:fablabs.io;status:active;kind:fab_lab;idcode:1426
FABLAB CASABLANCA,33.6177888,-7.485404599999999,"Casablanca Bd Imam Layte Bnou saad, mgasin n68 Hay Al Qods, Bernoussi",20610,Casablanca,MA,http://www.fablabcasablanca.org,https://www.fablabs.io/labs/fablabcasablanca,3d-printing;cnc;electronics;laser;precision-milling;vinyl-cutting,high,source:fablabs.io;status:unknown;kind:fab_lab;idcode:887
FABLAB EMSI CASABLANCA,33.5413023,-7.670900800000027,Boulevard Laymoune,,Casablanca,MA,http://www.emsi.ma/fablab,https://www.fablabs.io/labs/fablabemsicasablanca,3d-printing;cnc;electronics,high,source:fablabs.io;status:active;kind:fab_lab;idcode:1605
FabLab Elbilia International Casablanca,33.5934144,-7.649166200000001,Av. Ahmed Charci,20000,Casablanca,MA,,https://www.fablabs.io/labs/fablabelbiliainternationalcasablanca,3d-printing;vinyl-cutting,high,source:fablabs.io;status:active;kind:mini_fab_lab;idcode:2984
FabLab Leon l'Africain Domaines d'Anfa,33.5575625,-7.7276875,"Km 6, route d'azemmour, Lotissement Domaine d'Anfa 1,",20000,Casablanca,MA,,https://www.fablabs.io/labs/fablablonlafricaindomainesdanfa,3d-printing;vinyl-cutting,high,source:fablabs.io;status:active;kind:mini_fab_lab;idcode:3025
MuHub innovative factory,33.5975304,-7.619915199999998,"Quartier Mellah, ancienne Medina",20250,Casablanca,MA,http://www.hubmuhub.ma,https://www.fablabs.io/labs/muhubinnovativefactory,3d-printing;cnc;laser;precision-milling;vinyl-cutting,high,source:fablabs.io;status:active;kind:fab_lab;idcode:2884
FabLab Kenitra,34.2562785,-6.581406600000037,28 Rue Maamora,14000,Kenitra,MA,http://fablab-kenitra.com,https://www.fablabs.io/labs/fablabkenitra,3d-printing;cnc;electronics;laser;vinyl-cutting,high,source:fablabs.io;status:active;kind:fab_lab;idcode:2026
FABLAB OUARZAZATE,30.9323107,-6.9372986,"FABLAB OUARZAZATE , Ibn Al Haytham Technical Hight School, Ouarzazate, Maroc",45000,OUARZAZATE,MA,,https://www.fablabs.io/labs/fablabouarzazate,3d-printing;laser;precision-milling,medium,source:fablabs.io;status:planned;kind:fab_lab;idcode:1760
FabLab Leon l'Africain Rabat,33.9494375,-6.8321406,"Lotissement Dar Essalam, rue Sahel, route de Zaers, Souissi",10000,Rabat,MA,,https://www.fablabs.io/labs/fablablonlafricainrabat,3d-printing;vinyl-cutting,medium,source:fablabs.io;status:planned;kind:mini_fab_lab;idcode:3024
FabLab Rabat,33.9677612,-6.877892599999996,"Ecole normale superieure de l'enseignement technique de Rabat Enset , B.P. 6207 Avenue des Forces Armees Royales Rabat 10100 Maroc",B.P. 6207,Rabat,MA,https://fablabrabat.wordpress.com/,https://www.fablabs.io/labs/fablabrabat,3d-printing;cnc;electronics;laser;precision-milling,high,source:fablabs.io;status:active;kind:fab_lab;idcode:2037
SMARTiLab,33.9627061,-6.837378199999989,Souissi,,Rabat,MA,http://www.smartilab.ma,https://www.fablabs.io/labs/smartilab,3d-printing;cnc;electronics;laser,medium,source:fablabs.io;status:unknown;kind:fab_lab;idcode:1019
FabLabTanger,35.7666667,-5.799999999999955,Tanger FSt de Tanger,,Tanger,MA,http://www.fablabtanger.org,https://www.fablabs.io/labs/fablabtanger,3d-printing;cnc;laser;precision-milling;vinyl-cutting,medium,source:fablabs.io;status:unknown;kind:fab_lab;idcode:473
LAB LAB TANGER,35.2629558,-5.561727900000051,Tangeri Gzenaya,90000,Tangeri,MA,http://www.fablabtanger.ma,https://www.fablabs.io/labs/lablabtanger,3d-printing;cnc;electronics;laser;precision-milling,high,source:fablabs.io;status:unknown;kind:fab_lab;idcode:1085
StemLAB,33.92405000000001,-6.918488000000025,N53 residence yasmina Avenue Hassane II,12040,Temara,MA,https://www.facebook.com/steamLabClub/,https://www.fablabs.io/labs/stemlab,3d-printing,high,source:fablabs.io;status:planned;kind:fab_lab;idcode:1606
Fab Lab Chisinau,47.06341786454431,28.86697589228212,9/11 Strada Studentilor,,,MD,https://fablab.utm.md/,https://www.fablabs.io/labs/fablabchisinau,3d-printing;cnc;laser;precision-milling,high,source:fablabs.io;status:active;kind:fab_lab;idcode:1748
Fab Lab Orhei,47.38555710000001,28.8293082,str. M.Eminescu 4,3505,,MD,https://www.facebook.com/fablaborhei,https://www.fablabs.io/labs/fablaborhei,3d-printing;laser;vinyl-cutting,high,source:fablabs.io;status:active;kind:mini_fab_lab;idcode:2354
Cahul Fab Lab,45.9039853,28.1955307,bd Victoriei 10,MD3909,Cahul,MD,https://www.facebook.com/FabLabCahul/,https://www.fablabs.io/labs/cahulfablab,3d-printing;cnc;electronics;laser;precision-milling;vinyl-cutting,high,source:fablabs.io;status:active;kind:fab_lab;idcode:1753
ProDe,42.4232901,19.20840959999998,Donja Gorica,,Podgorica,ME,http://prode.me,https://www.fablabs.io/labs/prodelab,3d-printing,medium,source:fablabs.io;status:unknown;kind:fab_lab;idcode:1275
FabLab Solidaire Mamiratra,-18.9107003,47.54298119999999,Andrainarivo,101,Antananarivo,MG,https://www.facebook.com/FablabSolidaireMamiratra/?eid=ARDKOiuesC4Te2WB9cgk55OORDtki_rFI5i25L8lDxfWpVZfBTFzp1EvoHdeJV33zVI24BGshpt2lnkX,https://www.fablabs.io/labs/FablabSolidaireMamiratra,3d-printing;cnc;electronics;laser;precision-milling;vinyl-cutting,high,source:fablabs.io;status:active;kind:fab_lab;idcode:1829
FabLab Skopje,42.0038495,21.4107501,Rugjer boskovikj 18,1000,Skopje,MK,,https://www.fablabs.io/labs/fablabskopje,3d-printing;cnc;laser,high,source:fablabs.io;status:active;kind:fab_lab;idcode:2815
Donifab,12.6390611,-8.002708100000063,"sotuba ACI, rue des Armees, villa donilab",65,Bamako,ML,https://www.facebook.com/DoniFab/,https://www.fablabs.io/labs/donifab,3d-printing,high,source:fablabs.io;status:active;kind:fab_lab;idcode:1617
Kabako Bamako,12.6299491,-8.027427399999965,ACI 2000,BP E 3568,Bamako,ML,,https://www.fablabs.io/labs/kabakobamako,3d-printing;electronics;laser;vinyl-cutting,medium,source:fablabs.io;status:unknown;kind:fab_lab;idcode:545
Kabakoo - The House Of Wondering,12.5751057,-7.948437900000044,Faladie,,Bamako,ML,http://www.kabakoo.africa,https://www.fablabs.io/labs/kabakoo,3d-printing;electronics,high,source:fablabs.io;status:active;kind:fab_lab;idcode:1769
K-Lab Yangon,16.8555789,96.13501049999999,"Hlaing Township UIT(University of Information Technology) Parami Street, 12 Quarter",,Yangon,MM,http://www.facebook.com/KLabMyanmar,https://www.fablabs.io/labs/klabyangon,3d-printing;cnc;electronics;laser;precision-milling;vinyl-cutting,high,source:fablabs.io;status:active;kind:fab_lab;idcode:1442
FAB LAB Mongolia,47.88639879999999,106.9057439000001,"Sukhbaatar duureg, 1 Khoro, The Downtown building, 6th floor, room 601.",,Ulaanbaatar,MN,https://www.fablab.mn/,https://www.fablabs.io/labs/fablabmongolia,3d-printing;cnc;electronics;laser;precision-milling;vinyl-cutting,medium,source:fablabs.io;status:planned;kind:fab_lab;idcode:1573
Gerlab Engineering Workshop,47.92051944289133,106.959081232074,Ulaanbaatar University BZD - 41 khoroo,13343,Ulaanbaatar,MN,https://gerlab.io/,https://www.fablabs.io/labs/gerlab,3d-printing;cnc;electronics;laser;precision-milling;vinyl-cutting,high,source:fablabs.io;status:active;kind:fab_lab;idcode:3101
FABLAB Macao Science Center,22.1860646,113.5568421,"Avenida Dr. Sun Yat-Sen, Macao Science Center",,-,MO,https://www.msc.org.mo,https://www.fablabs.io/labs/fablabMSC,3d-printing;cnc;electronics;laser;precision-milling;vinyl-cutting,high,source:fablabs.io;status:active;kind:fab_lab;idcode:2904
Fablab puiching(Macau),22.2015508,113.5482345,Horta Costa No.7 Floor B1 in Block H,999078,Macau,MO,https://www.facebook.com/fablabpuiching/,https://www.fablabs.io/labs/puichingmacau,3d-printing;cnc;electronics;laser;precision-milling,high,source:fablabs.io;status:unknown;kind:fab_lab;idcode:809
SahelFablab,18.0769014,-15.95721100000003,"Nouakchott Les Echos du Sahel Zone IND EXTS N0368, Sebkha",BP 2995,Nouakchott,MR,http://innovrim.org/contextsahel,https://www.fablabs.io/labs/sahelfablab,3d-printing,high,source:fablabs.io;status:unknown;kind:fab_lab;idcode:1274
Fab Lab Valletta,35.8986754,14.50819439999998,4 Sappers Street,VLT11,Valletta,MT,http://www.fablabvalletta.org,https://www.fablabs.io/labs/fablabvalletta,3d-printing;electronics;laser,high,source:fablabs.io;status:active;kind:fab_lab;idcode:765
The Inventor's House,21.8840814305292,-102.3017279077483,Aguascalientes,,Aguascalientes,MX,http://theinventorhouse.org,https://www.fablabs.io/labs/theinventorshouse,3d-printing,medium,source:fablabs.io;status:unknown;kind:fab_lab;idcode:644
Taller MACHTE,19.4846455,-99.0718777,"EDO DE COAHUILA 186, Providencia, Gustavo A. Madero",07550,CDMX,MX,https://www.tiktok.com/@taller.machte,https://www.fablabs.io/labs/tallermachte,3d-printing;cnc;electronics;laser;precision-milling;vinyl-cutting,high,source:fablabs.io;status:active;kind:fab_lab;idcode:3052
FABJARDIN,19.2685884,-98.89112569999999,"C. 5 de febrero No. 23 Col. La Bomba 7495+FG Chalco de Diaz Covarrubias, Estado de Mexico",56600,Chalco,MX,http://www.fabjardin.com,https://www.fablabs.io/labs/fabjardin,3d-printing;cnc;electronics;laser;vinyl-cutting,high,source:fablabs.io;status:active;kind:fab_lab;idcode:2473
FABLAB Chihuahua,28.6739772,-106.0793576,Av. Heroico colegio militar #4709 Colonia Nombre de Dios C.P.31300 PIT3,31300,Chihuahua,MX,http://www.fablabchihuahua.com,https://www.fablabs.io/labs/fablabchihuahua,3d-printing;cnc;precision-milling,high,source:fablabs.io;status:unknown;kind:fab_lab;idcode:372
FabLab La Salle Chihuahua,28.6096553,-106.1294128,Prolongacion Lomas de Majalca No. 11201 Colonia Labor de Terrazas,31625,Chihuahua,MX,https://www.ulsachihuahua.edu.mx/site/,https://www.fablabs.io/labs/LaSalleChihauhua,3d-printing;cnc;electronics;laser;precision-milling;vinyl-cutting,high,source:fablabs.io;status:active;kind:fab_lab;idcode:2209
ISAD Fab Lab,28.6581224,-106.1597893,Avenida Mision del Bosque No. 10701 Colonia Valle Escondido,31054,Chihuahua,MX,http://www.isad.edu.mx,https://www.fablabs.io/labs/ISADFabLab,3d-printing;cnc;laser;vinyl-cutting,high,source:fablabs.io;status:active;kind:fab_lab;idcode:2753
Fab Lab Juarez,31.745403,-106.44863,"Avenida Lopez Mateos 924, Alfa.",32317,Ciudad Juarez,MX,https://www.funax.org/fs/,https://www.fablabs.io/labs/fablabjuarez,3d-printing;cnc;electronics;laser;precision-milling;vinyl-cutting,high,source:fablabs.io;status:active;kind:fab_lab;idcode:1415
FAB LAB IMPACT,19.4396548,-99.13422229999998,Republica de Peru 88,06000,Ciudad de Mexico,MX,http://fablabimpact.org,https://www.fablabs.io/labs/fablabimpact,3d-printing;cnc;electronics;laser;precision-milling;vinyl-cutting,high,source:fablabs.io;status:active;kind:fab_lab;idcode:800
Fab Lab UL,19.3941977,-99.2354752,"Av. Constituyentes Constituyentes 1100 Lomas Altas, Miguel Hidalgo",11950,Ciudad de Mexico,MX,https://www.ulibertad.edu.mx/es/campus/,https://www.fablabs.io/labs/fablabul,3d-printing;cnc;laser;precision-milling,high,source:fablabs.io;status:active;kind:mini_fab_lab;idcode:3102
FabLab La Salle Santa Teresa,19.2988411,-99.19633019999999,Camino a Santa Teresa 811,14210,Ciudad de Mexico,MX,https://prepasantateresa.lasalle.mx,https://www.fablabs.io/labs/LaSalleSantaTeresa,3d-printing,high,source:fablabs.io;status:active;kind:mini_fab_lab;idcode:3049
Zona de Inventores,18.645851,-91.7887031,"Josefa Ortiz de Dominguez Mza.1 Lote 20, Col. Plutarco Elias Calles",24155,Ciudad del Carmen,MX,https://www.facebook.com/ZonaDeInventores,https://www.fablabs.io/labs/zonadeinventores,3d-printing;electronics,high,source:fablabs.io;status:active;kind:mini_fab_lab;idcode:1723
Taller Calli,18.9819088,-99.23579409999999,Facultad de arquitectura de la UAEM,62209,Cuernavaca,MX,,https://www.fablabs.io/labs/tallercalli25,3d-printing;laser;vinyl-cutting,high,source:fablabs.io;status:active;kind:fab_lab;idcode:2967
Parque Cientifico Tecnologico UAS,24.8230124,-107.3794655,Josefa Ortiz de Dominguez,,Culiacan Rosales,MX,http://innovacion.uas.edu.mx/,https://www.fablabs.io/labs/PCTUAS,3d-printing;cnc;electronics;laser;precision-milling,high,source:fablabs.io;status:active;kind:fab_lab;idcode:1163
Proyectil Mx,19.3929358,-99.1658597,Mier y Pesado 349 - 2 Colonia del Valle,03100,Delegacion Benito Juarez,MX,http://www.proyectil.mx/,https://www.fablabs.io/labs/proyectilmx,3d-printing;cnc;electronics;laser;precision-milling;vinyl-cutting,high,source:fablabs.io;status:active;kind:fab_lab;idcode:1931
FabLab Queretaro,20.589354,-100.3907559,"Universidad Anahuac Queretaro Calle Universidades I, Kilometro 7, Fraccion 2",76246,El Marques,MX,,https://www.fablabs.io/labs/fablabqro,3d-printing;cnc;electronics;laser;precision-milling;vinyl-cutting,high,source:fablabs.io;status:active;kind:fab_lab;idcode:1188
Hub Center,31.85945509999999,-116.6109064,Av Rayon 294,22830,Ensenada,MX,http://hubcenter.mx,https://www.fablabs.io/labs/hubcenter,3d-printing;cnc;laser;vinyl-cutting,high,source:fablabs.io;status:active;kind:mini_fab_lab;idcode:2327
Ciudad Retono,19.3599607,-98.9846444,"Presa del Sordo esq. Generalisimo Morelos Col. Valle de los Pinos c.p 56420 La Paz, Estado de Mexico",56420,Estado de Mexico,MX,https://www.fundacioncauceciudadano.org/,https://www.fablabs.io/labs/ciudadretono,3d-printing;cnc;electronics;laser;precision-milling;vinyl-cutting,high,source:fablabs.io;status:active;kind:fab_lab;idcode:1658
Fab Lab Maya,19.56859090299754,-88.0456083264587,Av. Juarez 595,77250,Felipe Carrillo Puerto,MX,http://www.fablabmaya.org,https://www.fablabs.io/labs/fablabmaya,3d-printing;cnc;electronics;laser;precision-milling;vinyl-cutting,high,source:fablabs.io;status:active;kind:fab_lab;idcode:897
HackerGarage,20.6715749,-103.3721409,Miguel Lerdo de Tejada 2186 Col. Lafayette,44150,Guadalajara,MX,http://www.hackergarage.mx,https://www.fablabs.io/labs/hackergarage,3d-printing;cnc;electronics;laser;vinyl-cutting,high,source:fablabs.io;status:active;kind:mini_fab_lab;idcode:709
IoT Fab Lab,20.6753294,-103.3930003,"Av. Ignacio L. Vallarta 3300, Segundo Piso CONNECTORY by BOSCH & CENTRAAL",44690,Guadalajara,MX,,https://www.fablabs.io/labs/fablabgdl,3d-printing;cnc;electronics;laser;precision-milling;vinyl-cutting,high,source:fablabs.io;status:active;kind:fab_lab;idcode:1846
Fablab Analco,19.0390991,-98.1944522,"7 Oriente #805, Planta alta, Analco",,Heroica Puebla de Zaragoza,MX,,https://www.fablabs.io/labs/fablabanalco,3d-printing;cnc;electronics;laser;vinyl-cutting,medium,source:fablabs.io;status:active;kind:fab_lab;idcode:1554
Fab Lab Paso del Norte,31.59831399999999,-106.3624369,"Rio del Norte 906, Manuel J. Clouthier, 32575 Cd Juarez, Chih., Mexico",32575,Juarez,MX,https://www.funax.org/fs/programas/fablab-paso-del-norte,https://www.fablabs.io/labs/fablabpasodelnorte,3d-printing;cnc;electronics;laser;precision-milling;vinyl-cutting,high,source:fablabs.io;status:active;kind:fab_lab;idcode:2176
FAB LAB NOVAERA,21.1299955,-101.6857962,"Julian de Obregon #245, Col. Obregon.",37320,Leon,MX,https://www.facebook.com/Novaeramx/,https://www.fablabs.io/labs/fablabnovaera,3d-printing;cnc;electronics;laser;precision-milling;vinyl-cutting,high,source:fablabs.io;status:active;kind:fab_lab;idcode:2246
Makerlab Leon powered by MakerMex,21.1570755,-101.6611393,"Leon Nitrogeno 91, San Jose del Consuelo",37200,Leon,MX,http://makerlableon.com/,https://www.fablabs.io/labs/makerlableon,3d-printing;cnc;electronics;laser,high,source:fablabs.io;status:active;kind:fab_lab;idcode:1708
Fab Lab educativo,20.9681968,-89.62980850000001,,97000,MERIDA,MX,,https://www.fablabs.io/labs/IAA,3d-printing;electronics;laser;vinyl-cutting,medium,source:fablabs.io;status:planned;kind:mini_fab_lab;idcode:830
FabLab Centro de Desarrollo Tecnologico UVM Toluca,19.2468356,-99.6148115,"Av Las Palmas #439 Pte. Col San Jorge Pueblo Nuevo, San Jorge Pueblo Nuevo",52164,METEPEC,MX,,https://www.fablabs.io/labs/fablabCEDETECUVMToluca,3d-printing;cnc;laser;precision-milling,high,source:fablabs.io;status:active;kind:fab_lab;idcode:1865
H67 FABSTUDIO,19.5989908,-99.2739945,"Boulevares del Lago, Ciudad Nicolas Romero, Mex., Mexico",54473,MEXICO,MX,https://sites.google.com/view/h67art/home,https://www.fablabs.io/labs/mexicocrea,3d-printing;cnc;laser;vinyl-cutting,high,source:fablabs.io;status:active;kind:mobile;idcode:1962
FAB LAB TABASCO,17.7607016,-92.59360950000001,Macuspana,,Macuspana,MX,,https://www.fablabs.io/labs/fablabtabasco,3d-printing;cnc;electronics;laser;precision-milling;vinyl-cutting,medium,source:fablabs.io;status:planned;kind:fab_lab;idcode:2155
Fab Lab Yucatan,21.0015237,-89.62394340000003,Merida,97139,Merida,MX,http://fablabyucatan.com,https://www.fablabs.io/labs/fablabyucatan,3d-printing;cnc;electronics;laser;precision-milling;vinyl-cutting,high,source:fablabs.io;status:active;kind:fab_lab;idcode:1066
Fabrica de inventores,21.0571733,-89.53124609999999,"Plaza Riu, Carretera Merida-Conkal Local 14 y 15",97219,Merida,MX,http://www.fabricadeinventores.com,https://www.fablabs.io/labs/fabricadeinventores,3d-printing;electronics;laser;vinyl-cutting,high,source:fablabs.io;status:active;kind:mini_fab_lab;idcode:966
El Garage Project Hub,32.6168701,-115.439384,Magisterio 550,21370,Mexicali,MX,http://www.elgaragehub.com/,https://www.fablabs.io/labs/elgarageprojecthub,3d-printing;electronics;laser,high,source:fablabs.io;status:active;kind:fab_lab;idcode:1635
Fab Lab Ciudad de Mexico,19.4020619,-99.263932,"Universidad Anahuac Mexico Norte Av. Universidad Anahuac # 46, Lomas Anahuac, Huixquilucan, Estado de Mexico",52786,Mexico City,MX,https://drive.google.com/file/d/1R04vtQhHhpK4dMWyZbk1ikxxh5bq08-_/view?usp=sharing/,https://www.fablabs.io/labs/fablabmexico,3d-printing;cnc;electronics;laser;precision-milling;vinyl-cutting,high,source:fablabs.io;status:active;kind:fab_lab;idcode:126
UNAM FABLAB,19.309125,-99.185968,Circuito de los Posgrados S/N Lab. J-006 P.B. Edificio J. Unidad de Posgrado,04510,Mexico City,MX,https://unamfablab.com/,https://www.fablabs.io/labs/unamfablab,3d-printing;cnc;electronics;laser;precision-milling;vinyl-cutting,high,source:fablabs.io;status:active;kind:fab_lab;idcode:1430
FAB LABNL,25.6866142,-100.3161126,Washignton 648,64600,Monterrey,MX,http://conarte.org.mx,https://www.fablabs.io/labs/labnl,3d-printing;cnc;electronics;laser,high,source:fablabs.io;status:active;kind:fab_lab;idcode:2347
FabLab La Campana,25.638579,-100.3049492,Laderas del Mirador Laderas del Mirador,64765,Monterrey,MX,,https://www.fablabs.io/labs/lacampana,3d-printing;laser;vinyl-cutting,high,source:fablabs.io;status:active;kind:mini_fab_lab;idcode:2044
Fab Lab Oaxaca,17.07990792877651,-96.72698420740966,Martires de Rio Blanco 301,68045,Oaxaca,MX,http://fablaboaxaca.org,https://www.fablabs.io/labs/fablaboaxaca,3d-printing;cnc;electronics;vinyl-cutting,high,source:fablabs.io;status:unknown;kind:fab_lab;idcode:670
Fablab TecNM CRODE Orizaba,18.83195338919347,-97.10310500688479,Prolongacion de Calle 2 S/N Colonia Agricola Librado Rivera,94380,Orizaba,MX,https://www.facebook.com/fablabtecnm.crodeorizaba.3,https://www.fablabs.io/labs/fablabtecnmcrodeorizaba,3d-printing;cnc;electronics;laser;precision-milling;vinyl-cutting,high,source:fablabs.io;status:active;kind:fab_lab;idcode:2099
FABLAB BUAP,18.99886789447378,-98.19445757920455,PROL. DE LA 24 SUR ESQ. CON AV. SAN CLAUDIO EDIFICIO DITCo,72575,PUEBLA,MX,https://ditco.buap.mx/?q=video/makerzone-buap,https://www.fablabs.io/labs/fablabuap,3d-printing;cnc;electronics;laser;precision-milling,high,source:fablabs.io;status:active;kind:fab_lab;idcode:2859
Fab Lab Puebla,19.0312453,-98.2425595,Blvd. del Nino Poblano 2901,72197,Puebla,MX,http://www.fablabpuebla.org,https://www.fablabs.io/labs/fablabpuebla,3d-printing;cnc;laser;precision-milling;vinyl-cutting,high,source:fablabs.io;status:active;kind:fab_lab;idcode:292
"Universidad Carolina, Saltillo, Mexico",25.4382603,-100.973698,Universidad Carolina,25000,Saltillo,MX,,https://www.fablabs.io/labs/universidadcarolinasaltillomexico,3d-printing;cnc;laser;vinyl-cutting,high,source:fablabs.io;status:active;kind:fab_lab;idcode:3130
FabLab CIEN,19.05722993672585,-98.30038791904907,"Calle 5 Norte 134, San Juan Aquiahuac, 72810",72810,San Andres Cholula,MX,https://www.facebook.com/share/17AyY8WR9S/,https://www.fablabs.io/labs/CIEN,3d-printing;cnc;laser;vinyl-cutting,high,source:fablabs.io;status:active;kind:fab_lab;idcode:2988
Fab Lab UANL,25.7258183,-100.3111321,San Nicolas de los Garza,66455,San Nicolas de los Garza,MX,https://www.instagram.com/fablabuanl/,https://www.fablabs.io/labs/fablabuanl,3d-printing;cnc;electronics;laser;precision-milling;vinyl-cutting,high,source:fablabs.io;status:active;kind:fab_lab;idcode:706
SAL-LAB,20.5741256,-100.3708313,Cerro Blanco 141,76090,Santiago de Queretaro,MX,https://www.cicataqro.ipn.mx/cq/qro/Paginas/index.php/laboratorio-de-sistemas-ligeros-a.html,https://www.fablabs.io/labs/SALLAB,3d-printing;cnc;laser;precision-milling;vinyl-cutting,high,source:fablabs.io;status:active;kind:fab_lab;idcode:1449
Fab Lab Tijuana,32.5182117,-117.0397004,Consorcio Tecnologico S/N,22253,Tijuana,MX,https://tijuanainnovadora.com/casa-tribu/,https://www.fablabs.io/labs/fablabtijuana,3d-printing;cnc;laser;vinyl-cutting,high,source:fablabs.io;status:active;kind:fab_lab;idcode:1852
ebers ideas,19.1997427,-98.81557199999999,Tequila 23,56700,Tlalmanalco,MX,,https://www.fablabs.io/labs/fabebers,3d-printing;cnc;electronics;laser;precision-milling;vinyl-cutting,high,source:fablabs.io;status:active;kind:mini_fab_lab;idcode:2867
Fablab Santa Monica,19.5256945,-99.2311443,S. Marquez Ex-hacienda de Santa Monica,54050,Tlalnepantla de Baz,MX,https://itj.edu.mx/,https://www.fablabs.io/labs/santamonica,3d-printing;cnc;electronics;laser;precision-milling;vinyl-cutting,high,source:fablabs.io;status:active;kind:fab_lab;idcode:2183
Fablab Anahuac,19.0212061,-98.2629848,"Av Orion Nte S/N Magisterio 2000 I, 72810 Tlaxcalancingo, Pue.",72810,Tlaxcalancingo,MX,https://fablabanahuac.mx/,https://www.fablabs.io/labs/fablabanahuac,3d-printing;cnc;electronics;laser;precision-milling;vinyl-cutting,high,source:fablabs.io;status:active;kind:fab_lab;idcode:2264
"Fablab LINECT - Tultitlan, Estado de Mexico, Mexico",19.64294415474369,-99.12579031003418,Avenida Mexiquense s/n esquina Av. Universidad Politecnica,54910,Tultitlan,MX,https://www.facebook.com/profile.php?id=100083568392679,https://www.fablabs.io/labs/fablablinect,3d-printing;cnc;electronics;laser;vinyl-cutting,high,source:fablabs.io;status:active;kind:fab_lab;idcode:2993
Fab Lab Hub Tech Chiapas,16.7681773,-93.1341274,"Libramiento Norte Poniente esquina lajas, colonia Ladera de la loma",29026,Tuxtla Gutierrez,MX,,https://www.fablabs.io/labs/hubtechchiapas,3d-printing;cnc;electronics;laser;vinyl-cutting,medium,source:fablabs.io;status:planned;kind:fab_lab;idcode:2831
FABLAB-OLMECA,18.047931,-94.4028189,"Avenida Universidad Tecnologica, Lote grande #1, sin colonia",96360,Universidad Tecnologica del Sureste de Veracruz,MX,http://fablab.utsv.mx/blog/,https://www.fablabs.io/labs/fablabolmeca,3d-printing;cnc;electronics;precision-milling,high,source:fablabs.io;status:active;kind:fab_lab;idcode:2870
FABLAB TUVCH,19.2793312,-98.9455897,calle popocatepl Av Xicotencatl,56610,Valle de Chalco Solidaridad,MX,,https://www.fablabs.io/labs/fabLabtuvch,3d-printing;cnc;precision-milling,high,source:fablabs.io;status:active;kind:fab_lab;idcode:3103
iLab Veracruz,19.5437751,-96.91018059999999,Xalapa Enriquez Av. Rafael Murillo Vidal No. 250 Col. Cuauhtemoc,91069,Xalapa Enriquez,MX,http://www.ilab.net,https://www.fablabs.io/labs/fablabveracruz,3d-printing;electronics,high,source:fablabs.io;status:unknown;kind:fab_lab;idcode:659
MAKERLAB UiTM,3.20364359960039,101.4479684652344,Level 3 Perpustakaan Tun Abdul Razak Universiti Teknologi MARA Kampus Puncak Alam,42300,Bandar Puncak Alam,MY,https://www.instagram.com/makerlabuitm/,https://www.fablabs.io/labs/fablabuitm,3d-printing;laser,high,source:fablabs.io;status:active;kind:mini_fab_lab;idcode:2350
PSC@Heritage,5.415494799999999,100.3421741,"Wisma Yeap Chor Ee 37, Gat Lebuh China",10300,George Town,MY,https://www.pscpen.com/makers/,https://www.fablabs.io/labs/pscpen,3d-printing;cnc;laser;vinyl-cutting,high,source:fablabs.io;status:active;kind:mini_fab_lab;idcode:2349
FabLabKL,3.1579057,101.6909072999999,"Sasana Kijang 2, Jalan Dato' Onn",50480,Kuala Lumpur,MY,,https://www.fablabs.io/labs/fablabkl,3d-printing;cnc;electronics;laser;precision-milling;vinyl-cutting,high,source:fablabs.io;status:active;kind:fab_lab;idcode:1149
Mranti MakersLab,3.047908,101.688859,TPM Resource Centre Technology Park Malaysia,43300,Kuala Lumpur,MY,https://mranti.my/makerslab,https://www.fablabs.io/labs/mrantimakerslab,3d-printing;cnc;electronics;laser,high,source:fablabs.io;status:active;kind:fab_lab;idcode:2593
FabLab INTI,2.8130569,101.759017,INTI International University Persiaran Perdana,71800,Nilai,MY,https://newinti.edu.my/inti-fab-lab/,https://www.fablabs.io/labs/fablabinti,3d-printing;cnc;electronics;laser;precision-milling;vinyl-cutting,high,source:fablabs.io;status:active;kind:fab_lab;idcode:1333
SPACE+SPACE FabLab,3.08095,101.6130000000001,"Menara The One Academy Block B4, Leisure Commerce Square, No. 9, Jalan PJS 8/9",46150,Petaling Jaya,MY,https://ssfablab.com/,https://www.fablabs.io/labs/ssfablab,3d-printing;cnc;electronics;laser;precision-milling;vinyl-cutting,high,source:fablabs.io;status:active;kind:fab_lab;idcode:1839
Yvette Young,3.1278871,101.5944885,Petaling Jaya,,Petaling Jaya,MY,,https://www.fablabs.io/labs/yvetteyoung,3d-printing;cnc;electronics;laser;precision-milling;vinyl-cutting,medium,source:fablabs.io;status:active;kind:fab_lab;idcode:2070
STEM 4 ALL MAKERSPACE,3.0580052,101.5925509,"L3-01, Da Men Mall, Persiaran Kewajipan, Usj 1",47600,Subang Jaya,MY,https://www.facebook.com/STEM4ALLMakerspace/,https://www.fablabs.io/labs/stem4allmakerspace,3d-printing;electronics;laser,high,source:fablabs.io;status:active;kind:fab_lab;idcode:2276
Fab Lab Windhoek,-22.5589039,17.082481,,,Windhoek,NA,https://www.facebook.com/fablab.namibia,https://www.fablabs.io/labs/fablabwindhoek,,medium,source:fablabs.io;status:planned;kind:fab_lab;idcode:127
L'Atelier FabLabNC,-22.2692458482057,166.4407232200989,La Caravane 9 rue d'Austerlitz,98800,NOUMEA,NC,http://www.fablabnc.com,https://www.fablabs.io/labs/latelierfablabnc,3d-printing;laser;vinyl-cutting,high,source:fablabs.io;status:active;kind:mini_fab_lab;idcode:1840
PACIFIC FABLAB,-20.904305,165.6180420000001,Nouvelle-Caledonie 24 rue de Paris - Val plaisance,98800,Noumea,NC,,https://www.fablabs.io/labs/pacificfablab,,medium,source:fablabs.io;status:planned;kind:fab_lab;idcode:1416
GreenLab Microfactory,7.3228734,3.788034899999957,"Green Garage House 5, Stateline Road, FUTA",340271,AKURE,NG,https://www.greenlab-microfactory.org,https://www.fablabs.io/labs/greenlabmicrofactory,3d-printing;cnc,high,source:fablabs.io;status:active;kind:fab_lab;idcode:1389
Clintonel Innovation Centre (CIC),5.1333739,7.35321,"12 Umuatako Road Opposite Star Paper, Abayi",450272,Aba,NG,https://clintonel.org,https://www.fablabs.io/labs/CIC,3d-printing;cnc;electronics;laser;precision-milling,high,source:fablabs.io;status:active;kind:fab_lab;idcode:2067
Coderina Education and Technology Foundation,9.0689429,7.4466445,"4 Ngozi Okonjo-Iweala Way, Utako FCTA Education Secretariat",900108,Abuja,NG,http://www.coderina.org,https://www.fablabs.io/labs/coderinaedtech,3d-printing,high,source:fablabs.io;status:active;kind:mini_fab_lab;idcode:3017
Developer Fab Lab,9.106847199999999,7.4097413,No 3 Martin Luther King Jr street Gwarinpa,900108,Abuja,NG,http://www.odysseyedufounfation.org,https://www.fablabs.io/labs/developerfablab,3d-printing;electronics;laser;vinyl-cutting,high,source:fablabs.io;status:active;kind:fab_lab;idcode:1789
ITESL FABLAB,9.0902694,7.469597499999963,"Civic Innovation Lab, No 50, Ademola Adetokunbo Crescent, Wuse 2, ABUJA 900288,",900288,Abuja,NG,http://www.iteslfablab.com,https://www.fablabs.io/labs/iteslfablab,3d-printing;cnc;electronics;laser;precision-milling;vinyl-cutting,high,source:fablabs.io;status:active;kind:fab_lab;idcode:1529
IntelBox Labs,9.076956,7.4348694,"4th Floor, Lanre Shittu Building 1504 Shehu Yar'adua Way, Mabushi",,Abuja,NG,https://intelbox.tech,https://www.fablabs.io/labs/intelbox,3d-printing,high,source:fablabs.io;status:active;kind:fab_lab;idcode:2688
RTI-MakerSpace,9.0573975,7.486371200000001,Plot 769 Samuel Ademulegun Avenue Central Business District,900103,Abuja,NG,https://rti.nnpcgroup.com/,https://www.fablabs.io/labs/rtimakerspace,3d-printing;cnc;electronics;laser;precision-milling;vinyl-cutting,high,source:fablabs.io;status:active;kind:fab_lab;idcode:3113
TEEBOT_MAKE,9.0352786,7.4902971,Bwari,,Bwari,NG,,https://www.fablabs.io/labs/teebotmake,3d-printing;cnc;laser,medium,source:fablabs.io;status:active;kind:mini_fab_lab;idcode:2333
RAIN,7.373500299999998,3.8676432,"20 Oba Adesida Road 20 Oba Adesida Road, Iyaganku Quarters, Ibadan",N/A,Ibadan,NG,http://www.raiNIGERIA.com,https://www.fablabs.io/labs/rain,3d-printing;cnc;laser;precision-milling;vinyl-cutting,high,source:fablabs.io;status:active;kind:fab_lab;idcode:2357
Unilag Fabriction Lab,6.5123047,3.3930713,"D.K Olukoya Central Research Laboratory, Oduduwa Cr, University of Lagos, Akoka, Yaba, Lagos.",10001,Ikeja,NG,,https://www.fablabs.io/labs/unilagfabrictionlab,3d-printing;cnc;electronics;precision-milling,high,source:fablabs.io;status:active;kind:mini_fab_lab;idcode:3010
FabLab NTNU,62.47234619999999,6.233145899999999,Larsgardsvegen 2,6009,Alesund,NO,https://www.ntnu.edu/fablab,https://www.fablabs.io/labs/fablabntnu,3d-printing;cnc;electronics;laser;precision-milling;vinyl-cutting,high,source:fablabs.io;status:active;kind:fab_lab;idcode:1028
SKAP Fab Lab,58.0269336,7.448252300000036,Neseveien 1,4515,MANDAL,NO,http://skapfhs.no/fablab/,https://www.fablabs.io/labs/skap,3d-printing;cnc;electronics;laser;precision-milling,high,source:fablabs.io;status:unknown;kind:fab_lab;idcode:1076
Skaperhuset Sor,58.21825279999999,7.9086056,Mosby Ringvei 66,4619,Mosby,NO,http://www.skaperhuset.com,https://www.fablabs.io/labs/skaperhuset,3d-printing;cnc;electronics;laser;precision-milling;vinyl-cutting,high,source:fablabs.io;status:active;kind:fab_lab;idcode:2281
Verket FabLab,59.43581269999999,10.66292840000006,Ibsens gate 4,1530,Moss,NO,http://www.verketfablab.no,https://www.fablabs.io/labs/verketfablab,3d-printing;cnc;electronics;laser;precision-milling;vinyl-cutting,high,source:fablabs.io;status:active;kind:fab_lab;idcode:843
Fellesverkstedet,59.92536969999999,10.76222810000002,Seilduksgata 29k,0553,Oslo,NO,http://www.fellesverkstedet.no,https://www.fablabs.io/labs/fellesverkstedet,3d-printing;cnc;electronics;laser;precision-milling;vinyl-cutting,high,source:fablabs.io;status:active;kind:fab_lab;idcode:241
Solvik Gard,69.57604698688145,20.21886990000007,,9060,rnes,NO,http://www.fablab.no/,https://www.fablabs.io/labs/solvikgard,,medium,source:fablabs.io;status:unknown;kind:fab_lab;idcode:61
FabLab Nepal,27.6785625,85.31506250000001,"Pulchowk, Lalitpur-3 M8H8+C2",44700,Lalitpur,NP,,https://www.fablabs.io/labs/fablabnepal,3d-printing;cnc;electronics;laser;precision-milling;vinyl-cutting,high,source:fablabs.io;status:active;kind:fab_lab;idcode:2687
Fab Lab Akld,-36.8811339,174.7362409,"Gribblehirst Park 225 Sandringham Rd, Sandringham, Auckland 1025",,Auckland,NZ,https://pocketlabakld.github.io/,https://www.fablabs.io/labs/pocketlabakld,3d-printing;cnc;laser,medium,source:fablabs.io;status:planned;kind:mini_fab_lab;idcode:1231
FabLab DiamondAge,-36.86533416084657,174.6325329356514,Diamond Age Solutions Ltd 27D Waipareira Ave,0610,Auckland,NZ,http://diamondage.co.nz,https://www.fablabs.io/labs/fablabdiamondage,3d-printing;cnc,high,source:fablabs.io;status:unknown;kind:fab_lab;idcode:518
MakerspaceNZ,-36.39693481587476,174.6607625378662,Warkworth,0983,Auckland,NZ,http://www.makerspace.conz,https://www.fablabs.io/labs/makerspacenz,3d-printing;laser,high,source:fablabs.io;status:planned;kind:fab_lab;idcode:416
Fab Lab Chch,-43.54559649999999,172.6418513,148 Madras Street Christchurch Central,8011,Christchurch,NZ,,https://www.fablabs.io/labs/fablabchch,3d-printing;electronics;laser;precision-milling;vinyl-cutting,high,source:fablabs.io;status:active;kind:fab_lab;idcode:407
Inventors Lab @ Petridish,-45.8792819,170.4998738,8 Stafford Street,9016,Dunedin,NZ,https://petridish.co.nz/spaces/inventors-lab,https://www.fablabs.io/labs/InventorsLab,3d-printing;cnc;laser;vinyl-cutting,high,source:fablabs.io;status:active;kind:fab_lab;idcode:2648
Fab Lab Masterton,-40.9486217,175.6632618,44 Queen Street (next to Masterton District Library),5810,Masterton,NZ,http://facebook.com/fablabmasterton,https://www.fablabs.io/labs/fablabmasterton,3d-printing;cnc;laser;vinyl-cutting,high,source:fablabs.io;status:active;kind:fab_lab;idcode:1126
Fab Lab Wgtn,-41.3002327,174.7765134,Buckle St Entrance Massey University,6021,Wellington,NZ,http://www.fablabwgtn.co.nz,https://www.fablabs.io/labs/fablabwgtn,3d-printing;cnc;electronics;laser;precision-milling;vinyl-cutting,high,source:fablabs.io;status:active;kind:fab_lab;idcode:59
InnoTech,23.61451712364244,58.20618071622766,Muscat Alkhoud,,Alseeb,OM,http://innotech.om,https://www.fablabs.io/labs/innotech,3d-printing;electronics,high,source:fablabs.io;status:active;kind:mini_fab_lab;idcode:1168
Infoplazas David,8.425265945651043,-82.42947314328615,Avenida segunda,00000,David,PA,https://www.infoplazas.org.pa/chiriqui/#229,https://www.fablabs.io/labs/infoplazasDavid,3d-printing,high,source:fablabs.io;status:active;kind:fab_lab;idcode:1997
FABLAB UMECIT PANAMA,8.986442199999999,-79.529405,"UMECIT Sede Via Venetto, Calle Augusto Samuel Boyd, Provincia de Panama, Panama",,Panama,PA,https://umecit.edu.pa/en/,https://www.fablabs.io/labs/fablabumecitpanama,3d-printing;laser;vinyl-cutting,high,source:fablabs.io;status:active;kind:fab_lab;idcode:2928
Fablab MecaMaker,8.9825581,-79.52038449999998,"Ph. Condado Bussines Center, No. #7 Panama",00000,Panama,PA,http://mecamaker.com/,https://www.fablabs.io/labs/mecamaker,3d-printing;cnc;electronics;laser;precision-milling;vinyl-cutting,high,source:fablabs.io;status:active;kind:fab_lab;idcode:1698
EcoStudio,9.006578400000002,-79.58902940000002,Building 245 Dwyer St City of Knowledge,00000,Panama City,PA,http://www.ecostudio.ngo,https://www.fablabs.io/labs/ecostudio,3d-printing;cnc;electronics;laser;precision-milling;vinyl-cutting,high,source:fablabs.io;status:active;kind:fab_lab;idcode:1384
FabLab Artelaserpty,9.027355496108743,-79.52362248413084,Condado Del Rey Piso 1 Local 36 Condado del Rey,,Panama City,PA,http://@artelaser_pty,https://www.fablabs.io/labs/artelaserpty,3d-printing;cnc;laser;vinyl-cutting,medium,source:fablabs.io;status:planned;kind:fab_lab;idcode:2048
FABLAB UP CIDETE,8.174961999999999,-80.9760556,SANTIAGO CANTO DEL LLANO,,SANTIAGO,PA,,https://www.fablabs.io/labs/fablabupcidete,3d-printing;cnc;electronics;laser;precision-milling;vinyl-cutting,medium,source:fablabs.io;status:active;kind:fab_lab;idcode:2810
Fab Lab Codigo,-16.40584968392799,-71.52553761412086,Urb la Perlita 101A,04001,Arequipa,PE,https://fablab.pe/,https://www.fablabs.io/labs/fablabcodigo,3d-printing;cnc;electronics;laser;precision-milling;vinyl-cutting,high,source:fablabs.io;status:active;kind:fab_lab;idcode:2843
Fab Lab UNSA,-16.4035584,-71.5191771,Avenida Venezuela Nro 400 Cercado,04000,Arequipa,PE,,https://www.fablabs.io/labs/fablabunsa,3d-printing;cnc;electronics;laser;precision-milling;vinyl-cutting,high,source:fablabs.io;status:active;kind:fab_lab;idcode:2570
FabLab_UCSP,-16.4056875,-71.54010939999999,"Urb. Campina Paisajista s/n, Quinta Vivanco, Barrio de San Lazaro. Edificio Pedro Paulet P-301. Arequipa-Peru",04001,Arequipa,PE,https://ucsp.edu.pe/noticias/ingenierias-san-pablo-inauguran-cuatro-laboratorios/,https://www.fablabs.io/labs/fablabucsp,3d-printing;cnc;electronics;laser;precision-milling;vinyl-cutting,high,source:fablabs.io;status:active;kind:fab_lab;idcode:3160
Fab Lab IDEX Manuel Antonio Hierro Pozo,-13.1508013,-74.219101,Av Universitaria S/N,,Ayacucho,PE,,https://www.fablabs.io/labs/IDEXManuelAntonioHierroPozo,3d-printing;cnc;electronics;laser;precision-milling;vinyl-cutting,medium,source:fablabs.io;status:active;kind:fab_lab;idcode:2583
Fab Lab IDEX Simon Bolivar,-12.0579064,-77.1088747,C. 3 100 Bellavista,07011,Callao,PE,,https://www.fablabs.io/labs/IDEXSimonBolivar,3d-printing;cnc;electronics;laser;precision-milling;vinyl-cutting,high,source:fablabs.io;status:active;kind:fab_lab;idcode:2582
Markham MakerSpace,-12.12510076388455,-77.01628569629514,Calle Augusto Angulo 291 Miraflores,15048,Cercado de Lima,PE,,https://www.fablabs.io/labs/markhammakerspace,3d-printing;cnc,high,source:fablabs.io;status:active;kind:fab_lab;idcode:2184
IDEX PERU JAPON,-6.2296102,-77.8699539,Jiron Amazonas 120,01001,Chachapoyas,PE,,https://www.fablabs.io/labs/IDEXPERUJAPON,3d-printing;cnc;electronics;laser;precision-milling;vinyl-cutting,high,source:fablabs.io;status:active;kind:fab_lab;idcode:2626
Fab Lab IDEX Republica Federal de Alemania,-6.7744917,-79.851863,Avenida Elvira Garcia y Garcia 755 Urbanizacion los Parques,14009,Chiclayo,PE,,https://www.fablabs.io/labs/IDEXRepublicaFederalDeAlemania,3d-printing;cnc;electronics;laser;precision-milling;vinyl-cutting,high,source:fablabs.io;status:active;kind:fab_lab;idcode:2635
Fab Lab IDEX Tupac Amaru,-13.5320473,-71.9289033,"Avenida Cusco 496, San Sebastian",,Cusco,PE,,https://www.fablabs.io/labs/IDEXTupacAmaru,3d-printing;cnc;electronics;laser;precision-milling;vinyl-cutting,medium,source:fablabs.io;status:active;kind:fab_lab;idcode:2629
Ruwi Lab,-13.52541494928043,-71.94726836137696,Av. Humberto Vidal Unda J-12,08003,Cusco,PE,https://www.instagram.com/ruwi.lab/,https://www.fablabs.io/labs/ruwilab,3d-printing;cnc;electronics;laser;vinyl-cutting,high,source:fablabs.io;status:active;kind:fab_lab;idcode:3050
Fab Lab IDEX Huancavelica,-12.783853,-74.9773799,Av. Santos Villa N 1850 Distrito de Ascension,,Huancavelica,PE,,https://www.fablabs.io/labs/IDEXHuancavelica,3d-printing;cnc;electronics;laser;precision-milling;vinyl-cutting,medium,source:fablabs.io;status:active;kind:fab_lab;idcode:2630
Fab Lab UNCP,-12.03275683932478,-75.2370827322937,Av. Mariscal Castilla N 3909 El Tambo - Huancayo.,12006,Huancayo,PE,https://uncp.edu.pe/news/uncp-inauguro-moderno-centro-de-innovacion-tecnologica-cit-fab-lab/,https://www.fablabs.io/labs/fablabuncp,3d-printing;cnc;electronics;laser;precision-milling;vinyl-cutting,high,source:fablabs.io;status:active;kind:fab_lab;idcode:2964
FabLab Ucontinental,-12.0474789,-75.19901809999999,,"12001, 04009, 15306, 08200","Huancayo, Arequipa, Lima, Cusco",PE,https://ucontinental.edu.pe/fablab/,https://www.fablabs.io/labs/fablabucontinental,3d-printing;cnc;electronics;laser;precision-milling;vinyl-cutting,high,source:fablabs.io;status:active;kind:fab_lab;idcode:1492
Fab Lab IDEX Huando,-11.4849147,-77.18379929999999,Calle 8 De Diciembre S/N Mz 30 Lote 17 Urbanizacion Huando,054,Huaral,PE,https://portal.isthuando.edu.pe/,https://www.fablabs.io/labs/IDEXHuando,3d-printing;cnc;electronics;laser;precision-milling;vinyl-cutting,high,source:fablabs.io;status:active;kind:fab_lab;idcode:2578
Catalina,-14.07938249296955,-75.7303210909851,Urb. La Palma Grande S/N Ica,11004,Ica,PE,,https://www.fablabs.io/labs/catalina,3d-printing;cnc;electronics;laser;precision-milling;vinyl-cutting,high,source:fablabs.io;status:active;kind:fab_lab;idcode:3164
Fab Lab IDEX Pedro A Del Aguila Hidalgo,-3.748594799999999,-73.2587984,Avenida Mariscal Caceres 1459,16001,Iquitos,PE,,https://www.fablabs.io/labs/IDEXPedroADelAguilaHidalgo,3d-printing;cnc;electronics;laser;precision-milling;vinyl-cutting,high,source:fablabs.io;status:active;kind:fab_lab;idcode:2636
FABLabUP - Universidad del Pacifico,-12.0838931,-77.04864529999999,Jiron Luis Sanchez Cerro 2121,15072,Jesus Maria,PE,https://www.up.edu.pe/carreras-postgrado-idiomas/departamentos-academicos/ingenieria,https://www.fablabs.io/labs/fablabupacifico,3d-printing;cnc;laser,high,source:fablabs.io;status:active;kind:mini_fab_lab;idcode:2252
Fab Lab PPD Electronica,-16.42000546312775,-71.51742440940092,Av. Pizarro 130. Jose Luis Bustamante y Rivero,04002,Jose Luis Bustamante y Rivero,PE,https://www.tiktok.com/@fablabppdelectronica,https://www.fablabs.io/labs/fablabppdelectronica,3d-printing;electronics;laser;precision-milling,high,source:fablabs.io;status:active;kind:fab_lab;idcode:2972
Studio Zinkin,-12.11393698689908,-76.93832734285274,"Jr. Lineas de Nazca 270, Lima Peru Jr. Lineas de Nazca 270, Lima Peru",15024,La Molina,PE,https://studiozinkin.com/,https://www.fablabs.io/labs/studiozinkin,3d-printing,high,source:fablabs.io;status:active;kind:mini_fab_lab;idcode:1814
FAB LAB EMGYTEC,-12.06609841862462,-77.05459863500975,Jr. Libertad Nro. 1232 Magdalena Del Mar,,Lima,PE,,https://www.fablabs.io/labs/fablabemgytec,3d-printing;cnc;electronics;laser,medium,source:fablabs.io;status:active;kind:mini_fab_lab;idcode:2885
FDR Fab Lab,-12.0774235,-76.97166680000001,"Av. La Palmeras 325 Camacho, La Molina, Lima 12, Peru",15023,Lima,PE,http://www.amersol.edu.pe,https://www.fablabs.io/labs/fablabcolegiofdroosevelt,3d-printing;laser;vinyl-cutting,high,source:fablabs.io;status:active;kind:fab_lab;idcode:1534
Fab Lab Lima,-12.0972753,-77.03597580000002,,15328,Lima,PE,http://fab.pe,https://www.fablabs.io/labs/fablablima,3d-printing;cnc;electronics;laser;precision-milling;vinyl-cutting,medium,source:fablabs.io;status:unknown;kind:fab_lab;idcode:62
Fab Lab Tecsup,-12.0455568,-76.9526451,Av.Cascanueces 2221 Santa Anita,15011,Lima,PE,https://fablab.tecsup.edu.pe/,https://www.fablabs.io/labs/fablabtecsup,3d-printing;cnc;electronics;laser;precision-milling;vinyl-cutting,high,source:fablabs.io;status:active;kind:fab_lab;idcode:266
Fab Lab UCAL,-12.0861611,-76.91240749999997,"Av. La Molina 3755, La Molina 15026, Peru",Lima 12,Lima,PE,,https://www.fablabs.io/labs/fablabucal,3d-printing;cnc;electronics;laser;precision-milling;vinyl-cutting,high,source:fablabs.io;status:active;kind:fab_lab;idcode:1451
Fab Lab UNI,-12.0207515,-77.05111880000004,Av. Tupac Amaru 220 Rimac,,Lima,PE,http://www.fablabuni.edu.pe/,https://www.fablabs.io/labs/fablabuni,3d-printing;cnc;electronics;laser;precision-milling;vinyl-cutting,high,source:fablabs.io;status:active;kind:fab_lab;idcode:245
Fab Lab UPeU,-11.9917125,-76.8402031,CAR. CENTRAL VILLA UNION NANA KM 19 LURIGANCHO,150118,Lima,PE,,https://www.fablabs.io/labs/fablabUPeULima,3d-printing;electronics;laser;vinyl-cutting,high,source:fablabs.io;status:active;kind:mini_fab_lab;idcode:2679
Fab Lab UTEC,-12.1358524,-77.0222393,Jr. Medrano Silva 165 - Barranco L101 / L105 - L207,15063,Lima,PE,https://www.facebook.com/UTEC.Fablab/,https://www.fablabs.io/labs/fablabutec,3d-printing;cnc;electronics;laser;precision-milling;vinyl-cutting,high,source:fablabs.io;status:active;kind:fab_lab;idcode:857
FabLab USMP,-12.0722868,-76.9425655,Av. la Fontana 1250 La Molina,lima 12,Lima,PE,https://my.matterport.com/show/?m=KpQFZY8wvB6,https://www.fablabs.io/labs/fablabusmp,3d-printing;cnc;electronics;laser,high,source:fablabs.io;status:active;kind:fab_lab;idcode:1216
Tinki Lab,-11.885392,-77.02595699999999,"Los Cedros Mz E Lt 10, Carabayllo",15318,Lima,PE,https://www.tiktok.com/@tinkilab,https://www.fablabs.io/labs/TinkiLab,3d-printing;laser;vinyl-cutting,high,source:fablabs.io;status:active;kind:mini_fab_lab;idcode:1681
Fab Lab iFurniture - Peru,-12.084162,-77.0263422,Av. Paseo de la Republica 2040,15046,Lince,PE,http://www.fablabifurniture.org,https://www.fablabs.io/labs/fablabifurnitureperu,3d-printing;cnc;laser;vinyl-cutting,high,source:fablabs.io;status:active;kind:fab_lab;idcode:1495
Creatispace,-12.0938073,-77.05832199999998,Av Javier Prado Oeste 980,15076,Magdalena del Mar,PE,https://www.youtube.com/watch?v=My4izIwmmXs&t=2s,https://www.fablabs.io/labs/creatispace,3d-printing;electronics;vinyl-cutting,high,source:fablabs.io;status:active;kind:fab_lab;idcode:1981
JOSE ANTONIO ENCINAS - PUNO,-15.8825576,-69.9994873,Puno Puno,21001,PUNO,PE,https://app.iestpjae.edu.pe/,https://www.fablabs.io/labs/joseantonioencinaspuno,3d-printing;cnc;electronics;laser;precision-milling;vinyl-cutting,high,source:fablabs.io;status:active;kind:fab_lab;idcode:3165
Fab Lab IDEX Pasco,-10.6651461,-76.2518528,"Avenida Los Incas, s/n Yanacancha",19001,Pasco,PE,,https://www.fablabs.io/labs/IDEXPasco,3d-printing;cnc;electronics;laser;precision-milling;vinyl-cutting,high,source:fablabs.io;status:active;kind:fab_lab;idcode:2637
Fab Lab IDEX Suiza,-8.390892299999999,-74.5756897,"Avenida Centenario, 410",25004,Pucallpa,PE,,https://www.fablabs.io/labs/IDEXSuiza,3d-printing;cnc;electronics;laser;precision-milling;vinyl-cutting,high,source:fablabs.io;status:active;kind:fab_lab;idcode:2640
Fab Lab IDEX Jorge Basadre Grohman,-12.5923227,-69.1944254,"Avenida Tambopata, 1098",17001,Puerto Maldonado,PE,,https://www.fablabs.io/labs/IDEXJorgeBasadreGrohman,3d-printing;cnc;electronics;laser;precision-milling;vinyl-cutting,high,source:fablabs.io;status:active;kind:fab_lab;idcode:2649
Fab Lab PUCP,-12.0684614,-77.07877350000001,Complejo de Innovacion Academica,Lima 32,San Miguel,PE,,https://www.fablabs.io/labs/fablabpucp,3d-printing;cnc;laser,high,source:fablabs.io;status:active;kind:fab_lab;idcode:1687
VEO,-12.0687867,-77.07801110000003,Av. Universitaria 1801,15088,San Miguel,PE,http://www.pucp.edu.pe/veo/,https://www.fablabs.io/labs/veo,3d-printing;cnc;laser,high,source:fablabs.io;status:active;kind:fab_lab;idcode:1713
Fab Lab IDEX Carlos Salazar Romero,-9.126724099999999,-78.52317959999999,"Av. Pacifico N S/N, Urbanizacion Buenos Aire Nuevo Chimbote",02711,Santa,PE,,https://www.fablabs.io/labs/IDEXCarlosSalazarRomero,3d-printing;cnc;electronics;laser;precision-milling;vinyl-cutting,high,source:fablabs.io;status:active;kind:fab_lab;idcode:2628
FAB LAB UPC,-12.1040542,-76.96290569999996,Av. Primavera 2390,15023,Santiago de Surco,PE,,https://www.fablabs.io/labs/fablabupc,3d-printing;cnc;electronics;laser;precision-milling;vinyl-cutting,medium,source:fablabs.io;status:planned;kind:fab_lab;idcode:1987
Fab Lab ESAN,-12.1042641,-76.9599834,Universidad ESAN Alonso de Molina 1652,15023,Santiago de Surco,PE,http://fablab.esan.edu.pe/,https://www.fablabs.io/labs/fablabesan,3d-printing;cnc;electronics;laser;precision-milling;vinyl-cutting,high,source:fablabs.io;status:active;kind:fab_lab;idcode:236
Ulima - Laboratorio de Manufactura y Electronica Fablab,-12.0849191,-76.9713317,Javier Prado este Cuadra 46,15023,Santiago de Surco,PE,https://www.ulima.edu.pe/pregrado/ingenieria-industrial/fab-lab-ulima-laboratorio-de-fabricacion-digital,https://www.fablabs.io/labs/ulima,3d-printing;cnc;electronics;laser;precision-milling;vinyl-cutting,high,source:fablabs.io;status:active;kind:fab_lab;idcode:1772
Koajika Satipo,-11.2546298,-74.6372873,"Manuel Prado 313, Satipo, Peru",12261,Satipo,PE,http://www.fab.pe,https://www.fablabs.io/labs/koajikasatipo,3d-printing;electronics;laser;precision-milling,high,source:fablabs.io;status:active;kind:fab_lab;idcode:2913
IESP SULLANA,-4.9190726,-80.64911029999999,Carretera Sullana - Tambogrande Manzana Unica Lote 01,20001,Sullana,PE,https://www.iestpsullana.edu.pe/,https://www.fablabs.io/labs/Iespsullana,3d-printing;cnc;electronics;laser;precision-milling;vinyl-cutting,high,source:fablabs.io;status:active;kind:fab_lab;idcode:3107
Lima Makers,-12.1151159,-77.02463460000001,El Carmen 249,Lima 34,"Surquillo, Lima",PE,http://www.limamakers.com,https://www.fablabs.io/labs/limamakers,3d-printing;cnc;laser;precision-milling,high,source:fablabs.io;status:active;kind:fab_lab;idcode:852
Fab Lab IDEX Francisco de Paula Gonzales Vigil,-17.9939552,-70.2442642,"Avenida de Pinto, 1301 Distrito Alto del Alianza",,Tacna,PE,,https://www.fablabs.io/labs/IDEXFranciscoDePaulaGonzalesVigil,3d-printing;cnc;electronics;laser;precision-milling;vinyl-cutting,medium,source:fablabs.io;status:active;kind:fab_lab;idcode:2639
Aitanas Fab Lab,-6.468895,-76.3655419,"Jr. Putumayo 625, Tarapoto, San Martin, Peru.",22200,Tarapoto,PE,https://aitanasfablab.org,https://www.fablabs.io/labs/aitanasfablab,3d-printing;laser,high,source:fablabs.io;status:active;kind:mini_fab_lab;idcode:3003
Fab Lab IDEX Nor Oriental de la Selva,-6.4957597,-76.3566984,Jr. Tupac Amaru 398,22201,Tarapoto,PE,,https://www.fablabs.io/labs/IDEXNorOrientalDeLaSelva,3d-printing;cnc;electronics;laser;precision-milling;vinyl-cutting,high,source:fablabs.io;status:active;kind:fab_lab;idcode:2638
Fab Lab UPeU,-12.1220432,-77.0337831,"Jr. Los Martires 340 (626,04 km) Morales",22201,Tarapoto,PE,,https://www.fablabs.io/labs/fablabUPeU,3d-printing;cnc;electronics;laser,high,source:fablabs.io;status:active;kind:fab_lab;idcode:565
Fab Lab IDEX Nueva Esperanza,-8.0801216,-79.03585199999999,"Avenida Jose Castelli, 900 La Esperanza",13012,Trujillo,PE,,https://www.fablabs.io/labs/IDEXNuevaEsperanza,3d-printing;cnc;electronics;laser;precision-milling;vinyl-cutting,high,source:fablabs.io;status:active;kind:fab_lab;idcode:2633
PampangaStateU FabLab,14.9984316,120.6499293,Pampanga State University Cabambangan,2001,Bacolor,PH,https://www.facebook.com/PampangaStateUKMIO/,https://www.fablabs.io/labs/pampangastateufablab,3d-printing;cnc;laser;precision-milling,high,source:fablabs.io;status:active;kind:fab_lab;idcode:2295
SLU-DTI FabLab,16.4196094,120.5978318,Baguio Saint Louis University,2600,Baguio,PH,https://cutt.ly/weRv67M,https://www.fablabs.io/labs/sludtifablab,3d-printing;cnc;electronics;laser;precision-milling,high,source:fablabs.io;status:active;kind:fab_lab;idcode:2117
SIKLAB,14.6799195,120.5420959,"1st Floor DR3AM Center Bldg. Bataan Peninsula State University Main Campus, Capitol Compound",2100,Balanga City,PH,,https://www.fablabs.io/labs/siklab,3d-printing;cnc;laser;vinyl-cutting,high,source:fablabs.io;status:active;kind:fab_lab;idcode:3133
LIKHA,13.756601,121.058407,Batangas State University Alangilan,4200,Batangas City,PH,,https://www.fablabs.io/labs/labspaceforinnovationknowledgehoningandapplication,3d-printing;cnc;electronics;laser;precision-milling;vinyl-cutting,high,source:fablabs.io;status:active;kind:fab_lab;idcode:1976
LIKHA FabLab,13.7525159,121.0807047000001,Batangas State University Alangilan Campus,4200,Batangas City,PH,https://www.facebook.com/likha.batstateu/,https://www.fablabs.io/labs/LIKHAFabLab,3d-printing;cnc;electronics;laser;precision-milling;vinyl-cutting,high,source:fablabs.io;status:active;kind:fab_lab;idcode:1928
FABLAB CARAGA,8.9585847,125.5957578,"Ampayon Caraga State University, Mechatronics Building",8600,Butuan City,PH,https://www.facebook.com/fablabcaraga,https://www.fablabs.io/labs/caraga,3d-printing;cnc;electronics;laser;precision-milling;vinyl-cutting,high,source:fablabs.io;status:active;kind:fab_lab;idcode:2673
CIT-U MakerSpace,10.29424208527677,123.8812650215011,Natalio B. Bacalso Avenue Cebu City Philippines,06000,Cebu,PH,https://www.facebook.com/CITUmakerspace/,https://www.fablabs.io/labs/citumakerspace,3d-printing;cnc;electronics;laser;precision-milling,high,source:fablabs.io;status:active;kind:mini_fab_lab;idcode:1929
Fablab UP Cebu,10.322424,123.898724,University of The Philippines,6000,Cebu City,PH,https://www.facebook.com/fablabupcebu/,https://www.fablabs.io/labs/fablabupcebu,3d-printing;cnc;electronics;laser;precision-milling;vinyl-cutting,high,source:fablabs.io;status:active;kind:fab_lab;idcode:1121
SugboLab,10.3156992,123.8854366,Central Visayas,6000,Cebu City,PH,,https://www.fablabs.io/labs/innolab,3d-printing;cnc;electronics;laser;precision-milling;vinyl-cutting,high,source:fablabs.io;status:active;kind:mini_fab_lab;idcode:2030
PSHS-CLC Innovation Center,15.1942501,120.5340120000001,"Academic Bldg III, Philippine Science High School - Central Luzon Campus, Lily Hill St.",,Clark Freeport Zone,PH,,https://www.fablabs.io/labs/pshsclcinnovationcenter,3d-printing;cnc;laser;precision-milling;vinyl-cutting,medium,source:fablabs.io;status:active;kind:mini_fab_lab;idcode:2186
CNSC FABMANLAB,14.099578,122.9550349,"1st Flr Engineering Annex Bldg., Camarines Norte State College F. Pimentel Ave., Daet, Camarines Norte 4600",4600,Daet,PH,https://www.facebook.com/cnscfablab,https://www.fablabs.io/labs/cnscfabmanlab,3d-printing;cnc;laser;precision-milling,high,source:fablabs.io;status:active;kind:fab_lab;idcode:2662
Fablab Dapitan,8.6226037714908,123.3925109634765,"Governor Guading Adaza Street, Sta. Cruz, Dapitan City",7101,Dapitan City,PH,https://www.facebook.com/FablabDapitanPage/,https://www.fablabs.io/labs/fablabdapitan,3d-printing;cnc;laser;vinyl-cutting,high,source:fablabs.io;status:active;kind:fab_lab;idcode:2195
Digihub - FAB LAB Davao,7.0864658,125.6153872,Inigo Street Extension,8000,Davao City,PH,https://www.facebook.com/Digihub-Fablab-DAVAO-331597651031849/,https://www.fablabs.io/labs/digihubfablabdavao,3d-printing;cnc;electronics;laser;precision-milling;vinyl-cutting,high,source:fablabs.io;status:active;kind:fab_lab;idcode:2079
The MSU-IIT FAB LAB Mindanao,8.242130699999999,124.2445477,"RM 122, L1, College of Engineering and Technology, Mindanao State University - Iligan Institute of Technology Andres Bonifacio Avenue, Brgy. Tibanga",9200,Iligan City,PH,https://wdi-publishing.com/product/making-the-fab-lab-fabulous-a-project-scope-management-challenge/,https://www.fablabs.io/labs/themsuiitfablabmindanao,3d-printing;cnc;electronics;laser;precision-milling;vinyl-cutting,high,source:fablabs.io;status:active;kind:fab_lab;idcode:1015
"FABLAB Bicol, Legazpi City Philippines",13.14704421789324,123.7291224522705,"Legazpi City, Bicol University East Campus College of Industrial Technology",4500,Legazpi City,PH,,https://www.fablabs.io/labs/fablabbicollegazpicityphilippines,3d-printing;cnc;electronics;laser;precision-milling;vinyl-cutting,high,source:fablabs.io;status:active;kind:fab_lab;idcode:1070
Animo Labs Technology Business Incubator,14.5646653,120.9923372000001,"2401 Taft Avenue, Malate",0922,Manila,PH,https://www.facebook.com/Animo-Labs-188886651293154/,https://www.fablabs.io/labs/animolabs,3d-printing;cnc;electronics;laser;precision-milling;vinyl-cutting,high,source:fablabs.io;status:planned;kind:fab_lab;idcode:1493
FAB LAB Manila,14.6055583,120.9932963,658 Earnshaw St,1008,Manila,PH,https://www.facebook.com/FabLabManila/,https://www.fablabs.io/labs/fablabmanila,3d-printing;cnc;electronics;laser;precision-milling;vinyl-cutting,high,source:fablabs.io;status:active;kind:fab_lab;idcode:1610
BISCAST ManFabLab,13.636209,123.1992281,"98 Penafrancia Ave. 1st floor, College of Engineering and Architecture - Bicol State College of Applied Sciences and Technologies",4400,Naga City,PH,,https://www.fablabs.io/labs/biscastmanfablab,3d-printing;cnc;laser;precision-milling,high,source:fablabs.io;status:active;kind:fab_lab;idcode:1730
PSHS Fab Lab,14.648513,121.0398749999999,Philippine Science High School Main Campus Agham Road,1104,Quezon City,PH,,https://www.fablabs.io/labs/pshsfablab,3d-printing;cnc;electronics;laser;precision-milling;vinyl-cutting,high,source:fablabs.io;status:active;kind:fab_lab;idcode:785
SparkLab,14.645297,121.054394,"118 Matahimik Street Teachers' Village, Diliman",1101,Quezon City,PH,http://www.sparklab.ph,https://www.fablabs.io/labs/sparklab,3d-printing;cnc;electronics;laser;precision-milling;vinyl-cutting,high,source:fablabs.io;status:active;kind:fab_lab;idcode:1360
Negosyo Center - Fabrication Laboratory and Co-Working Space Ilocos Region (FAB LAB Ilocos),17.6242571,120.4009659999999,Poblacion East,2728,San Ildefonso,PH,https://facebook.com/FabLabIlocos,https://www.fablabs.io/labs/fablabilocos,3d-printing;cnc;laser;vinyl-cutting,high,source:fablabs.io;status:active;kind:fab_lab;idcode:1204
FabLab Santiago City,16.6892284,121.5560886000001,Integrated Transport Terminal and Commercial Complex,3311,Santiago City,PH,https://www.facebook.com/fablabsantiagocity/,https://www.fablabs.io/labs/fablabsantiagocity,3d-printing;cnc;electronics;laser;precision-milling;vinyl-cutting,high,source:fablabs.io;status:active;kind:fab_lab;idcode:1743
FabLab Bohol,9.6468963,123.8559114,C.P.G North Avenue Bohol Island State University Main Campus,6300,Tagbilaran City,PH,https://www.facebook.com/fablabbohol/,https://www.fablabs.io/labs/fablabboholphilippines,3d-printing;cnc;electronics;laser;precision-milling;vinyl-cutting,high,source:fablabs.io;status:active;kind:fab_lab;idcode:460
HNU FabLab - Center for Innovation,9.6506784,123.8689419,"HNU FabLab, Activity Center Bldg. Holy Name University",6300,Tagbilaran City,PH,https://hnufablab-official.vercel.app/,https://www.fablabs.io/labs/hnufablab,3d-printing;cnc;laser,high,source:fablabs.io;status:active;kind:fab_lab;idcode:3125
FabLab CTU-Tuburan,10.71835536093572,123.8195734605163,"Cebu Technological University - Tuburan Campus Tuburan, Barangay 8, 6043, Cebu, Poblacion",6043,Tuburan,PH,http://www.facebook.com/ctutuburanfablab,https://www.fablabs.io/labs/fablabctutuburan,3d-printing;cnc;electronics;laser;precision-milling;vinyl-cutting,high,source:fablabs.io;status:active;kind:fab_lab;idcode:1787
PSU FABLAB,15.9882416,120.5735853,"San Vicente East, Urdaneta City, Pangasinan",2428,Urdaneta,PH,https://main.psu.edu.ph/psu-fablab-a-nexus-of-innovation-and-economic-growth/,https://www.fablabs.io/labs/psufablab,3d-printing;cnc;electronics;laser;vinyl-cutting,high,source:fablabs.io;status:active;kind:fab_lab;idcode:2806
Peak One FabLab,9.2866859,123.2554847,Bong-ao,6215,Valencia,PH,https://www.facebook.com/peakonefablab,https://www.fablabs.io/labs/peakonefablab,3d-printing;cnc;laser;vinyl-cutting,high,source:fablabs.io;status:active;kind:fab_lab;idcode:2282
Zamboanga Peninsula FabLab,6.91344664255791,122.0592168970977,Zamboanga,7000,Zamboanga,PH,http://ZamPen FabLab ,https://www.fablabs.io/labs/zamboangapeninsulafablab,3d-printing;cnc;laser;precision-milling;vinyl-cutting,high,source:fablabs.io;status:active;kind:fab_lab;idcode:1600
fabricatiolab,16.5060249299066,121.1115786895264,Philippines,3700,bayombong,PH,,https://www.fablabs.io/labs/fabricatiolab,3d-printing;cnc;electronics;laser;precision-milling;vinyl-cutting,high,source:fablabs.io;status:active;kind:fab_lab;idcode:1536
IoBM Fab Lab,24.8125197,67.11684509999999,IoBM Admin Building,,Karachi,PK,https://emec.iobm.edu.pk/incubation/,https://www.fablabs.io/labs/Karachi,3d-printing;cnc;electronics;laser;precision-milling;vinyl-cutting,medium,source:fablabs.io;status:planned;kind:fab_lab;idcode:2242
NJV Akhuwat FabLab,24.8623616,67.0196628,NJV Govt. Hihger Secondary School M.A Jinnah Road,75600,Karachi,PK,http://njv.edu.pk/,https://www.fablabs.io/labs/njvfablab,3d-printing;cnc;electronics;laser;precision-milling;vinyl-cutting,high,source:fablabs.io;status:active;kind:fab_lab;idcode:2300
Tajurbagah,24.891503,67.08135229999993,"FIrst Floor, Off # 2, Afzal Appartment Adj Time Medico, KDA Sch 1, National Stadium Road",75800,Karachi,PK,http://ejaadtech.com/tajurbagah/,https://www.fablabs.io/labs/tajurbagah,3d-printing;cnc;electronics;laser,high,source:fablabs.io;status:active;kind:mini_fab_lab;idcode:1824
Fab Lab Khairpur,27.5283158,68.7577268,"IBA-Institute of Emerging Technologies, Khairpur Mall Road",66020,Khairpur,PK,http://iba-suk.edu.pk/,https://www.fablabs.io/labs/fablabkhp,3d-printing;cnc;electronics;laser;precision-milling;vinyl-cutting,high,source:fablabs.io;status:active;kind:fab_lab;idcode:1577
Fablab Sukkur,27.7257625,68.81757809999999,"Fablab 110, AB-III, Electrical Engineering Department, Sukkur IBA University Nisar Ahmed Siddiqui Road, Sukkur",65200,Sukkur,PK,,https://www.fablabs.io/labs/fablabsukkur,3d-printing;cnc;electronics;laser;precision-milling;vinyl-cutting,high,source:fablabs.io;status:active;kind:fab_lab;idcode:3075
Virtual FabLab,54.5259614,15.25511870000003,Europe,,-,PL,,https://www.fablabs.io/labs/virtualfablab,3d-printing;electronics;laser;precision-milling,medium,source:fablabs.io;status:unknown;kind:mini_fab_lab;idcode:990
FabLab Bielsko-Biala,49.8328119,18.9760582,1 Dywizji Pancernej 45,43-300,Bielsko-Biala,PL,http://www.fablab24.pl/,https://www.fablabs.io/labs/FabLabBielskoBiala,3d-printing,high,source:fablabs.io;status:unknown;kind:fab_lab;idcode:334
Pracownia,53.14836930000001,18.1505495,Gawedy 5,85-792,Bydgoszcz,PL,https://pracownia.team/,https://www.fablabs.io/labs/pracownia,3d-printing;laser;vinyl-cutting,high,source:fablabs.io;status:active;kind:fab_lab;idcode:2187
FabLab Gdansk,54.3405272,18.64770320000002,Dolna Brama 8,80-821,Gdansk,PL,https://www.facebook.com/fablabgdansk/,https://www.fablabs.io/labs/fablabgdask,3d-printing;cnc;electronics;laser,high,source:fablabs.io;status:active;kind:fab_lab;idcode:1827
Pracownia FabLab Gdansk,54.422631,18.56644,Fablab Gdansk Grunwaldzka 609A,80-337,Gdansk,PL,https://fablab.gdansk.pl,https://www.fablabs.io/labs/fablabgdansk,3d-printing;cnc;electronics;laser;precision-milling;vinyl-cutting,high,source:fablabs.io;status:active;kind:fab_lab;idcode:2109
FabLab Kielce,50.8679704,20.62671060000002,Zamkowa 3,25-009,Kielce,PL,http://www.fablabkielce.pl,https://www.fablabs.io/labs/fablabkielce,3d-printing;cnc,high,source:fablabs.io;status:unknown;kind:fab_lab;idcode:605
FabLab Kielce Stowarzyszenie Naukowo-Techniczne,50.8681665,20.6266513,Zamkowa 3,25-009,Kielce,PL,,https://www.fablabs.io/labs/fablabkielcestowarzyszenienaukowotechniczne,3d-printing;cnc;precision-milling,medium,source:fablabs.io;status:unknown;kind:fab_lab;idcode:1175
FabLab Krakow,50.0638286,19.92546400000003,Czysta 8,,Krakow,PL,https://fablabkrakow.pl,https://www.fablabs.io/labs/fablabkrakow,3d-printing;electronics;laser,high,source:fablabs.io;status:active;kind:fab_lab;idcode:1417
FabLab Malopolska,50.0739205,19.9126166,Krolewska 65a,30-081,Krakow,PL,http://www.fablabmalopolska.pl,https://www.fablabs.io/labs/fablabmaopolska,3d-printing;cnc;electronics;laser;precision-milling;vinyl-cutting,high,source:fablabs.io;status:active;kind:fab_lab;idcode:2325
Hackerspace Krakow,50.04432873042474,19.9570848457382,Limanowskiego Bolesawa 46/LU1,30-543,Krakow,PL,http://hackerspace-krk.pl,https://www.fablabs.io/labs/hackerspacekrakow,3d-printing;cnc;electronics;laser,high,source:fablabs.io;status:active;kind:fab_lab;idcode:1851
WYTWORNIA Krakow Makerspace,50.03756019999999,19.9675373,Wielicka 44B,30-552,Krakow,PL,http://www.wytworniakrakow.pl,https://www.fablabs.io/labs/wytwornia,3d-printing;cnc;laser,high,source:fablabs.io;status:active;kind:fab_lab;idcode:755
DAD-workshop,51.6785657,22.2984599,,,Lubartow County,PL,http://dad-workshop.com,https://www.fablabs.io/labs/dadworkshop,,medium,source:fablabs.io;status:unknown;kind:fab_lab;idcode:22
Pracownia Aktywnego Korzystania z Technologii Olsztyn,53.7854348,20.4780634,Gietkowska 10h,10-170,Olsztyn,PL,https://robisz.to/olsztyn/,https://www.fablabs.io/labs/paktolo,3d-printing;cnc;electronics;laser;precision-milling;vinyl-cutting,high,source:fablabs.io;status:planned;kind:fab_lab;idcode:2861
Zakad Makerspace,52.4176316,16.9042508,Wawrzynca 7,60-539,Poznan,PL,http://www.zaklad.org,https://www.fablabs.io/labs/zaklad,3d-printing;cnc;electronics;laser;precision-milling;vinyl-cutting,high,source:fablabs.io;status:active;kind:fab_lab;idcode:797
"FABLAB ""L"" in Poland, Lubelskie",51.4464832,21.9749666,"""Pracowania Prototypowania Edukacja 3.0"" ul. Moscickiego 1",24-110,Puawy,PL,http://fablabl.pl,https://www.fablabs.io/labs/fablabl,3d-printing;cnc;electronics;precision-milling,high,source:fablabs.io;status:active;kind:fab_lab;idcode:749
FabLab Radom,51.4028909,21.141641,Radom,,Radom,PL,http://www.fablab.radom.pl,https://www.fablabs.io/labs/fablabradom,3d-printing;cnc;vinyl-cutting,high,source:fablabs.io;status:active;kind:mobile;idcode:2196
FabLab Rzeszow,50.0635104,21.9789823,Rzeszow ul. Laurowa 2,35-232,Rzeszow,PL,http://fablabrzeszow.pl/,https://www.fablabs.io/labs/fablabrzeszow,3d-printing;cnc;electronics,high,source:fablabs.io;status:unknown;kind:fab_lab;idcode:751
FabLab UKASIEWICZ,50.0625878,22.11892899999998,Jasionka 952a,36-002,Rzeszow,PL,http://pcn.org.pl,https://www.fablabs.io/labs/lukasiewicz,3d-printing;cnc;laser;vinyl-cutting,high,source:fablabs.io;status:active;kind:fab_lab;idcode:844
PCI ProtoLab,50.0307744,21.9995255,Lenartowicza 6,35-051,Rzeszow,PL,https://pciprotolab.pcinn.org/,https://www.fablabs.io/labs/pciprotolab,3d-printing;cnc;electronics;laser;precision-milling;vinyl-cutting,high,source:fablabs.io;status:active;kind:fab_lab;idcode:2804
FabLab powered by Orange,52.23470690000001,20.99913140000001,Targowa 56,03-733,Warszawa,PL,https://fablabwarszawa.pl/,https://www.fablabs.io/labs/FabLabPoweredByOrange,3d-printing;cnc;electronics;laser;precision-milling;vinyl-cutting,high,source:fablabs.io;status:active;kind:fab_lab;idcode:1496
Wisniowski Fab Lab,49.6720282,20.6861098,Wielogowy 153,33-311,Wielogowy,PL,https://www.wisniowskifablab.pl/,https://www.fablabs.io/labs/wisniowskifablab,3d-printing;cnc;laser;precision-milling,high,source:fablabs.io;status:active;kind:fab_lab;idcode:3124
Pracownia Aktywnego Korzystania z Technologii Wrocaw,51.12798790000001,17.053762,Jednosci Narodowej 224/2,50-260,Wrocaw,PL,https://robisz.to/wroclaw/,https://www.fablabs.io/labs/paktwro,3d-printing;cnc;electronics;laser;precision-milling;vinyl-cutting,high,source:fablabs.io;status:planned;kind:fab_lab;idcode:2860
Freelab,52.32443050000001,17.5649905,Miosawska 5,62-300,Wrzesnia,PL,http://wrzesnia.freelab.edu.pl/,https://www.fablabs.io/labs/Freelab,3d-printing;cnc;laser,high,source:fablabs.io;status:active;kind:fab_lab;idcode:2156
Fabryka Pasji,51.9462803,15.52259830000003,Leona Wyczokowskiego 79,65-140,Zielona Gora,PL,http://fabrykapasji.org/,https://www.fablabs.io/labs/fabrykapasji,3d-printing,high,source:fablabs.io;status:active;kind:fab_lab;idcode:766
FabLab odz,51.7624405,19.50189950000004,Pisudskiego 135,92-318,odz,PL,http://fablablodz.org,https://www.fablabs.io/labs/fablablodz,3d-printing;cnc;electronics;laser;precision-milling,high,source:fablabs.io;status:unknown;kind:fab_lab;idcode:752
Dewey,18.376549,-65.95838560000001,11700 Calle Marginal,00985,Carolina,PR,https://stemsuccesscenter.org/fablab/,https://www.fablabs.io/labs/dewey,3d-printing;cnc;electronics;precision-milling,high,source:fablabs.io;status:active;kind:fab_lab;idcode:2343
STEAM Fab Lab TASIS Dorado,18.4449539,-66.2700242,"The TASIS School in Dorado 11 Carr. 693, Urb. Sabanera",00646,Dorado,PR,http://www.tasisdorado.com/page.cfm?p=716,https://www.fablabs.io/labs/fablabtasisdorado,3d-printing;cnc;electronics;laser;vinyl-cutting,high,source:fablabs.io;status:active;kind:fab_lab;idcode:1187
FabLab Puerto Rico,18.2453176,-66.00575529999999,"Carretera 189, KM 3.3",00778,Gurabo,PR,https://www.yumpu.com/es/document/fullscreen/39915460/digitalis/2,https://www.fablabs.io/labs/fablabpuertorico,3d-printing;cnc;electronics;laser;precision-milling;vinyl-cutting,high,source:fablabs.io;status:active;kind:fab_lab;idcode:555
Rincon Fab Lab Maker,18.3381145,-67.25120570000001,Calle Munoz Rivera,00602,Rincon,PR,https://www.facebook.com/RinconFabLabMaker/,https://www.fablabs.io/labs/rinconfablabmaker,3d-printing;cnc;electronics;laser;vinyl-cutting,high,source:fablabs.io;status:planned;kind:mini_fab_lab;idcode:1461
FabLab UPR,18.4033102,-66.04675999999999,Universidad de Puerto Rico Recinto de Rio Piedras Escuela de Arquitectura,00931,San Juan,PR,https://earq.uprrp.edu/fablab/,https://www.fablabs.io/labs/fablabupr,3d-printing;cnc;laser;vinyl-cutting,high,source:fablabs.io;status:active;kind:fab_lab;idcode:1397
Neeuko Collaborative FabLab,18.4400169,-66.05912649999999,"Calle Rosales, Esq. San Antonio Pda 26 1/2, Santurce",00914,San Juan,PR,http://innovacion.sagrado.edu/,https://www.fablabs.io/labs/neeukocollaborativefablab,3d-printing;cnc;electronics;laser;precision-milling;vinyl-cutting,high,source:fablabs.io;status:active;kind:fab_lab;idcode:1484
Fab Lab Palestine,32.22478226692167,35.25058268669432,Nablus West Gate Najah University,00972,Nablus,PS,https://www.facebook.com/MakerSpaceNablus/,https://www.fablabs.io/labs/fablabpalestine,3d-printing;electronics,high,source:fablabs.io;status:active;kind:fab_lab;idcode:1115
NOVA FCT FabLab,38.6638246,-9.205648799999999,Campus da Caparica,2829-516 Caparica,Almada,PT,https://www.fctfablab.fct.unl.pt/,https://www.fablabs.io/labs/fctfablab,3d-printing;cnc;electronics;laser;precision-milling,high,source:fablabs.io;status:active;kind:fab_lab;idcode:1263
Fab.Lab Alto Minho,41.8349901,-8.420650000000023,Passos - Guilhadeses In.Cubo - Incubadora de Iniciativas Empresariais Inovadoras,4970-786,Arcos de Valdevez,PT,http://www.fablabaltominho.pt,https://www.fablabs.io/labs/fablabaltominho,3d-printing;cnc;laser;precision-milling;vinyl-cutting,high,source:fablabs.io;status:unknown;kind:fab_lab;idcode:424
FabLab IPB,41.7959742,-6.767561500000056,Instituto Politecnico de Braganca Campus de St Apolonia,5300-253 Braganca,Braganca,PT,http://fablab.estig.ipb.pt/,https://www.fablabs.io/labs/fablabIPB,3d-printing;cnc;laser;precision-milling;vinyl-cutting,high,source:fablabs.io;status:active;kind:fab_lab;idcode:753
FabLab Castelo Branco,39.81459420567938,-7.507162849551378,"Centro de Empresas Inovadoras Av. do Empresario, 1",6000-767,Castelo Branco,PT,http://www.cataa-cei.pt/o-cei/fablabcb/,https://www.fablabs.io/labs/fablabcastelobranco,3d-printing;cnc;electronics;laser;precision-milling;vinyl-cutting,high,source:fablabs.io;status:active;kind:fab_lab;idcode:1003
Fablab EvoraTech,38.5475368,-7.9106926,Rua Circular Norte do Parque Industrial,7005-841,Evora,PT,http://www.adral.pt/pt/evoratech,https://www.fablabs.io/labs/fablabvoratech,3d-printing;cnc;electronics;laser;precision-milling,high,source:fablabs.io;status:active;kind:fab_lab;idcode:700
_ARTERIA_LAB,38.5782749,-7.9075981,"Universidade de Evora, Colegio dos Leoes Estrada dos Leoes/ Antiga Estrada N18, 38",7000-812,Evora,PT,http://www.arterialab.uevora.pt,https://www.fablabs.io/labs/arterialab,3d-printing;cnc;electronics;laser;precision-milling;vinyl-cutting,high,source:fablabs.io;status:active;kind:fab_lab;idcode:2362
Weproductise fablab,41.6598811,-8.58732729999997,"Freixo Largo Senhor dos Aflitos, no 120",4990-503,Freixo,PT,http://weproductise.com/index.php/en/toolshop,https://www.fablabs.io/labs/weproductise,3d-printing;cnc;electronics;laser;precision-milling;vinyl-cutting,high,source:fablabs.io;status:unknown;kind:fab_lab;idcode:388
Fablab Aldeias do Xisto,40.13710158581974,-7.501842161376999,Rua dos Tres Lagares,,Fundao,PT,https://movetofundao.pt/fab-lab-aldeias-do-xisto/,https://www.fablabs.io/labs/fablabaldeiasdoxisto,3d-printing;cnc;electronics;laser;precision-milling;vinyl-cutting,high,source:fablabs.io;status:active;kind:fab_lab;idcode:250
Fab Lab Guarda,40.542324,-7.283649100000048,I P G - Instituto Politecnico da Guarda Av. Dr. Francisco Sa Carneiro 50,6300-559,Guarda,PT,http://www.ipg.pt/p2b,https://www.fablabs.io/labs/fablabguarda,3d-printing;cnc;electronics;laser;precision-milling;vinyl-cutting,high,source:fablabs.io;status:active;kind:fab_lab;idcode:1129
Algarve FabFarm,37.1615658,-8.769959400000062,"Quinta do Fabfarm, Aguilhadas, Barao de Sao Joao, Lagos",8600-011,Lagos,PT,http://www.fabfarm.org,https://www.fablabs.io/labs/algarvefabfarm,3d-printing;cnc;electronics;laser;precision-milling;vinyl-cutting,high,source:fablabs.io;status:active;kind:fab_lab;idcode:994
BioLab Lisboa,38.7218263,-9.1320613,"Rua Maria da Fonte, Mercado Forno do Tijolo BioLab Lisboa, pavilhao B",1170-221,Lisboa,PT,https://biolablisboa.pt/,https://www.fablabs.io/labs/biolablisboa,3d-printing;vinyl-cutting,high,source:fablabs.io;status:active;kind:fab_lab;idcode:2812
FabLab Benfica,38.746159,-9.195307200000002,FabLab Benfica Escola Superior de Educacao de Lisboa - Campus de Benfica do IPL,1549-003,Lisboa,PT,http://eselx.ipl.pt,https://www.fablabs.io/labs/fablabbenfica,3d-printing;cnc;electronics;laser;precision-milling;vinyl-cutting,high,source:fablabs.io;status:active;kind:fab_lab;idcode:1616
FabLab Lisboa,38.7224093,-9.1322549,Rua Maria da Fonte Mercado do Forno do Tijolo,1170-211,Lisboa,PT,http://www.fablablisboa.pt,https://www.fablabs.io/labs/fablablisboa,3d-printing;cnc;electronics;laser;precision-milling;vinyl-cutting,high,source:fablabs.io;status:active;kind:fab_lab;idcode:208
MILL - Makers In Little Lisbon,38.7204103,-9.1411189,"Calcada Moinho de Vento, 14B",1150-236,Lisboa,PT,http://mill.pt,https://www.fablabs.io/labs/mill,3d-printing;cnc;electronics;laser;vinyl-cutting,high,source:fablabs.io;status:active;kind:mini_fab_lab;idcode:1027
FabLab Coimbra,40.228121,-8.440760700000055,Rua Coronel Julio Veiga Simao,3025-307,Loreto,PT,http://www.novotecna.pt/fablab,https://www.fablabs.io/labs/fablabcoimbra,3d-printing;cnc;electronics;laser;precision-milling;vinyl-cutting,high,source:fablabs.io;status:unknown;kind:fab_lab;idcode:1253
Buinho Fablab,37.8311427,-8.2454773,"Messejana Rua Nova de Sao Bras, 43",7600,Messejana,PT,http://www.buinho.pt,https://www.fablabs.io/labs/buinho,3d-printing;cnc;electronics;laser;precision-milling;vinyl-cutting,high,source:fablabs.io;status:active;kind:fab_lab;idcode:1093
FABLAB Torres Novas,39.4528036,-8.6112441,Largo do Comercio 3,2350-213,Parceiros da Igreja,PT,http://www.makersunit.com,https://www.fablabs.io/labs/fablabtorresnovas,3d-printing;cnc;electronics;laser;precision-milling;vinyl-cutting,high,source:fablabs.io;status:active;kind:fab_lab;idcode:2811
Fablab Penela,40.0283044,-8.390511400000037,Fablab Penela - Casa das Industrias Criativas Rua Misericordia 35,3230-250,Penela,PT,http://www.cm-penela.pt/,https://www.fablabs.io/labs/fablabpenela,3d-printing;cnc;electronics;laser;precision-milling;vinyl-cutting,high,source:fablabs.io;status:unknown;kind:fab_lab;idcode:443
FABLAB Porto -OPO LAB,41.1523109,-8.602410899999995,"Rua D. Joao IV, 643",4000-303,Porto,PT,http://www.opolab.com,https://www.fablabs.io/labs/OPOLAB,3d-printing;cnc;laser;precision-milling,high,source:fablabs.io;status:active;kind:fab_lab;idcode:65
VIVA Lab,41.1645584,-8.6315891,R. de Pedro Hispano 972,4250-364,Porto,PT,https://www.vivalabporto.com/,https://www.fablabs.io/labs/vivalab,3d-printing;cnc;electronics;laser;precision-milling;vinyl-cutting,high,source:fablabs.io;status:active;kind:fab_lab;idcode:1822
FabLab Porto de Mos,39.5982449,-8.8188479,"Espaco Verde, Porto de Mos",2480-408 Porto de Mos,"Porto de Mos,",PT,https://www.facebook.com/FabLab-PortodeMós-231993947734353,https://www.fablabs.io/labs/fablabportodemos,3d-printing;cnc;electronics;laser;precision-milling;vinyl-cutting,high,source:fablabs.io;status:active;kind:fab_lab;idcode:1939
Fablab EDP,38.78349594405777,-9.101584522198493,"Rua Particular a Rua Cidade de Goa, 2 Ed. 3 - FabLab EDP",2685-038,Sacavem,PT,http://www.edp.com/fablab,https://www.fablabs.io/labs/fablabedp,3d-printing;cnc;electronics;laser;precision-milling;vinyl-cutting,high,source:fablabs.io;status:active;kind:fab_lab;idcode:63
FabLab Santarem,39.2235168,-8.6905562,,,Santarem,PT,,https://www.fablabs.io/labs/fablabsantarem,3d-printing;cnc;laser;precision-milling;vinyl-cutting,medium,source:fablabs.io;status:active;kind:fab_lab;idcode:582
Fab Lab Henriques Nogueira,39.09030118480842,-9.255127752253715,Rua Henriques Nogueira,2560-341,Torres Vedras,PT,https://fablab.aehn.net,https://www.fablabs.io/labs/fablabhenriquesnogueira,3d-printing;cnc;electronics;laser;precision-milling,high,source:fablabs.io;status:active;kind:fab_lab;idcode:2916
LAB ABERTO FAB LAB,39.0917249,-9.259440700000027,"LAB CENTER Sala 30, Rua Jose Eduardo Cesar, no 6",2560-661,Torres Vedras,PT,http://lababerto.pt,https://www.fablabs.io/labs/lababertofablab,3d-printing;electronics;laser;vinyl-cutting,high,source:fablabs.io;status:active;kind:mini_fab_lab;idcode:2096
Aratiri,-25.26839708420727,-57.58000295770262,Genaro Romero 260 esquina Marcelino Ayala,,Asuncion,PY,http://www.aratiri.com.py/,https://www.fablabs.io/labs/aratiri,3d-printing;electronics;laser,high,source:fablabs.io;status:active;kind:mini_fab_lab;idcode:2020
FAB LAB Paraguay Educa,-25.29298194338777,-57.60432647051391,Mariscal Lopez 1750 casi Kubitschek,1209,Asuncion,PY,,https://www.fablabs.io/labs/fablabparaguayeduca,3d-printing;cnc;electronics;laser;precision-milling,high,source:fablabs.io;status:active;kind:mobile;idcode:2125
FabLab UPA,-25.3421559,-57.5417339,Lopez de Vega,2160,San Lorenzo,PY,https://www.upa.edu.py/fab-lab/,https://www.fablabs.io/labs/fablabupa,3d-printing;cnc;electronics;laser;precision-milling;vinyl-cutting,high,source:fablabs.io;status:active;kind:fab_lab;idcode:1146
FabLab Universitario CIDi,-25.3362811,-57.51181580000001,Avenida Mariscal Lopez Campus UNA,111421,San Lorenzo,PY,http://www.fada.una.py/,https://www.fablabs.io/labs/fablabuniversitariocidi,3d-printing;cnc;electronics;laser;precision-milling;vinyl-cutting,high,source:fablabs.io;status:active;kind:fab_lab;idcode:896
QSTSS FabLab,25.227468,51.4700485,Um Al Seneem St.,,Ain Khalid,QA,https://qstssboys.qa/facilities_labs.php,https://www.fablabs.io/labs/qstssfablab,3d-printing;cnc;electronics;laser;precision-milling;vinyl-cutting,high,source:fablabs.io;status:active;kind:fab_lab;idcode:1936
STEM HUB,25.3147129,51.44195070000001,"Texas A&M University at Qatar Education City, PO BOx 23874",23874,Ar Rayyan,QA,http://stem.qa,https://www.fablabs.io/labs/stemhub,3d-printing;cnc,high,source:fablabs.io;status:active;kind:mini_fab_lab;idcode:1980
QBIC Fab Lab,25.1663923,51.40485469999999,"New Industrial Area, Ar-Rayyan",40816,Ar-Rayyan,QA,http:///www.qbicfablab.org,https://www.fablabs.io/labs/qbicfablab,3d-printing;cnc;electronics;laser;precision-milling;vinyl-cutting,high,source:fablabs.io;status:active;kind:fab_lab;idcode:1466
IbTECHar Fab Lab,25.2668505,51.49797869999998,Al Nasr Street Mirqab Complex Building,,Doha,QA,http://www.ibtechar.com/en/,https://www.fablabs.io/labs/ibtecharfablab,3d-printing;cnc;electronics;laser;precision-milling;vinyl-cutting,high,source:fablabs.io;status:active;kind:fab_lab;idcode:2130
Mada Fab Lab,25.3132933,51.5192376,Al Nasr Tower B Al Corniche Road,24230,Doha,QA,https://mip.qa/solution/mada-fablab/,https://www.fablabs.io/labs/madafablab,3d-printing;cnc;electronics;laser;precision-milling;vinyl-cutting,high,source:fablabs.io;status:active;kind:fab_lab;idcode:2280
Sanea Bus / Mobile Fab Lab,25.285447,51.53103999999996,"Salwa Road Exit 17, Doha, Qatar",40816,Doha,QA,http://www.sanea.me/en/sanea-bus/,https://www.fablabs.io/labs/saneabus,3d-printing;electronics;laser;precision-milling;vinyl-cutting,high,source:fablabs.io;status:active;kind:mobile;idcode:2025
Studio 5,25.3131013,51.5215595,"Al Nasr Tower B, Al Corniche Road, Doha",,Doha,QA,https://www.studio5.qa,https://www.fablabs.io/labs/studio5,3d-printing;cnc;laser;precision-milling;vinyl-cutting,high,source:fablabs.io;status:active;kind:fab_lab;idcode:2201
Okartie,-20.9828894,55.28541289999998,4 Rue Jacquot,,-,RE,https://www.facebook.com/SCIENCES-REUNION-142481865851759/?fref=ts,https://www.fablabs.io/labs/okartie,3d-printing;cnc;electronics;laser;precision-milling;vinyl-cutting,medium,source:fablabs.io;status:unknown;kind:fab_lab;idcode:1375
RepareRecycle / 974,-21.2328589,55.5786829,Plaine des Cafres 3 impasse renneville,97418,La Plaine des Cafres,RE,https://reparerecycle.re,https://www.fablabs.io/labs/reparerecycle,,high,source:fablabs.io;status:active;kind:mini_fab_lab;idcode:1355
FabLab.re,-21.2583341,55.44167279999999,La Riviere Saint-Louis,97421,La Riviere,RE,http://fablab.re,https://www.fablabs.io/labs/reunion,,medium,source:fablabs.io;status:planned;kind:fab_lab;idcode:272
RunFabLab,-20.9041503,55.4995572,"18 rue Albert Lougnon Village d'entreprises Nord, Parc Technor",97490,Sainte Clotilde,RE,http://www.solidarnum.org,https://www.fablabs.io/labs/runfablab,3d-printing;cnc;electronics;laser;precision-milling;vinyl-cutting,high,source:fablabs.io;status:active;kind:fab_lab;idcode:1393
FabLab Bucharest,44.40692382600115,26.20499776986696,Theodor Pallady 57,032266,Bucuresti,RO,http://www.fablab.ro,https://www.fablabs.io/labs/fablabbucharest,3d-printing;cnc;laser;precision-milling,high,source:fablabs.io;status:active;kind:fab_lab;idcode:1346
Fab Lab Iasi,47.1568677,27.5997049,"Iasi TEX6 building, 2nd floor",700259,Iasi,RO,http://www.fablabiasi.ro,https://www.fablabs.io/labs/fablabiasi,3d-printing;cnc;electronics;laser;precision-milling;vinyl-cutting,high,source:fablabs.io;status:active;kind:fab_lab;idcode:1302
SCI - FABLAB MAGURELE,44.3499663,26.031042,IFA Et. 3 - 301,077125,Magurele,RO,,https://www.fablabs.io/labs/scifablabmagurele,3d-printing;electronics,high,source:fablabs.io;status:active;kind:fab_lab;idcode:2371
Polyhedra FabLab,44.7953862,20.49494749999997,Dojranska 16,11000,Belgrade,RS,http://fablab.polyhedra.co,https://www.fablabs.io/labs/polyhedra,3d-printing;cnc;laser,high,source:fablabs.io;status:active;kind:mini_fab_lab;idcode:763
Devana Labs,44.8161125,20.45896679999998,Kneza Mihaila 11,,Beograd,RS,http://labs.devana.rs,https://www.fablabs.io/labs/devanalabs,3d-printing;electronics,medium,source:fablabs.io;status:planned;kind:fab_lab;idcode:993
Fab Lab Belgrade,44.80605641115841,20.47577110021973,Bulevar kralja Aleksandra 73,11000,Beograd,RS,,https://www.fablabs.io/labs/fablabbelgrade,3d-printing;cnc;laser;vinyl-cutting,medium,source:fablabs.io;status:unknown;kind:fab_lab;idcode:730
Makers NS,45.24870020736889,19.84981816146853,Bulevar cara Lazara 42,21000,Novi Sad,RS,http://maker.rs,https://www.fablabs.io/labs/makersns,3d-printing;electronics,high,source:fablabs.io;status:active;kind:mini_fab_lab;idcode:1540
Fab Lab Petnica,44.2494997,19.92783559999998,Postanski fah 6,,Valjevo,RS,http://www.fablab.rs,https://www.fablabs.io/labs/fablabpetnica,3d-printing;cnc;electronics;laser;vinyl-cutting,medium,source:fablabs.io;status:unknown;kind:fab_lab;idcode:850
3D AVIA,45.0122693,39.04790090000006,"., 45/1",350058,,RU,https://www.instagram.com/3davia/,https://www.fablabs.io/labs/3davia,3d-printing;cnc;laser;precision-milling;vinyl-cutting,high,source:fablabs.io;status:active;kind:fab_lab;idcode:1982
Agency of innovation,57.005064,40.97665400000005,25\55,153000,,RU,https://vk.com/cmit37,https://www.fablabs.io/labs/cmit37,3d-printing;cnc;electronics;laser;precision-milling;vinyl-cutting,high,source:fablabs.io;status:active;kind:mini_fab_lab;idcode:1395
"CMIT ""Academy",55.67384800000001,37.51444200000003,"Udalcova st., 6",,,RU,http://academylab.ru/,https://www.fablabs.io/labs/academylab,3d-printing;cnc;electronics;laser;precision-milling;vinyl-cutting,medium,source:fablabs.io;status:unknown;kind:fab_lab;idcode:1279
"CMIT ""Technospark",55.469026,37.2962149,"-, .1",108840,,RU,http://www.fablab.pro,https://www.fablabs.io/labs/technospark,3d-printing;cnc;electronics,high,source:fablabs.io;status:active;kind:fab_lab;idcode:1700
FABLAB UGNTU,54.816967,56.05892300000005,,450064,,RU,http://fablab-ugntu.ru,https://www.fablabs.io/labs/fablabugntu,3d-printing;cnc;laser;vinyl-cutting,medium,source:fablabs.io;status:unknown;kind:fab_lab;idcode:1173
Fab Lab Belgorod (CMIT Metamorphosis),50.5794148,36.5980723,". , 46",308000,,RU,https://vk.com/metacmit,https://www.fablabs.io/labs/fablabbelgorod,3d-printing;cnc;laser;precision-milling;vinyl-cutting,high,source:fablabs.io;status:active;kind:fab_lab;idcode:467
FabLab Angar,55.97841400000001,92.93682690000003,Zatonskaya st. 44,660052,,RU,http://www.fablab24.ru/,https://www.fablabs.io/labs/fablabangar,3d-printing;cnc;laser;precision-milling,medium,source:fablabs.io;status:unknown;kind:fab_lab;idcode:950
FabLab Bionica,63.3144252,105.4182489,65,357100,,RU,http://www.fablabbionica.ru,https://www.fablabs.io/labs/fablabbionica,3d-printing;cnc;laser,medium,source:fablabs.io;status:unknown;kind:fab_lab;idcode:1134
FabLab SWSU,51.7386102,36.14693579999994,"50 let Oktyabrya, 94",305040,,RU,http://www.lab.swsu.ru,https://www.fablabs.io/labs/fablabswsu,3d-printing;cnc;laser;precision-milling,medium,source:fablabs.io;status:unknown;kind:fab_lab;idcode:627
FabLab VSUES,43.125141,131.9052161,". , 41",690014,,RU,https://vk.com/fablabvsues,https://www.fablabs.io/labs/fablabvsues,3d-printing;cnc;electronics;laser;precision-milling,high,source:fablabs.io;status:active;kind:fab_lab;idcode:1761
FabLab Vologda,59.188299,39.90724299999999,"., 7 7",160032,,RU,https://vk.com/fablab35,https://www.fablabs.io/labs/fablabvologda,3d-printing;cnc;laser,medium,source:fablabs.io;status:unknown;kind:mini_fab_lab;idcode:646
FabLabSibay,52.718517,58.68180600000005,"Belova, 5",,,RU,https://fablabsibay.ru,https://www.fablabs.io/labs/fablabsibay,3d-printing;cnc;electronics;laser;precision-milling;vinyl-cutting,high,source:fablabs.io;status:active;kind:fab_lab;idcode:1145
FabLabUM,55.781535,37.71129969999993,38 Bolshaya Semenovskaya str. room A8,107023,,RU,https://vk.com/fablabum,https://www.fablabs.io/labs/fablabum,3d-printing;cnc;electronics;laser;precision-milling,medium,source:fablabs.io;status:unknown;kind:fab_lab;idcode:1107
Fablab Angar Krasnoyarsk,55.979402,92.93705299999999,"., 44",660052,,RU,http://fablab24.ru/,https://www.fablabs.io/labs/fablabangarkrasnoyarsk,3d-printing;cnc;electronics;laser;precision-milling;vinyl-cutting,medium,source:fablabs.io;status:unknown;kind:fab_lab;idcode:1259
Fablab Moscow,55.729843,37.60989399999994,3-3-57,117152,,RU,http://fablab77.ru,https://www.fablabs.io/labs/fablabmoscow,3d-printing;cnc;electronics;precision-milling;vinyl-cutting,high,source:fablabs.io;status:active;kind:fab_lab;idcode:2060
Fablab UTMN,57.158357,65.52777200000003,". , 25 5th floor",625003,,RU,https://vk.com/fablab_utmn,https://www.fablabs.io/labs/fablabutmn,3d-printing;cnc;electronics;laser;vinyl-cutting,high,source:fablabs.io;status:active;kind:fab_lab;idcode:1080
Fablab Ural v2.0,56.849542,60.57746199999997,Kolmlglrova str.66,620034,,RU,http://vk.com/fablabural,https://www.fablabs.io/labs/fablabural2,3d-printing;cnc;laser;precision-milling;vinyl-cutting,medium,source:fablabs.io;status:unknown;kind:fab_lab;idcode:1004
Hackspace,55.828812,49.07523100000003,". , 11",420095,,RU,https://vk.com/cmit_kazan,https://www.fablabs.io/labs/cmitkazan,3d-printing;electronics;laser;precision-milling,medium,source:fablabs.io;status:unknown;kind:fab_lab;idcode:1330
Incarnation fablab,54.30102194790473,48.36295600037238,,432000,,RU,http://incarnation.pro/,https://www.fablabs.io/labs/incarnation,3d-printing;cnc;electronics;laser;precision-milling,medium,source:fablabs.io;status:unknown;kind:fab_lab;idcode:959
Texnosphera,61.52401,105.318756,,650043,,RU,http://kemcmit.jimdo.com/,https://www.fablabs.io/labs/texnosphera,3d-printing;cnc;electronics;laser;precision-milling;vinyl-cutting,medium,source:fablabs.io;status:planned;kind:fab_lab;idcode:669
Ufa Mechanica,54.7387621,55.97205540000004,,450039,,RU,http:\\cmit.ufamechanica.ru,https://www.fablabs.io/labs/ufamechanica,3d-printing;cnc;electronics;laser;precision-milling,medium,source:fablabs.io;status:unknown;kind:fab_lab;idcode:629
Ufamechanica,54.73871690000001,55.97185289999993,Mendellev st.134,450039,,RU,http://cmit.ufamechanica.ru/,https://www.fablabs.io/labs/ufamech,3d-printing;cnc;laser;precision-milling,medium,source:fablabs.io;status:unknown;kind:fab_lab;idcode:635
Zoomer,54.854102,83.11219499999993,20,630090,,RU,https://vk.com/cmitnsk,https://www.fablabs.io/labs/zoomer,3d-printing;cnc;laser;precision-milling;vinyl-cutting,high,source:fablabs.io;status:active;kind:fab_lab;idcode:1552
"cmit ""Vertikalnyj vzlet",55.79444682991441,37.39214481216436,8 118,123458,,RU,http://edu.meritogroup.ru/,https://www.fablabs.io/labs/vvzlet,3d-printing;cnc;electronics;laser;precision-milling;vinyl-cutting,medium,source:fablabs.io;status:unknown;kind:fab_lab;idcode:1197
FabLab of ITMO University,59.9342802,30.33509860000004,"- Birgevaya line, bld.14",,-,RU,http://t.me/fablabitmo,https://www.fablabs.io/labs/fablabitmo,3d-printing;cnc;electronics;laser;precision-milling;vinyl-cutting,high,source:fablabs.io;status:active;kind:fab_lab;idcode:688
FabLab SFedU,47.21512890910785,39.62595882006838,Milchakova 5/2,344090,--,RU,http://fablab61.ru/,https://www.fablabs.io/labs/rostov,3d-printing;cnc;electronics;laser;precision-milling;vinyl-cutting,high,source:fablabs.io;status:unknown;kind:fab_lab;idcode:383
Fablab Rostov,47.23856199999999,39.71289300000001,". 142/37, .59/206 47.238419, 39.610640",344015,-- .,RU,http://fablabrostov.ru/,https://www.fablabs.io/labs/fablabrostov,3d-printing;electronics,high,source:fablabs.io;status:active;kind:mini_fab_lab;idcode:519
Fablab Vector,45.036947,41.96222899999998,". , 347/Mira street 347",355017,/Stavropol',RU,http://fabnews.ru/fablabs/item/svector/,https://www.fablabs.io/labs/fablabvector,3d-printing;cnc;electronics;laser;precision-milling;vinyl-cutting,high,source:fablabs.io;status:active;kind:fab_lab;idcode:1232
FabLabSochi,43.4156169,39.94686550000006,"Olimpic Avenue, 1",354340,"Adler, Sochi",RU,https://parksirius.ru/sirius,https://www.fablabs.io/labs/fablabsochi,3d-printing;cnc;electronics;laser;precision-milling,high,source:fablabs.io;status:active;kind:fab_lab;idcode:1768
Fablab Ural,56.849542,60.57746199999997,"Kolmogorova, str. 66",620034,Ekaterinburg,RU,http://fablabural.ru/,https://www.fablabs.io/labs/fablabural,3d-printing;cnc;electronics;laser;precision-milling;vinyl-cutting,high,source:fablabs.io;status:unknown;kind:fab_lab;idcode:911
Fabinka,54.528167,36.29325990000007,Kaluga Suvorov Street,248001,Kaluga,RU,https://vk.com/fabinka,https://www.fablabs.io/labs/fabinka,3d-printing;cnc;electronics;laser;vinyl-cutting,high,source:fablabs.io;status:active;kind:mini_fab_lab;idcode:1138
 - Aviator CMIT,55.8491258,49.0938165,"Belinskogo st., 27",420036,Kazan,RU,https://cmitavia.ru,https://www.fablabs.io/labs/cmitavia,3d-printing;cnc;electronics;laser;precision-milling;vinyl-cutting,high,source:fablabs.io;status:active;kind:fab_lab;idcode:1920
FabLab Station,45.0633805,38.9917572,"Zipovskaya str. 5, X, 2 stage",350010,Krasnodar,RU,http://so3day.ru,https://www.fablabs.io/labs/station,3d-printing;cnc;laser;vinyl-cutting,high,source:fablabs.io;status:active;kind:fab_lab;idcode:1890
FormBuro,56.023187,92.80188,"., 1 .39, , , , 660028 660000, Russian Federation, Krasnoyarsky kray, Karbiheva, 1",660000,Krasnoyarks,RU,,https://www.fablabs.io/labs/formburo,3d-printing;cnc;laser;precision-milling,high,source:fablabs.io;status:active;kind:fab_lab;idcode:2372
CMIT Movicom in the MSU Science Park,55.70846220000001,37.5217485,"Lenin Hills, possession 1, p. 77",119992,Moscow,RU,https://vk.com/cmitsciencepark,https://www.fablabs.io/labs/movicommsu,3d-printing;cnc;electronics;laser;precision-milling;vinyl-cutting,high,source:fablabs.io;status:active;kind:fab_lab;idcode:1775
"Experimentarium1502 MPEI"" (Fab Lab)",55.760683,37.83038299999998,"Molostovukh street, 10 A",111555,Moscow,RU,http://www.planetseed.com/ru/forums/fablabs/moscow-russia-fablabschool-experimentarium-1502,https://www.fablabs.io/labs/FabLabschool,3d-printing;cnc;laser;vinyl-cutting,high,source:fablabs.io;status:unknown;kind:fab_lab;idcode:66
Fab Lab Moscow,55.729896,37.60970199999997,", 3",117623,Moscow,RU,http://www.fablab77.ru,https://www.fablabs.io/labs/fablab77,3d-printing;cnc;electronics;laser;precision-milling;vinyl-cutting,high,source:fablabs.io;status:unknown;kind:fab_lab;idcode:67
HSE LAB,55.726056,37.687354,"Volgogradskiy prospekt, 42",117152,Moscow,RU,http://hselab.ru/,https://www.fablabs.io/labs/hselab,3d-printing;cnc;laser;precision-milling;vinyl-cutting,high,source:fablabs.io;status:planned;kind:fab_lab;idcode:876
Moscow International School,55.7498606,37.78198569999995,"Zelenyy Prospekt, 14",111141,Moskva,RU,,https://www.fablabs.io/labs/mis,3d-printing;cnc;laser,high,source:fablabs.io;status:active;kind:fab_lab;idcode:2162
Shukhov Lab,55.7613054,37.63307280000004,"Myasnitskaya ul., 20",101000,Moskva,RU,http://shukhovlab.org,https://www.fablabs.io/labs/shukhovlab,3d-printing;cnc;electronics;laser;precision-milling;vinyl-cutting,high,source:fablabs.io;status:unknown;kind:fab_lab;idcode:1339
Fablab Norilsk,69.3604045,88.18716189999998,15 Kotulskogo Passway,663319,Norilsk,RU,http://norlab.ru,https://www.fablabs.io/labs/fablabnorilsk,3d-printing;cnc;electronics;laser;precision-milling;vinyl-cutting,high,source:fablabs.io;status:unknown;kind:fab_lab;idcode:542
"Fab Lab ""Club for Young Technicians",54.844098,83.11388,Street Academician Rzhanova 1a,630090,Novosibirsk,RU,http://fablab.com.ru/,https://www.fablabs.io/labs/fablabclubforoungtechnicians,3d-printing;cnc;electronics;laser;precision-milling,high,source:fablabs.io;status:active;kind:fab_lab;idcode:1306
Kamorking38,55.06496865251484,82.93602113988118,"Bogdana Hmelnitskogo, 2",630075,Novosibirsk,RU,http://www.kamorking.ru,https://www.fablabs.io/labs/kamorking,3d-printing;cnc;laser;precision-milling,high,source:fablabs.io;status:unknown;kind:mini_fab_lab;idcode:1136
"CMIT ""Model Spectr",55.121497,36.615543,Kaluzskaya street 7,249039,Obninsk,RU,http://www.modelspectr.ru/,https://www.fablabs.io/labs/modelspectr,3d-printing;cnc;electronics;laser;precision-milling;vinyl-cutting,high,source:fablabs.io;status:unknown;kind:fab_lab;idcode:1277
Sirius Lab,43.41402739999999,39.94802249999998,Olimpiyskiy 1,354349,Sochi,RU,http://sochisirius.ru/park,https://www.fablabs.io/labs/siriuslab,3d-printing;cnc;electronics;laser;precision-milling;vinyl-cutting,high,source:fablabs.io;status:active;kind:fab_lab;idcode:1438
Fab Lab Polytech,60.00541199999999,30.37397399999998,"Polytekhnicheskaya st., b.29-12",195251,St. Petersburg,RU,http://fablab.spbstu.ru,https://www.fablabs.io/labs/fablabpolytech,3d-printing;cnc;electronics;laser;precision-milling;vinyl-cutting,high,source:fablabs.io;status:active;kind:fab_lab;idcode:271
(Digital Technology School),56.4517317,84.9742181,Tomsk 16/1 F.Lytkina strt,634045,Tomsk,RU,https://vk.com/digital.school,https://www.fablabs.io/labs/cmit,3d-printing;cnc;electronics;laser;precision-milling;vinyl-cutting,high,source:fablabs.io;status:active;kind:fab_lab;idcode:300
FabLab Alania,43.0361064770923,44.68333065714728,Markusa st. 24,362027,Vladikavkaz,RU,http://fablab-15.ru,https://www.fablabs.io/labs/fablabalania,3d-printing;cnc;electronics;laser;precision-milling,high,source:fablabs.io;status:active;kind:fab_lab;idcode:1596
Deistvui FabLab,53.1955198,45.17197590000001,"39A, Konstituci USSR str.",442960,Zarechny,RU,https://vk.com/cmitdeistvui,https://www.fablabs.io/labs/deistvui,3d-printing;cnc;electronics;laser;precision-milling;vinyl-cutting,high,source:fablabs.io;status:unknown;kind:fab_lab;idcode:1278
FabLab Rwanda,-1.9394853,30.0908272,Kacyiru 44KG 548St,,Kigali,RW,http://fablab.rw/,https://www.fablabs.io/labs/FabLabRwanda,3d-printing;cnc;electronics;laser;precision-milling;vinyl-cutting,high,source:fablabs.io;status:active;kind:fab_lab;idcode:1487
The Office,-1.958755989070008,30.06952229002684,Kigali 34 KN41 Street,,Kigali,RW,http://theoffice.rw,https://www.fablabs.io/labs/TheOffice,3d-printing,medium,source:fablabs.io;status:unknown;kind:mini_fab_lab;idcode:619
FABLAB ALAHSA,25.4098452,49.55827879999993,Al Salam District,36422,Al Ahsa,SA,https://wistful-plate-1298.glideapp.io,https://www.fablabs.io/labs/fablabahsa,3d-printing;cnc;electronics;laser;vinyl-cutting,high,source:fablabs.io;status:active;kind:fab_lab;idcode:1817
Bright Up,26.216738,50.19827050000004,"Alrashid Mall, gate#13, 3rd floor",,Al Khobar,SA,http://www.brightup.io,https://www.fablabs.io/labs/brightup,3d-printing;electronics;laser;vinyl-cutting,high,source:fablabs.io;status:active;kind:fab_lab;idcode:1111
Talents Lab,26.2937076,50.18576899999994,"Olaya Center, Al Mukarramah St, Al-Aqrabiyah, P.O. Box 30082, Khobar, Eastern Region 31952, SA",30082,Al Khobar,SA,http://www.talents.edu.sa,https://www.fablabs.io/labs/talentsfablab,3d-printing;electronics;laser;precision-milling;vinyl-cutting,high,source:fablabs.io;status:active;kind:fab_lab;idcode:1918
fablab taibah,24.48061515869274,39.54704558237304,"Taibah University, 42353",00000,Al Madinah Munawwarah,SA,https://www.taibahu.edu.sa/center-for-talent-creativity-and-excellence,https://www.fablabs.io/labs/fablabtaibah,3d-printing;cnc;laser,high,source:fablabs.io;status:active;kind:fab_lab;idcode:2041
FabLab Qatif,26.5629342,50.00799289999998,3154 Al Bahar,32637,Al Qatif,SA,http://www.fablabqatif.com/,https://www.fablabs.io/labs/fablabqatif,3d-printing;electronics;laser;vinyl-cutting,high,source:fablabs.io;status:planned;kind:fab_lab;idcode:1067
Fablab Mostaqbli,26.5483708,50.01627899999994,"Al Qatif Al Quds St, Warehouses Area",3263,Al Qatif,SA,http://www.fablabmostaqbli.org,https://www.fablabs.io/labs/fablabMostaqbli,3d-printing;cnc;electronics;laser;vinyl-cutting,high,source:fablabs.io;status:planned;kind:fab_lab;idcode:1452
Qassim FabLab,26.359231,43.98181200000001,abu bakr al siddiq road,52387,Buraydah,SA,https://x.com/qassimfablab?s=11&t=zDAmtMU0G7-y46yCowTBrg,https://www.fablabs.io/labs/QassimFabLab,3d-printing;cnc;laser;precision-milling,high,source:fablabs.io;status:active;kind:fab_lab;idcode:2838
FabClub,26.30537,50.14988459999995,King Fahd University of Petroleum and Minerals,,Dhahran,SA,,https://www.fablabs.io/labs/fabclub,3d-printing;cnc;electronics;laser;vinyl-cutting,medium,source:fablabs.io;status:active;kind:fab_lab;idcode:1838
Fab Lab Arabia,21.5328741,39.19355229999996,Dallah Tower Palestine St.,,Jeddah,SA,http://fablabarabia.com,https://www.fablabs.io/labs/fablabarabia,3d-printing;cnc;electronics;laser;precision-milling;vinyl-cutting,medium,source:fablabs.io;status:unknown;kind:fab_lab;idcode:68
FabLab Jazan,16.96030409999999,42.5550417,"Al Maarefah Road college of business administration, ground floor",45142,Jizan,SA,http://centers.jazanu.edu.sa/iec/Pages/fablab.aspx,https://www.fablabs.io/labs/fablabjazan,3d-printing;cnc;laser;vinyl-cutting,high,source:fablabs.io;status:active;kind:fab_lab;idcode:2228
FABLAB Jubail,27.1450404,49.55346,"Jubail, Fanateer",31961,Jubail,SA,http://www.fablabjubail.org/,https://www.fablabs.io/labs/fabjubail,3d-printing;cnc;electronics;laser;precision-milling;vinyl-cutting,high,source:fablabs.io;status:active;kind:fab_lab;idcode:1212
FABLAB Dhahran,26.31018156100117,50.13984194041745,,34472,Khobar,SA,http://fablabdhahran.org,https://www.fablabs.io/labs/fablabdhahran,3d-printing;cnc;electronics;laser;precision-milling;vinyl-cutting,high,source:fablabs.io;status:active;kind:fab_lab;idcode:130
Wadi Makkah,21.3245073,39.9596755,"Umm Al Qura University, Abdiyyah",24381,Mecca,SA,https://wadimakkah.sa/en/,https://www.fablabs.io/labs/wadimakkah,3d-printing;cnc;electronics;laser;precision-milling,high,source:fablabs.io;status:active;kind:fab_lab;idcode:1154
DAF_FabLab,24.7347654,46.578384,"Diriyah Art Futures, 3029 King Faisal Rd, Al Bujairi, 7719, Riyadh 13712",13711,Rhiyad,SA,,https://www.fablabs.io/labs/daffablab,3d-printing;cnc;electronics;laser,high,source:fablabs.io;status:active;kind:fab_lab;idcode:3092
Fab Lab N2,24.7758045,46.66012369999999,13311,,Riyadh,SA,http://www.almanahjschools.edu.sa,https://www.fablabs.io/labs/fablabn2,3d-printing;cnc;electronics;laser;precision-milling;vinyl-cutting,medium,source:fablabs.io;status:unknown;kind:fab_lab;idcode:690
Fab lab Riyadh,24.7758235,46.6602414,Almanahij school-Secondary Section (Girls & Boys) (Basement floor ),,Riyadh,SA,http://naba.sa/,https://www.fablabs.io/labs/fablabriyadh,3d-printing;laser;precision-milling;vinyl-cutting,medium,source:fablabs.io;status:unknown;kind:fab_lab;idcode:516
Lamba Center,24.6884451,46.6264975,"Tayma St, Al Safarat, Riyadh 12513",12513,Riyadh,SA,https://lamba.center/,https://www.fablabs.io/labs/lambacenter,3d-printing;laser,high,source:fablabs.io;status:active;kind:fab_lab;idcode:2922
PL Fablab KSA,24.7659467,46.66160790000004,Umar Al Hamadhani Exit 5,12284,Riyadh,SA,http://en.pl-ksa.com/,https://www.fablabs.io/labs/plfablabksa,3d-printing;cnc;laser;precision-milling;vinyl-cutting,high,source:fablabs.io;status:unknown;kind:fab_lab;idcode:1325
Vujade Innovation Lab,24.8911455,46.7156791,Airport road- Riyadh,22213,Riyadh,SA,https://www.linkedin.com/company/vujade-innovation,https://www.fablabs.io/labs/vujade,3d-printing;cnc;electronics;laser;precision-milling;vinyl-cutting,high,source:fablabs.io;status:active;kind:fab_lab;idcode:2768
Xplore Studio,24.7293398,46.6416772,"Al Mohammadiyyah, Riyadh 12364 2848 - 6959 Prince Turki Ibn Abdulaziz Al Awwal Rd. Floor M - Xplore",12364,Riyadh,SA,http://xplore.studio,https://www.fablabs.io/labs/xplorestudio,3d-printing;laser;precision-milling;vinyl-cutting,high,source:fablabs.io;status:active;kind:fab_lab;idcode:2612
FabLab- TKS Saudi Arabia,22.32375974640982,39.10894125023192,"Thuwal Safaa Gardens School, Office 1132 4700 KAUST",23955-6900,Thuwal,SA,,https://www.fablabs.io/labs/fablabtkssaudiarabia,3d-printing;cnc;electronics;laser;precision-milling;vinyl-cutting,medium,source:fablabs.io;status:planned;kind:fab_lab;idcode:2342
KAUST Prototyping Core Lab,22.3089797,39.1036664,KAUST Library Innovation Cluster,23955,Thuwal,SA,https://corelabs.kaust.edu.sa/labs/detail/prototyping-product-development-core-lab,https://www.fablabs.io/labs/kaust,3d-printing;cnc;electronics;laser;precision-milling;vinyl-cutting,high,source:fablabs.io;status:active;kind:fab_lab;idcode:2126
DAU Fab Lab,24.7135517,46.6752957,Saudi Arabia - Riyadh,,riyadh,SA,http://www.dau.edu.sa,https://www.fablabs.io/labs/daufablab,3d-printing;electronics;laser;precision-milling;vinyl-cutting,high,source:fablabs.io;status:active;kind:fab_lab;idcode:1598
FabLab Halmstad,56.66246160000001,12.88143339999999,Linjegatan 8B,302 50,-,SE,http://www.hh.se/fablab,https://www.fablabs.io/labs/fablabhalmstad,3d-printing;cnc;electronics;laser;precision-milling;vinyl-cutting,high,source:fablabs.io;status:active;kind:fab_lab;idcode:1390
Fab Lab Halmstad,56.663479,12.8792976,Spetsvinkelgatan 13,302 50,Halmstad,SE,http://www.hh.se/fablab,https://www.fablabs.io/labs/fablabhh,3d-printing;cnc;electronics;laser;precision-milling;vinyl-cutting,high,source:fablabs.io;status:active;kind:fab_lab;idcode:1647
Folk Lab,59.2945768,18.25839250000001,Brantvagen 1B,133 42,Stockholm,SE,http://folklab.nu,https://www.fablabs.io/labs/folklab,3d-printing;laser;vinyl-cutting,high,source:fablabs.io;status:planned;kind:mobile;idcode:1904
FabLab Umea University,63.82060146621721,20.27799843016351,Ostra Strandgatan 32,903 33,Umea,SE,http://www.facebook.com/fablabumea,https://www.fablabs.io/labs/fablabumea,3d-printing;cnc;electronics;laser;precision-milling,high,source:fablabs.io;status:unknown;kind:fab_lab;idcode:953
LipoLogica,59.8691519,17.64139339999997,Djaknegatan 23,754 23,Uppsala,SE,https://www.nature.com/subjects/nanofluidics,https://www.fablabs.io/labs/lipologica,,medium,source:fablabs.io;status:planned;kind:mini_fab_lab;idcode:1561
EdibleMakerspace,1.3080939,103.860646,810 French rd 02-47,200801,-,SG,https://ediblemakerspace.com,https://www.fablabs.io/labs/ediblemakerspace,3d-printing;cnc;laser;vinyl-cutting,high,source:fablabs.io;status:active;kind:mini_fab_lab;idcode:2982
Digital Fabrication Space @ Science Centre Singapore,1.3328578,103.7361432,15 Science Centre Road,609081,Singapore,SG,https://www.science.edu.sg/stem-inc/digital-fabrication-space,https://www.fablabs.io/labs/SCSDFS,3d-printing;cnc;electronics;laser;precision-milling;vinyl-cutting,high,source:fablabs.io;status:active;kind:mini_fab_lab;idcode:2444
FABLAB FREEFORM,1.3427522,103.8511544,Blk 970 Toa Payoh North #01-18 MapleTree Industrial,318992,Singapore,SG,http://www.freeform.sg,https://www.fablabs.io/labs/FreeForm,3d-printing;cnc;laser;precision-milling;vinyl-cutting,high,source:fablabs.io;status:active;kind:fab_lab;idcode:1137
FabLab Singapore Polytechnic,1.3091455,103.7790037,500 Dover Rd T11CL01,139651,Singapore,SG,https://www.sp.edu.sg/sp/student-services/libfl/fablab,https://www.fablabs.io/labs/fablabsp,3d-printing;cnc;electronics;laser;precision-milling;vinyl-cutting,high,source:fablabs.io;status:active;kind:fab_lab;idcode:325
Fablab OMG - Makerspace@NDC Singapore,1.2986691,103.8533635,111 Middle Road #01-02 National Design Centre,188969,Singapore,SG,http://www.onemakergroup.com,https://www.fablabs.io/labs/omg,3d-printing;cnc;electronics;laser;precision-milling;vinyl-cutting,high,source:fablabs.io;status:active;kind:fab_lab;idcode:1999
Nexus International School (Singapore) Makerspace and Fab Lab,1.319258,103.775738,1 Aljunied Walk Nexus International School Singapore,387293,Singapore,SG,http://www.nexus.edu.sg,https://www.fablabs.io/labs/nexusinternationalschoolsingapore,3d-printing;laser;vinyl-cutting,high,source:fablabs.io;status:active;kind:mini_fab_lab;idcode:1432
Center Rog - Creative Hub,46.0508939,14.5163501,Trubarjeva 72,1000,Ljubljana,SI,https://center-rog.si/en/,https://www.fablabs.io/labs/centerrog,3d-printing;cnc;laser;vinyl-cutting,high,source:fablabs.io;status:active;kind:fab_lab;idcode:480
KreatorLab - FabLab Maribor,46.55405400000001,15.6249545,Preradoviceva ulica 40,2000,Maribor,SI,https://kreatorlab.si,https://www.fablabs.io/labs/kreatorlab,3d-printing;cnc;laser;vinyl-cutting,high,source:fablabs.io;status:active;kind:fab_lab;idcode:985
SK FabLab BB,48.7400046,19.1241301,Tajovskeho 325/25,974 09,Banska Bystrica,SK,http://fablab.svsbb.sk,https://www.fablabs.io/labs/skfablabbb,3d-printing;cnc,high,source:fablabs.io;status:unknown;kind:mini_fab_lab;idcode:1301
Creative Point,48.14515919999999,17.12403359999996,Karadzicova 2,821 08,Bratislava,SK,http://www.npc.sk/sk/creative-point,https://www.fablabs.io/labs/CreativePoint,3d-printing;cnc;electronics;laser;precision-milling;vinyl-cutting,high,source:fablabs.io;status:unknown;kind:fab_lab;idcode:1218
Lab.cafe,48.1445678,17.11166309999999,Namestie SNP 25,81101,Bratislava,SK,http://www.facebook.com/LabCafeCreate,https://www.fablabs.io/labs/labcafe,3d-printing;laser;vinyl-cutting,high,source:fablabs.io;status:active;kind:fab_lab;idcode:1517
Fablab.sk,48.15007960000001,17.114219,Ilkovicova 2961 EF STU,841 04,"Bratislava, Karlova Ves",SK,https://www.fablab.sk,https://www.fablabs.io/labs/fablabbratislava,3d-printing;laser;vinyl-cutting,high,source:fablabs.io;status:active;kind:mini_fab_lab;idcode:569
KKC Hviezda,48.894115,18.0370029,Kniezata Pribinu 197/3,911 05,Trencin,SK,https://www.hviezda.eu/kreativne-ateliery/,https://www.fablabs.io/labs/kkchviezda,3d-printing;cnc;laser;precision-milling;vinyl-cutting,high,source:fablabs.io;status:active;kind:fab_lab;idcode:3157
AstroLab Senegal,14.7304341,-17.4610544,"Cite CSE, Dakar, Senegal",11000,Dakar,SN,http://cyberisdev.com,https://www.fablabs.io/labs/astrolabsenegal,3d-printing;cnc;electronics;laser;precision-milling;vinyl-cutting,high,source:fablabs.io;status:active;kind:fab_lab;idcode:3100
Defaral Sa Labo,14.7139787,-17.4551477,S.I.C.A.P. Liberte 2,,Dakar,SN,http://wiki.fablab.is/wiki/DefaralSaLabo_Dakar,https://www.fablabs.io/labs/defaralsalabo,3d-printing;cnc;vinyl-cutting,medium,source:fablabs.io;status:planned;kind:fab_lab;idcode:239
DefkoAkNiep Lab,14.7139787,-17.4551477,Villa N1695 Sicap Liberte II Dakar Senegal,B.P 10664,Dakar,SN,http://www.ker-thiossane.org/spip.php?article137,https://www.fablabs.io/labs/defkoakniep,3d-printing;cnc;electronics;laser;precision-milling;vinyl-cutting,high,source:fablabs.io;status:unknown;kind:fab_lab;idcode:937
Fablab Solidaire Orange Digital Center - Senegal - ODC,14.7015037,-17.4681586,"Ecole Police, Immeuble Scalene Mermoz lot B, Rue KA 05, Dakar",10700,Dakar,SN,https://orangedigitalcenter.sn,https://www.fablabs.io/labs/fablabsolidaireLabs,3d-printing;cnc;electronics;laser;vinyl-cutting,high,source:fablabs.io;status:active;kind:fab_lab;idcode:2145
Freedesignlab,14.716677,-17.46768610000004,Dakar liberte 6 extension villa 41,,Dakar,SN,http://freedesignlab.wordpress.com,https://www.fablabs.io/labs/freedesignlab,3d-printing;electronics,high,source:fablabs.io;status:active;kind:fab_lab;idcode:1803
Linguere Fablab,14.7328125,-17.4561875,Missirah Grand-Yoff Municipality of Grand Yoff,00001,Dakar,SN,https://twitter.com/FablabLinguere,https://www.fablabs.io/labs/linguerefablab,3d-printing;cnc;electronics;laser;vinyl-cutting,high,source:fablabs.io;status:active;kind:mini_fab_lab;idcode:2517
Senfablab,14.734918,-17.44994040000006,Grand-Yoff Lot 1 plle23 Missirah Grand-Yoff,37003,Dakar,SN,https://www.senfablab.org,https://www.fablabs.io/labs/senfablab,3d-printing;laser;vinyl-cutting,high,source:fablabs.io;status:active;kind:fab_lab;idcode:1728
Polylab,14.7910052,-16.93586040000002,"VCN, Route de la Base Ecole Polytehcnique de Thies",22000,Thies,SN,http://www.polylab-ept.net,https://www.fablabs.io/labs/polylab,3d-printing;cnc;electronics;precision-milling;vinyl-cutting,high,source:fablabs.io;status:active;kind:fab_lab;idcode:1685
FabLab Mogadishu,2.032058,45.3077098,Zoobe Street,00630,Mogadishu,SO,http://fablab.simad.edu.so,https://www.fablabs.io/labs/FabLabMogadishu,3d-printing;cnc;electronics;laser;precision-milling;vinyl-cutting,high,source:fablabs.io;status:active;kind:fab_lab;idcode:2675
FabLab Suriname,5.8284745,-55.18493949999998,"KKF, Prof. W.J.A. Kernkampweg 37",,Paramaribo,SR,http://www.fablab.sr,https://www.fablabs.io/labs/fablabsuriname,3d-printing;cnc;laser,medium,source:fablabs.io;status:unknown;kind:fab_lab;idcode:133
IoTLabSu,5.830945,-55.198691,Etnalaan #29,0000,Paramaribo,SR,http://iotlabsu.com,https://www.fablabs.io/labs/iotlabsu,3d-printing;cnc;electronics;laser;precision-milling,high,source:fablabs.io;status:active;kind:fab_lab;idcode:2670
"Research and Innovation Lab PTC - Paramaribo, Suriname",5.8118311,-55.2145063,Prof. Ruinardlaan 5b,,Paramaribo,SR,https://www.ptc.edu.sr/,https://www.fablabs.io/labs/researchandinnovationlabptcparamaribosuriname,3d-printing;cnc;electronics;laser;vinyl-cutting,high,source:fablabs.io;status:active;kind:fab_lab;idcode:2897
ZapLab,5.833524,-55.151134,Prins Hendrikstraat 17B Ons Erf,,Paramaribo,SR,https://villazapakara.com/zaplab-technologie-en-creativiteit/,https://www.fablabs.io/labs/ZapLab,3d-printing;cnc;electronics;laser;vinyl-cutting,high,source:fablabs.io;status:active;kind:fab_lab;idcode:2230
3DLAB UTEC,13.6995163,-89.20105560000002,"Edificio Dr. Jose Adolfo Araujo Calle Arce y, 19 Avenida sur No. 1045",,San Salvador,SV,http://www.facebook.com/3dlabutec,https://www.fablabs.io/labs/3dlabutec,3d-printing;cnc;electronics;laser,high,source:fablabs.io;status:active;kind:fab_lab;idcode:2047
FABLAB FUNDEPLAST,13.69390958758659,-89.22805770199126,Colonia Roma 146 Calle Roma,,San Salvador,SV,http://www.fundeplast.org,https://www.fablabs.io/labs/fablabfundeplast,3d-printing;cnc;electronics;laser,medium,source:fablabs.io;status:planned;kind:fab_lab;idcode:2251
Fab Lab Escuela Americana,13.6972447,-89.24036249999999,Calle La Mascota y final Calle 3 Colonia La Mascota,,San Salvador,SV,http://www.amschool.edu.sv,https://www.fablabs.io/labs/fablabescuelaamericana,3d-printing;cnc;electronics;laser;vinyl-cutting,high,source:fablabs.io;status:active;kind:fab_lab;idcode:1462
FabLabINTI,13.6934085,-89.2208993,"Boulevard Venezuela,colonia roma",CP 1101,San Salvador,SV,,https://www.fablabs.io/labs/fablabtecnicoindustrial,3d-printing;cnc;electronics;laser;precision-milling,high,source:fablabs.io;status:active;kind:fab_lab;idcode:2249
Fablab SV (El Salvador),13.6933874,-89.23546859999999,"Calle La Reforma 249, Colonia San Benito, San Salvador, El Salvador.",,San Salvador,SV,https://vimeo.com/fablabsv,https://www.fablabs.io/labs/fablabSV,3d-printing;electronics;laser,high,source:fablabs.io;status:active;kind:fab_lab;idcode:438
FabLabESFE,13.737676,-89.7092801,Kilometro 63 carretera San Salvador Sonsonate,,Sonzacate,SV,,https://www.fablabs.io/labs/fablabesfe,3d-printing;cnc;electronics;laser;precision-milling,medium,source:fablabs.io;status:active;kind:fab_lab;idcode:2250
Techno lab Aleppo,36.2028237,37.1554942,"Aleppo, Seven Bahrat Roundabout, next to the Chamber of Industry",,Aleppo,SY,,https://www.fablabs.io/labs/technolabaleppo,3d-printing;cnc;electronics;precision-milling,medium,source:fablabs.io;status:active;kind:mini_fab_lab;idcode:3111
Techno lab Damascus,33.524757,36.285226,"G7FP+W35, Ataa Al Aiyouby, Damascus, Syria",,Damascus,SY,,https://www.fablabs.io/labs/technolabdamascus,3d-printing;cnc;electronics;precision-milling,medium,source:fablabs.io;status:active;kind:mini_fab_lab;idcode:3112
Techno lab Hama,35.1285209,36.7683347,"Hama, Shariaa",,Hama,SY,,https://www.fablabs.io/labs/technolabhama,3d-printing;cnc;electronics;precision-milling,medium,source:fablabs.io;status:active;kind:mini_fab_lab;idcode:3116
WenakLabs,12.1233001,15.05041059999996,avenue Maldoum Bada Abass,N'Djamena-Tchad,NDJAMENA,TD,http://www.wenakLabs.org,https://www.fablabs.io/labs/wenaklabs,3d-printing;cnc;electronics;laser;vinyl-cutting,high,source:fablabs.io;status:active;kind:fab_lab;idcode:1572
EnergyLab Lome by Energy Generation,6.1908239,1.2492665,Rue 251 HDN,BP 012116,Lome,TG,https://en.energy-generation.org/,https://www.fablabs.io/labs/energylab,3d-printing;electronics;laser;precision-milling,high,source:fablabs.io;status:active;kind:fab_lab;idcode:2398
WOELAB,6.163784067253655,1.208645850262428,"Lome WOELAB-Lome , Rue Klala, Villa 209 Be-Klikame",11BP305 Lome-Djifa,Lome,TG,http://3dprintogo.wpweb.fr/          ,https://www.fablabs.io/labs/woelab,3d-printing;cnc;precision-milling,high,source:fablabs.io;status:unknown;kind:fab_lab;idcode:308
FabLab Bangkok,13.7204657,100.4983551,"KX Knowledge Exchange Innovation Center 110/1 Krung Thonburi Road, Banglamphulang, Khlongsan, Bangkok, Thailand",10600,Bangkok,TH,https://line.me/R/ti/p/@065azhuj,https://www.fablabs.io/labs/fablabbkk,3d-printing;cnc;electronics;laser;precision-milling,high,source:fablabs.io;status:active;kind:fab_lab;idcode:2157
Fabcafe Bangkok,13.7800228,100.5423633,Ari 2,10400,Bangkok,TH,,https://www.fablabs.io/labs/fabcafebangkok,3d-printing;cnc;electronics;laser;precision-milling;vinyl-cutting,medium,source:fablabs.io;status:planned;kind:fab_lab;idcode:397
Fab Lab Siam,13.6813283,100.5250476,662/43-46 Rama 3 Road Bangpongpang,10120,Yannawa,TH,https://www.facebook.com/Incamtec-1570645519892062/,https://www.fablabs.io/labs/fablabsiam,3d-printing;cnc;electronics;laser,high,source:fablabs.io;status:active;kind:fab_lab;idcode:1407
FABLAB EPT,36.87952232036965,10.33678862914427,Ecole Polytechnique de Tunisie Rue El khawarizmi,2078,Al Marsa,TN,,https://www.fablabs.io/labs/fablabept,3d-printing;laser;precision-milling,medium,source:fablabs.io;status:planned;kind:fab_lab;idcode:2441
FabLab Mahdia,35.5021873,11.0485692,Avenue Ali Belhouane Mahdia,,Mahdia,TN,https://www.facebook.com/FablabMahdia/,https://www.fablabs.io/labs/fablabmahdia,3d-printing;cnc;electronics,high,source:fablabs.io;status:active;kind:mini_fab_lab;idcode:1906
elFabLab,36.8964803,10.31050099999993,Marsa,2078,Marsa,TN,http://www.elfablab.com,https://www.fablabs.io/labs/elfablab,3d-printing;electronics;vinyl-cutting,high,source:fablabs.io;status:unknown;kind:fab_lab;idcode:878
Fablab ISET Sidi Bouzid,35.0289286,9.4563069,Sidi Bouzid Route Gafsa Km 1.5,9100,Sidi Bouzid,TN,http://www.isetsbz.rnu.tn/,https://www.fablabs.io/labs/fablabisetsidibouzid,3d-printing;cnc;electronics;laser;precision-milling,high,source:fablabs.io;status:active;kind:fab_lab;idcode:2244
EL FABSPACE Beb Dzira,36.7938503,10.1781833,10 bis rue de algerie,1000,Tunis,TN,http://www.elfabspace.co,https://www.fablabs.io/labs/elfabspace,3d-printing;cnc;laser;precision-milling,high,source:fablabs.io;status:active;kind:fab_lab;idcode:2247
EL FABSPACE Tunis,36.8156967,10.1787631,106 Avenue de Liberte,1002,Tunis,TN,https://www.facebook.com/elfabspacetn/,https://www.fablabs.io/labs/elfabspacetn,3d-printing;cnc;laser;precision-milling,high,source:fablabs.io;status:active;kind:fab_lab;idcode:2936
EL FabSpace Lac,36.8346908,10.2426448,"Immeuble DRISS, Rue du Lac de Come, les Berges du Lac",1053,Tunis,TN,https://orangedigitalcenters.com/country/tn/home,https://www.fablabs.io/labs/fabspacelac,3d-printing;cnc;electronics;laser,high,source:fablabs.io;status:active;kind:fab_lab;idcode:2337
FabLab ENIT,36.8286328,10.1415187,ENIT BP 37,1002,Tunis,TN,https://www.facebook.com/FabLabENIT,https://www.fablabs.io/labs/fablabenit,3d-printing;cnc;electronics;laser;precision-milling,high,source:fablabs.io;status:active;kind:fab_lab;idcode:503
FabLab Solidaire - Jeunes Science de Tunisie,36.8310562,10.187772,69 Avenue Alain Savary,1003,Tunis,TN,http://fablab.jeunesscience.tn/,https://www.fablabs.io/labs/solidaire,3d-printing;cnc;electronics;laser;precision-milling;vinyl-cutting,high,source:fablabs.io;status:active;kind:fab_lab;idcode:982
Atolye Ankara,39.9680821,32.8383388,Kanuni Mesleki ve Teknik Anadolu Lisesi,,Ankara,TR,https://atolyeankara.com,https://www.fablabs.io/labs/atolyeankara,3d-printing;cnc;electronics;laser,high,source:fablabs.io;status:active;kind:fab_lab;idcode:2380
Dijital Cag Atolyesi,39.92125,32.79901,"Bestepe Mahallesi, Sogutozu Caddesi TOBB Ekonomi ve Teknoloji Universitesi, No:43",06510,Ankara,TR,https://dijitalcagatolyesi.com/,https://www.fablabs.io/labs/dijitalcagatolyesi,3d-printing,high,source:fablabs.io;status:active;kind:mini_fab_lab;idcode:2274
Bilgem Koleji FabLab,38.6227466,39.0703727,Hilalkent Mah. Baskil Cad. No:88 Merkez / Elazg,23350,Elazg,TR,,https://www.fablabs.io/labs/bilgemkolejifablab,3d-printing;electronics;laser;vinyl-cutting,medium,source:fablabs.io;status:planned;kind:mini_fab_lab;idcode:3135
fabutopia,41.03970882259504,28.67307638357545,"AHMET ARIF Caddesi No: 27A, Sokak No:1140",34517,Esenyurt,TR,http://www.revotronixlabs.tech ,https://www.fablabs.io/labs/fabutopia,3d-printing;cnc;electronics;precision-milling;vinyl-cutting,high,source:fablabs.io;status:active;kind:fab_lab;idcode:1670
Anadolu FabLab,39.7915941,30.50024699999994,Anadolu Universitesi,26210,Eskisehir,TR,https://www.anadolu.edu.tr,https://www.fablabs.io/labs/anadolufablab,3d-printing;cnc;laser;precision-milling;vinyl-cutting,high,source:fablabs.io;status:active;kind:fab_lab;idcode:1583
Atolye 4x4,41.0316601,29.1715093,Merkez Mahallesi Kuscu Sokak No.5a Cekmekoy,34782,Istanbul,TR,http://atolye4x4.com/,https://www.fablabs.io/labs/atolye4x4,3d-printing;cnc;electronics;precision-milling,high,source:fablabs.io;status:active;kind:fab_lab;idcode:1895
Collaboration Space,40.88969830786889,29.37715438518065,Orta Mahallesi Universite Cd. No:27 34956 Sabanc Universitesi Bilgi Merkezi,34956,Istanbul,TR,http://cospace.sabanciuniv.edu,https://www.fablabs.io/labs/cospace,3d-printing;cnc;electronics;laser;precision-milling;vinyl-cutting,high,source:fablabs.io;status:active;kind:fab_lab;idcode:1693
Fablab Istanbul,41.025706,28.95880799999998,Kadir Has Caddesi Cibali / ISTANBUL,34083,Istanbul,TR,http://fablabist.com/,https://www.fablabs.io/labs/fablabist,3d-printing;cnc;laser;precision-milling,high,source:fablabs.io;status:active;kind:fab_lab;idcode:295
IdeaLab Hisar School,41.1754296,28.8927454,"Gokturk Merkez, Istanbul Cd. No:3, 34077 Eyupsultan/Istanbul",34075,Istanbul,TR,http://event.hisarcs.com,https://www.fablabs.io/labs/idealabhisar,3d-printing;cnc;electronics;laser;vinyl-cutting,high,source:fablabs.io;status:active;kind:fab_lab;idcode:2293
Inno FabLab,41.1641803,28.7696858,,,Istanbul,TR,http://innocampus.org,https://www.fablabs.io/labs/innofablab,3d-printing;cnc;laser;precision-milling,medium,source:fablabs.io;status:corona;kind:mobile;idcode:421
Isk Fab Lab,41.1687526,29.56080470000006,Isk Universitesi Sile Kampusu,34980,Istanbul,TR,http://www.isikfab.com,https://www.fablabs.io/labs/isikfab,3d-printing;electronics;laser;vinyl-cutting,high,source:fablabs.io;status:unknown;kind:fab_lab;idcode:1224
Maker Atolye,41.084975,29.00690699999996,"Buyukdere Cd. Behcet Sk. Buyukdere Is Merkezi, 5.Kat 4.Levent, Istanbul",34330,Istanbul,TR,https://www.makeratolye.com,https://www.fablabs.io/labs/makeratolye,3d-printing;electronics,high,source:fablabs.io;status:active;kind:fab_lab;idcode:1406
Openfab OzU,41.0323757,29.2587957,"Ozyegin Universitesi, Nisantepe Mah., Orman Sok., 34794",34415,Istanbul,TR,http://openfab.ozyegin.edu.tr,https://www.fablabs.io/labs/openfabistanbul,3d-printing;cnc;electronics;laser;precision-milling,high,source:fablabs.io;status:active;kind:fab_lab;idcode:1158
Uskudar FabLab,40.9990789,29.0668366,"Unalan, Unalan Cd. No:11, 34700 Uskudar/Istanbul",34700,Istanbul,TR,https://gelecekuskudar.com/fablab/,https://www.fablabs.io/labs/USKUDAR,3d-printing;cnc;vinyl-cutting,high,source:fablabs.io;status:active;kind:fab_lab;idcode:2707
FABLAB IZTECH,38.3252922,26.630165,IYTE Endustriyel Tasarm Bolumu D Blok,,Izmir,TR,http://fablab.iyte.edu.tr,https://www.fablabs.io/labs/fablabiztech,3d-printing;cnc;laser,high,source:fablabs.io;status:active;kind:fab_lab;idcode:2403
FabLab Odemis,38.2195989,27.96924250000006,Odemis Sanayi Sitesi Sosyal Tesisler Binasi Endustri Caddesi No:6 / Odemis,35750,Izmir,TR,http://fablab-odemis.com,https://www.fablabs.io/labs/fablabodemis,3d-printing;cnc;electronics;laser,high,source:fablabs.io;status:active;kind:fab_lab;idcode:728
FabrikaLab Izmir,38.44025,27.151735,Izmir Buyuksehir Belediyesi,35000,Izmir,TR,,https://www.fablabs.io/labs/fablabizmir,3d-printing;cnc;electronics;laser;precision-milling;vinyl-cutting,high,source:fablabs.io;status:active;kind:fab_lab;idcode:1762
Atolye Atolye,40.76366590000001,29.9165888,Kozluk mah. inonu Cad. No:2B,41100,Kocaeli,TR,https://www.atolyeatolye.com/,https://www.fablabs.io/labs/atolyeatolye,3d-printing;electronics,high,source:fablabs.io;status:active;kind:mini_fab_lab;idcode:2458
Creative Design Lab,10.6140864,-61.32774449999999,National Science Centre Corner Churchill Roosevelt Highway and Old Piarco Road,00000,D'Abadie,TT,http://niherst.gov.tt,https://www.fablabs.io/labs/creativedesignlab,3d-printing;laser;vinyl-cutting,high,source:fablabs.io;status:active;kind:fab_lab;idcode:600
Fablab NTUT,25.04218117279971,121.5378030248842,,106,,TW,https://www.facebook.com/%E5%89%B5%E6%96%B0%E8%87%AA%E9%80%A0%E5%9F%BA%E5%9C%B0-%E5%8C%97%E7%A7%91%E5%A4%A7%E9%BB%9E%E5%AD%90%E5%B7%A5%E5%A0%B4%E8%87%AA%E9%80%A0%E5%B7%A5%E5%9D%8A-1667645730152967/,https://www.fablabs.io/labs/fablabntut,3d-printing;cnc;electronics;laser;precision-milling;vinyl-cutting,medium,source:fablabs.io;status:unknown;kind:fab_lab;idcode:1035
FabLab MDHS,24.1069631,120.6356496,"No.497, Sec. 1, Zhongshan Rd., Wuri Dist., Taichung City 414, Taiwan (R.O.C.)",414,-,TW,http://fablab.mingdao.edu.tw/,https://www.fablabs.io/labs/fablabmdhs,3d-printing;cnc;electronics;laser;precision-milling;vinyl-cutting,high,source:fablabs.io;status:unknown;kind:fab_lab;idcode:1143
Fablab TAF,25.0394064,121.5398693,55,106,-,TW,https://www.facebook.com/%E5%89%B5%E6%96%B0%E8%87%AA%E9%80%A0%E5%9F%BA%E5%9C%B0-%E5%8C%97%E7%A7%91%E5%A4%A7%E9%BB%9E%E5%AD%90%E5%B7%A5%E5%A0%B4%E8%87%AA%E9%80%A0%E5%B7%A5%E5%9D%8A-1667645730152967/,https://www.fablabs.io/labs/fablabTAF,3d-printing;cnc;electronics;laser;precision-milling;vinyl-cutting,high,source:fablabs.io;status:unknown;kind:fab_lab;idcode:1034
Fab Lab FBI,24.7963498,120.9950069,"No. 101, Section 2, Kuang-Fu Road",30013,Hsinchu,TW,https://techart.nthu.edu.tw,https://www.fablabs.io/labs/fablabfbi,3d-printing;cnc;electronics;laser,high,source:fablabs.io;status:active;kind:fab_lab;idcode:405
First Tech Innovation Lab,22.75575007879938,120.3350832703613,,824,Kaohsiung,TW,http://www.filab.nkfust.edu.tw/bin/home.php,https://www.fablabs.io/labs/filab,3d-printing;cnc;electronics;laser;vinyl-cutting,medium,source:fablabs.io;status:unknown;kind:fab_lab;idcode:1104
Maker Lab,22.6598566,120.3033189,"B1F., No.202, Boai 2nd Rd., Zuoying Dist., Kaohsiung City 813, Taiwan 202B1F",813,Kaohsiung,TW,http://www.facebook.com/groups/MakersAttic/,https://www.fablabs.io/labs/makerlab,3d-printing;cnc;electronics;laser;precision-milling,high,source:fablabs.io;status:active;kind:fab_lab;idcode:1140
Fablab STMC,23.1306363,120.2909583000001,"No.32, Datong Rd. Sinying Dist.",73048,Tainan City,TW,http://southmaker.wda.gov.tw/eng,https://www.fablabs.io/labs/fablabstmc,3d-printing;cnc;electronics;laser;vinyl-cutting,high,source:fablabs.io;status:unknown;kind:fab_lab;idcode:1108
Fablab Tainan,22.9933729,120.2152841,"No. 10-1, Ln. 197, Yule St., East Dist. B2",701,Tainan City,TW,http://www.fablabtainan.org/,https://www.fablabs.io/labs/fablabtainan,3d-printing;cnc;electronics;laser,high,source:fablabs.io;status:active;kind:fab_lab;idcode:214
FabCafe Taipei,25.04416491417614,121.5290641981811,"No. 1, Bade Road Sec. 1, Zhong Zhen District,",100,Taipei,TW,http://taipei.fabcafe.com/,https://www.fablabs.io/labs/fabcafetaipei,3d-printing;laser,high,source:fablabs.io;status:unknown;kind:mini_fab_lab;idcode:414
MakerBar,25.04104891660697,121.5294477349182,"5F., No.9, Sec. 1, Jinshan S. Rd., Zhongzheng Dist",10053,Taipei,TW,http://www.makerbartaipei.com,https://www.fablabs.io/labs/MakerBar,3d-printing;cnc;laser,high,source:fablabs.io;status:unknown;kind:fab_lab;idcode:374
FABLAB NANGANG,25.0540649,121.6057855,"No. 13, Sec. 2, Nangang Rd., Nangang Dist.",115,Taipei City,TW,http://www.popoptaipei.com,https://www.fablabs.io/labs/fablabnangang,3d-printing;cnc;laser,high,source:fablabs.io;status:planned;kind:fab_lab;idcode:2296
Fablab Dynamic,25.105841,121.5220790000001,"180 Fuhua Road, Shilin District",111,Taipei City,TW,http://www.fablabtaiwan.org.tw/,https://www.fablabs.io/labs/fablabdynamic,3d-printing;cnc;electronics;laser;precision-milling;vinyl-cutting,high,source:fablabs.io;status:unknown;kind:fab_lab;idcode:230
Fablab Taipei,25.0704569,121.5204610000001,No.1 Yumen St. Zhongshan Dist.,104,Taipei City,TW,https://www.facebook.com/FablabTaipei,https://www.fablabs.io/labs/fablabtaipei,3d-printing;cnc;electronics;laser;precision-milling;vinyl-cutting,high,source:fablabs.io;status:active;kind:fab_lab;idcode:176
Fablab LHU,25.0175193,121.4028529,"No.300,Sec.1,Wanshou Rd.,Guishan District,Taoyuan City, 33306,Taiwan (R.O.C.)",33306,Taoyuan City,TW,https://www.facebook.com/groups/340988456107488/,https://www.fablabs.io/labs/fablablhu,3d-printing;cnc;laser;precision-milling,high,source:fablabs.io;status:active;kind:mini_fab_lab;idcode:971
Fablab Taoyuan,24.9657356,121.2258797,"No. 390, Huanbei Road",,Taoyuan City,TW,https://www.facebook.com/taoyuanyouthcan/,https://www.fablabs.io/labs/fablabtaoyuan,3d-printing;cnc;electronics;laser;precision-milling;vinyl-cutting,medium,source:fablabs.io;status:unknown;kind:fab_lab;idcode:1079
Tanzania Open Innovation Organisation (TOIO),-5.086574,39.11546329999999,"Tanga Technical Secondary School, Mzingani Tanga CC, Tanga Tanzania",,Tanga,TZ,https://toio.or.tz/,https://www.fablabs.io/labs/toio,3d-printing;cnc;electronics;laser;precision-milling;vinyl-cutting,high,source:fablabs.io;status:active;kind:fab_lab;idcode:2761
FabLab CFUV,44.9579428,34.0916061,Alexandra Nevskogo 29,295051,,UA,http://fablabcfuv.ru,https://www.fablabs.io/labs/FabLabCFU,3d-printing;cnc;electronics,high,source:fablabs.io;status:active;kind:fab_lab;idcode:2013
Hangar159,50.44119995069413,30.43974751786042,", 22",02000,,UA,https://www.facebook.com/hangar159fablab,https://www.fablabs.io/labs/hangar159,3d-printing;cnc;electronics;laser;precision-milling;vinyl-cutting,medium,source:fablabs.io;status:corona;kind:fab_lab;idcode:2243
Garage Hub,49.9761903,36.25473620000002,"41/2, Gagarina Avenue",61000,Kharkiv,UA,https://www.facebook.com/garage.hub.kharkiv/,https://www.fablabs.io/labs/garagehub,3d-printing;cnc;electronics;laser;precision-milling;vinyl-cutting,high,source:fablabs.io;status:active;kind:fab_lab;idcode:1234
Fabricator,50.4698705,30.46210229999997,"Dorohozhytska St, 1",,Kyiv,UA,http://www.fabricator.me,https://www.fablabs.io/labs/fabricator,3d-printing;cnc;electronics;laser;precision-milling;vinyl-cutting,high,source:fablabs.io;status:active;kind:fab_lab;idcode:1064
Ostriv Platform,50.4301863,30.4513123,"Volynska Street, 9/21, Kyiv,",03151,Kyiv,UA,https://ostrivplatform.com/fablab,https://www.fablabs.io/labs/ostrivplatform,3d-printing;cnc;electronics;laser;precision-milling;vinyl-cutting,high,source:fablabs.io;status:active;kind:fab_lab;idcode:2868
Hobotorez,50.35784186290623,30.60819937911034,,02000,Mukachevo,UA,https://hobotorez.com,https://www.fablabs.io/labs/hobotorez,3d-printing;cnc;electronics;laser;precision-milling;vinyl-cutting,high,source:fablabs.io;status:active;kind:mini_fab_lab;idcode:833
.buro,46.45362799999999,30.71864900000003,Kosovskaya 4/11,65014,Odessa,UA,,https://www.fablabs.io/labs/buro,3d-printing;cnc;electronics;laser;precision-milling;vinyl-cutting,high,source:fablabs.io;status:active;kind:fab_lab;idcode:1504
HUB LAB,46.4818075,30.74741130000007,"Hrets'ka St, 1",65014,Odessa,UA,,https://www.fablabs.io/labs/hublabodessa,3d-printing;cnc;electronics;laser;precision-milling;vinyl-cutting,high,source:fablabs.io;status:active;kind:fab_lab;idcode:1560
MiRONAFT,46.45919749999999,30.74496220000003,"Kanatnaya St, 112",65039,Odessa,UA,http://www.robot.onaft.edu.ua,https://www.fablabs.io/labs/mironaft,3d-printing;cnc;laser;vinyl-cutting,high,source:fablabs.io;status:active;kind:fab_lab;idcode:1528
3dinnovationlab,50.892162,34.83972159999996,"Sumy 2, Rimskogo-Korsakova str.",4007,Sumy,UA,http://3d.sumdu.edu.ua/,https://www.fablabs.io/labs/3dinnovationlab,3d-printing;cnc;electronics;laser;vinyl-cutting,high,source:fablabs.io;status:active;kind:mini_fab_lab;idcode:1359
Kvadrat,49.2343549,28.4643093,Teatralna str. 15,21050,Vinnytsia,UA,,https://www.fablabs.io/labs/kvadrat,3d-printing;electronics;laser;vinyl-cutting,high,source:fablabs.io;status:active;kind:mini_fab_lab;idcode:1916
IDEAStudio,29.735901,-95.5741192,,,-,US,https://hccs.edu/ideastudio,https://www.fablabs.io/labs/ideastudio,3d-printing;cnc;electronics;laser;precision-milling;vinyl-cutting,high,source:fablabs.io;status:active;kind:fab_lab;idcode:2351
xyz,39.7560469,-100.712877,,,-,US,,https://www.fablabs.io/labs/123,,low,source:fablabs.io;status:planned;kind:mini_fab_lab;idcode:832
CoA Fab Lab,37.78088150000001,-122.2793039,555 Ralph Appezzato Memorial Pkwy Room D-102,94501,Alameda,US,,https://www.fablabs.io/labs/coafablab,3d-printing;cnc;electronics;laser;vinyl-cutting,high,source:fablabs.io;status:active;kind:fab_lab;idcode:1891
CRAF+T Center for Research in Advanced Fabrication and Technology,35.0810754,-106.6194873,2401 Central Ave NE,87106,Albuquerque,US,,https://www.fablabs.io/labs/CRAFT,3d-printing;cnc;laser;precision-milling,medium,source:fablabs.io;status:planned;kind:fab_lab;idcode:858
FUSE Makerspace,35.0841786,-106.6464532,101 Broadway Blvd NE Suite 3100,87102,Albuquerque,US,https://fusemakerspace.org/,https://www.fablabs.io/labs/fusemakerspace,3d-printing;cnc;electronics;laser;precision-milling;vinyl-cutting,high,source:fablabs.io;status:active;kind:fab_lab;idcode:1699
Fablab ABQ,35.110703,-106.609991,,87107,Albuquerque,US,http://fablababq.com,https://www.fablabs.io/labs/fablababq,,medium,source:fablabs.io;status:unknown;kind:fab_lab;idcode:102
Maker Lab Express,34.5199402,-105.8700901,101 Broadway Blvd NE AFRL Tech Engagement Office,87102,Albuquerque,US,,https://www.fablabs.io/labs/makerlabexpress,3d-printing;cnc;electronics;laser;precision-milling;vinyl-cutting,high,source:fablabs.io;status:active;kind:mobile;idcode:2104
CITC FabLab,61.21084466501448,-149.8106836232788,3600 San Jeronimo Ct,99508,Anchorage,US,,https://www.fablabs.io/labs/citcfablab,3d-printing;cnc;electronics;laser;precision-milling;vinyl-cutting,medium,source:fablabs.io;status:unknown;kind:fab_lab;idcode:457
VW eLab at Apison Elementary,34.998403,-85.057853,10433 East Brainerd Road,37302,Apison,US,https://sites.google.com/hcde.org/apison-stem/home,https://www.fablabs.io/labs/apison,3d-printing;electronics;laser;vinyl-cutting,high,source:fablabs.io;status:active;kind:fab_lab;idcode:3146
Apple Valley Fab Lab,44.742774,-93.23039899999998,14450 Hayes Road,55124,Apple Valley,US,https://avfab.org/,https://www.fablabs.io/labs/applevalleyfablab,3d-printing;cnc;electronics;laser;precision-milling;vinyl-cutting,high,source:fablabs.io;status:unknown;kind:fab_lab;idcode:1073
Valley Middle School of STEM FAB LAB,44.72692,-93.23973840000002,900 Garden View Dr,55124,Apple Valley,US,http://mr.podmers.com,https://www.fablabs.io/labs/vmssfablab,3d-printing;cnc;electronics;laser;vinyl-cutting,high,source:fablabs.io;status:unknown;kind:fab_lab;idcode:1001
Valley Middle School of STEM's FAB LAB,44.7265988,-93.23982189999998,900 Garden View Drive,55124,Apple Valley,US,http://www.mrpodmers.com/fab-lab.html,https://www.fablabs.io/labs/valleymiddleschoolofstemsfablab,3d-printing;cnc;electronics;laser;vinyl-cutting,high,source:fablabs.io;status:unknown;kind:fab_lab;idcode:1101
Fox Valley Technical College,44.2619309,-88.4153847,,54911,Appleton,US,,https://www.fablabs.io/labs/foxvalleytechnicalcollege,,low,source:fablabs.io;status:unknown;kind:fab_lab;idcode:112
UTArlington FabLab,32.7301006,-97.11224219999997,702 Planetarium Pl University of Texas at Arlington Libraries,76019,Arlington,US,http://fablab.uta.edu,https://www.fablabs.io/labs/utafablab,3d-printing;cnc;electronics;laser;vinyl-cutting,high,source:fablabs.io;status:active;kind:fab_lab;idcode:461
Freedom Labs,33.650801,-84.598768,4664 Butner Rd.,30349,Atlanta,US,http://freedomnation.me/blog/portfolio/freedom-labs/,https://www.fablabs.io/labs/freedomlabs,3d-printing;cnc;electronics;precision-milling;vinyl-cutting,high,source:fablabs.io;status:active;kind:fab_lab;idcode:638
Aurora Public Library Fab Lab,41.756124,-88.31731000000002,1 E Benton St,60505,Aurora,US,,https://www.fablabs.io/labs/aurorapubliclibraryfablab,3d-printing;cnc;electronics;laser;vinyl-cutting,medium,source:fablabs.io;status:planned;kind:fab_lab;idcode:661
Cherokee Trail High School,39.5921124,-104.6869048,25901 E Arapahoe Rd,80016,Aurora,US,http://cherokeetrail.cherrycreekschools.org/Departments/engtech/Pages/default.aspx,https://www.fablabs.io/labs/cherokeetrailhighschool,3d-printing;cnc;electronics;laser;precision-milling;vinyl-cutting,high,source:fablabs.io;status:active;kind:fab_lab;idcode:538
bauhaus design lab @ The Magellan International School,30.3740993,-97.781025,7501 N CAPITAL OF TEXAS HWY BLDG C,78731-1734,Austin,US,https://www.magellanschool.org/academics/design-innovation,https://www.fablabs.io/labs/bauhausdesignlab,3d-printing;cnc;electronics;laser;precision-milling;vinyl-cutting,high,source:fablabs.io;status:active;kind:fab_lab;idcode:2835
co.lab Community Makers,30.2775412,-97.670684,5910 Techni Center Dr,78721,Austin,US,http://www.colabcommunitymakers.org/,https://www.fablabs.io/labs/colabcommunitymakers,3d-printing;cnc;laser;precision-milling;vinyl-cutting,high,source:fablabs.io;status:planned;kind:fab_lab;idcode:1794
CSUB FabLab,35.34804946807684,-119.1046733837448,9001 Stockdale Highway,93311,Bakersfield,US,https://www.csub.edu/nsme/csu-bakersfield-fab-lab.shtml,https://www.fablabs.io/labs/csubfablab,3d-printing;cnc;electronics;laser;precision-milling;vinyl-cutting,high,source:fablabs.io;status:active;kind:fab_lab;idcode:2977
"California State University, Bakersfield",35.3732783,-119.0176282,9001 Stockdale Highway,93311,Bakersfield,US,,https://www.fablabs.io/labs/CSUB,3d-printing;cnc;electronics;laser;precision-milling;vinyl-cutting,high,source:fablabs.io;status:active;kind:fab_lab;idcode:612
Base 11 Rocketry Lab at Morgan State University,39.3462178,-76.583683,1700 East Cold Spring Lane,21251,Baltimore,US,https://www.morgan.edu/rocketry-program,https://www.fablabs.io/labs/base11rocketrylabatmorganstateuniversity,,medium,source:fablabs.io;status:planned;kind:fab_lab;idcode:3090
Open Works,39.2903848,-76.61218930000001,Baltimore,,Baltimore,US,,https://www.fablabs.io/labs/openworks,,low,source:fablabs.io;status:planned;kind:fab_lab;idcode:717
The Community College of Baltimore County,39.2903894,-76.61218839999998,800 S. Rolling Road HTEC145,21218,Baltimore,US,http://www.fablabbaltimore.org,https://www.fablabs.io/labs/thecommunitycollegeofbaltimorecounty,3d-printing;cnc;laser;vinyl-cutting,high,source:fablabs.io;status:unknown;kind:fab_lab;idcode:92
Bellingham High School Tech Lab,48.7565231,-122.4734244,2020 Cornwall Ave,98225,Bellingham,US,https://sites.google.com/site/clementbhs/,https://www.fablabs.io/labs/bellinghamhighschooltechlab,3d-printing;cnc;laser;precision-milling;vinyl-cutting,high,source:fablabs.io;status:unknown;kind:fab_lab;idcode:705
Bellingham Makerspace,48.78516682104316,-122.4912963603272,1 Bellis Fair Parkway #618,98226,Bellingham,US,https://www.facebook.com/bellinghammakers/,https://www.fablabs.io/labs/bellinghammakerspace,3d-printing;cnc;laser;vinyl-cutting,high,source:fablabs.io;status:active;kind:fab_lab;idcode:676
Lake Michigan College (Benton Harbor),42.1167065,-86.4541894,,49022,Benton Harbor,US,http://www.lakemichigancollege.edu,https://www.fablabs.io/labs/lakemichigancollegebentonharbor,,medium,source:fablabs.io;status:planned;kind:fab_lab;idcode:136
Berea Makerspace,37.5713935,-84.3179825,116 spring circle drive suite 3,40403,Berea,US,http://www.bereamakerspace.org,https://www.fablabs.io/labs/BereaMakerspace,3d-printing;cnc;laser;vinyl-cutting,high,source:fablabs.io;status:active;kind:fab_lab;idcode:2776
WREN Works Maker Studio,44.4690369,-71.18181270000002,117 Main St,03570,Berlin,US,http://www.wrenworks.org,https://www.fablabs.io/labs/wrenworksmakerstudio,3d-printing;cnc;electronics;laser;precision-milling;vinyl-cutting,high,source:fablabs.io;status:unknown;kind:mini_fab_lab;idcode:664
NCC Fab Lab,40.612492,-75.37152900000001,511 East Third Street 3rd Floor,18015,Bethlehem,US,http://www.northampton.edu/personal-enrichment/the-fab-lab.htm,https://www.fablabs.io/labs/nccfablab,3d-printing;cnc;electronics;laser;precision-milling,high,source:fablabs.io;status:unknown;kind:fab_lab;idcode:279
Maine FabLab,43.4930496,-70.45489329999998,163 Main St,04005,Biddeford,US,http://www.mainefablab.org,https://www.fablabs.io/labs/mainefablab,3d-printing;cnc;vinyl-cutting,high,source:fablabs.io;status:active;kind:mini_fab_lab;idcode:293
TDG Fab Lab,43.48039,-70.48429010000001,6 Pomerleau St Front Building,04005,Biddeford,US,http://www.triangledesigngroup.com,https://www.fablabs.io/labs/tdgfablab,3d-printing;cnc;laser;vinyl-cutting,high,source:fablabs.io;status:active;kind:fab_lab;idcode:2146
Idea Center,44.414774,-68.59238069999999,Blue Hill Consolidated School 60 High Street,04614,Blue Hill,US,https://idea.bhcs.org/,https://www.fablabs.io/labs/idea,3d-printing;cnc;electronics;laser;precision-milling;vinyl-cutting,high,source:fablabs.io;status:active;kind:fab_lab;idcode:798
FAU College of Engineering and Computer Science Fab Lab,26.3738125,-80.10193749999999,777 Glades Rd EE96-101,33431,Boca Raton,US,http://www.fau.edu/engineering/fablab,https://www.fablabs.io/labs/faucoecsfl,3d-printing;cnc;electronics;laser;precision-milling;vinyl-cutting,high,source:fablabs.io;status:active;kind:fab_lab;idcode:2494
Boundary County Library Fab Lab,48.69629800000001,-116.310507,6370 Kootenai St,83805,Bonners Ferry,US,http://www.boundarycountylibrary.com/,https://www.fablabs.io/labs/bclfablab,3d-printing;cnc;electronics;laser;precision-milling;vinyl-cutting,high,source:fablabs.io;status:unknown;kind:fab_lab;idcode:1190
EHS Studio Fab,42.3063999,-71.10879999999997,144 McBride St,02130,Boston,US,https://sites.google.com/a/englishhs.org/studio-312-online/,https://www.fablabs.io/labs/ehsstudiofab,3d-printing;laser;vinyl-cutting,high,source:fablabs.io;status:unknown;kind:mini_fab_lab;idcode:578
FABLabs For America Inc.,42.31207330000001,-71.0724181,70 Esmond St,02121,Boston,US,http://www.fablabsforamerica.org,https://www.fablabs.io/labs/fablabsforamerica,,medium,source:fablabs.io;status:planned;kind:fab_lab;idcode:344
Fab Lab Boston @ South End Technology Center,42.3456599,-71.0758048,359 Columbus Ave,02116,Boston,US,http://www.southendtechcenter.org,https://www.fablabs.io/labs/southendtechnologycenter,3d-printing;electronics;laser;precision-milling;vinyl-cutting,high,source:fablabs.io;status:active;kind:fab_lab;idcode:93
Lena Park Fab Lab,42.2949034,-71.0922104,150 American Legion Hwy,02124,Boston,US,http://lenaparkcdc.org/fablab,https://www.fablabs.io/labs/lenaparkfablab,3d-printing;electronics;laser;precision-milling;vinyl-cutting,high,source:fablabs.io;status:active;kind:fab_lab;idcode:1411
McKinley South End Academy Fab Lab,42.3446625,-71.07309529999998,90 Warren Avenue,02116,Boston,US,http://www.bostonpublicschools.org/school/mckinley-south-end-academy,https://www.fablabs.io/labs/mckinleysouthendacademyfablab,3d-printing;laser;vinyl-cutting,high,source:fablabs.io;status:unknown;kind:fab_lab;idcode:447
Melvin H. King Fab Lab,42.3320631,-71.09084519999999,75 Malcolm X Boulevard,02120,Boston,US,http://madisonparkhs.org,https://www.fablabs.io/labs/melvinhkingfablab,3d-printing;laser;vinyl-cutting,high,source:fablabs.io;status:unknown;kind:fab_lab;idcode:795
The Technology Innovation and Entrepreneurship Project,42.3250978,-71.0953294,,02119,Boston,US,http://www.thetieproject.org,https://www.fablabs.io/labs/thetechnologyinnovationandentrepreneurshipproject,,medium,source:fablabs.io;status:planned;kind:fab_lab;idcode:135
BiG Fab Lab,41.3981191,-83.6466775,"1234 N Main St Woodland Mall, Suite D",43402,Bowling Green,US,http://www.bigfablab.net,https://www.fablabs.io/labs/bigfablab,3d-printing;cnc;electronics;laser;precision-milling;vinyl-cutting,high,source:fablabs.io;status:unknown;kind:fab_lab;idcode:931
Bronx Innovation Factory,40.8614761,-73.90034320000001,2431 Morris Ave,10468,Bronx,US,http://bronxinnovation.org,https://www.fablabs.io/labs/bronxinnovationfactory,3d-printing;cnc;electronics;laser;precision-milling,high,source:fablabs.io;status:active;kind:fab_lab;idcode:1790
Sustainable South Bronx,40.85,-73.866667,,10462,Bronx,US,http://www.ssbx.org/index.php?link=35,https://www.fablabs.io/labs/sustainablesouthbronx,,medium,source:fablabs.io;status:unknown;kind:fab_lab;idcode:105
BC3 FAB LAB BUTLER,40.826437,-79.91164400000002,Butler County Community College PO Box 1203,16003,Butler,US,http://guitarbuilding.org ,https://www.fablabs.io/labs/bc3fablabbutler,3d-printing;cnc;electronics;laser;precision-milling;vinyl-cutting,high,source:fablabs.io;status:unknown;kind:fab_lab;idcode:704
MIT Center for Bits and Atoms- Closed to the Public,42.36043,-71.0881367,"20 Ames St, E15-401",02142,Cambridge,US,http://fab.cba.mit.edu,https://www.fablabs.io/labs/cba,3d-printing;cnc;electronics;laser;precision-milling;vinyl-cutting,high,source:fablabs.io;status:unknown;kind:fab_lab;idcode:229
The Hive,42.37387620000001,-71.1102788,Cambridge Public Library 449 Broadway,02138,Cambridge,US,https://www.cambridgema.gov/Departments/cambridgepubliclibrary/steaminitiative/Hive,https://www.fablabs.io/labs/thehive,3d-printing;cnc;electronics;laser;precision-milling;vinyl-cutting,high,source:fablabs.io;status:active;kind:fab_lab;idcode:2128
LEAP Academy Fabrication Lab,39.9460794,-75.11830459999999,Dr. Gloria Bonilla-Santiago Building 130 N Broadway St.,08102,Camden,US,http://www.leapacademycharter.org/LEAPfablab.html,https://www.fablabs.io/labs/leapfablab,3d-printing;cnc;electronics;laser;precision-milling,high,source:fablabs.io;status:active;kind:fab_lab;idcode:1431
California State University Dominguez Hills,33.86627790000001,-118.2545581,1000 E Victoria St,90747,Carson,US,,https://www.fablabs.io/labs/californiastateuniversitydominguezhills,3d-printing;cnc;electronics;laser;precision-milling;vinyl-cutting,medium,source:fablabs.io;status:unknown;kind:fab_lab;idcode:1354
Fab Lab Baltimore,39.2564574,-76.73028069999998,Building H Room 145 800 S Rolling Rd,21228,Catonsville,US,http://www.fablabbaltimore.org/,https://www.fablabs.io/labs/fablabbaltimore,3d-printing;cnc;electronics;laser;precision-milling;vinyl-cutting,high,source:fablabs.io;status:unknown;kind:fab_lab;idcode:336
CCIC FabLab,39.570194,-104.815654,8000 S. Chambers Road,80112,Centennial,US,https://www.cherrycreekschools.org/ccic ,https://www.fablabs.io/labs/CCICFabLab,3d-printing;cnc;electronics;laser;precision-milling;vinyl-cutting,high,source:fablabs.io;status:active;kind:fab_lab;idcode:2086
Central Piedmont Fab Lab,35.2149692,-80.8298788,1105 Charlottetowne Ave,28204,Charlotte,US,,https://www.fablabs.io/labs/centralpiedmont,3d-printing;cnc;electronics;laser;precision-milling;vinyl-cutting,medium,source:fablabs.io;status:planned;kind:fab_lab;idcode:2450
Charlotte Latin Fab Lab,35.07983230000001,-80.77490549999999,"9502 Providence Rd Science, Art and Technology Building",28277,Charlotte,US,https://www.charlottelatin.org/academics/steam,https://www.fablabs.io/labs/fablabcharlottelatin,3d-printing;cnc;electronics;laser;precision-milling;vinyl-cutting,high,source:fablabs.io;status:active;kind:fab_lab;idcode:841
Charlotte Super Fab Lab,35.305966,-80.730937,9214 Library Ln,28223,Charlotte,US,,https://www.fablabs.io/labs/charlottesuperfablab,3d-printing;cnc;electronics;laser;precision-milling;vinyl-cutting,high,source:fablabs.io;status:active;kind:fab_lab;idcode:2952
Fab Ed Carolina,35.216885,-80.82813379999999,301D Advanced Technology Center Charlottetowne Ave.,28277,Charlotte,US,,https://www.fablabs.io/labs/fabedcarolina,3d-printing;cnc;electronics;laser;precision-milling;vinyl-cutting,medium,source:fablabs.io;status:unknown;kind:fab_lab;idcode:481
FabLab NoDa,35.25079030000001,-80.8084075,Studio i,28206,Charlotte,US,,https://www.fablabs.io/labs/fablabnoda,3d-printing;cnc;electronics;vinyl-cutting,high,source:fablabs.io;status:active;kind:fab_lab;idcode:3104
UNC Charlotte CCI Makerspace,35.3071127,-80.7357372,8812 Craver Rd,28262,Charlotte,US,https://sites.google.com/uncc.edu/makerspace/home,https://www.fablabs.io/labs/unccharlotteccimakerspace,3d-printing;cnc;electronics;laser;precision-milling;vinyl-cutting,high,source:fablabs.io;status:active;kind:fab_lab;idcode:2953
Hexlab Makerspace,34.2413792,-118.6014558,9410 Owensmouth Ave,91311,Chatsworth,US,,https://www.fablabs.io/labs/hexlabmakerspace,3d-printing;cnc;electronics;laser;precision-milling;vinyl-cutting,medium,source:fablabs.io;status:unknown;kind:fab_lab;idcode:1532
Battle Academy VW eLab,35.0357337,-85.3079612,1601 Market Street,37408,Chattanooga,US,https://www.vwelab.org/vw-elab-school-profiles-1/battle-academy,https://www.fablabs.io/labs/battleacademyvwelab,3d-printing;electronics;laser;vinyl-cutting,high,source:fablabs.io;status:active;kind:fab_lab;idcode:3131
CSAS VW eLab,35.05041670000001,-85.29479700000002,865 E 3rd St,37403,Chattanooga,US,http://csassteamhub.weebly.com,https://www.fablabs.io/labs/csasvwelab,3d-printing;cnc;electronics;laser;vinyl-cutting,high,source:fablabs.io;status:active;kind:fab_lab;idcode:1875
Fab Lab STEM Chattanooga,35.1009725,-85.24332059999999,"4501 Amnicola Hwy STEM School Chattanooga, CETAS Building",37406,Chattanooga,US,http://www.stemschoolchattanooga.net,https://www.fablabs.io/labs/fablabstemchattanooga,3d-printing;cnc;electronics;laser;vinyl-cutting,high,source:fablabs.io;status:active;kind:fab_lab;idcode:761
Global Center for Digital Innovation,35.1001291,-85.2373215,"4501 Amnicola Hwy McCormick Center for Engineering, Technology, Arts and Sciences",37406,Chattanooga,US,https://fablabgcdi.wordpress.com/,https://www.fablabs.io/labs/GCDI,3d-printing;cnc;electronics;laser;vinyl-cutting,high,source:fablabs.io;status:active;kind:fab_lab;idcode:2739
HCA Invention Collaboratory,35.0261,-85.30982499999999,100 E 25th St,37408,Chattanooga,US,,https://www.fablabs.io/labs/hcainventioncollaboratory,3d-printing;cnc;electronics;laser;vinyl-cutting,high,source:fablabs.io;status:active;kind:fab_lab;idcode:2110
Hixson Middle School Volkswagen eLab,35.15281160000001,-85.2236408,5681 Old Hixson Pike,37343,Chattanooga,US,http://www.hms.hcde.org,https://www.fablabs.io/labs/hixsonmiddleschoolvolkswagenelab,3d-printing;cnc;electronics;laser;vinyl-cutting,high,source:fablabs.io;status:active;kind:fab_lab;idcode:1880
Howard Connect Academy Invention Collaboratory,35.02653928601116,-85.30913835449218,100 E 25th St,37408,Chattanooga,US,https://hca.hcde.org,https://www.fablabs.io/labs/howardconnectacademyinventioncollaboratory,3d-printing;cnc;electronics;laser;vinyl-cutting,high,source:fablabs.io;status:active;kind:fab_lab;idcode:2161
NPMM VWeLab,35.0769131,-85.301405,1219 W Mississippi Ave,37405,Chattanooga,US,,https://www.fablabs.io/labs/npmmvwelab,3d-printing;cnc;electronics;laser;vinyl-cutting,high,source:fablabs.io;status:active;kind:fab_lab;idcode:2057
Normal Park Museum Magnet Lower School VW eLab,35.0687302,-85.2945017,1009 Mississippi Avenue,37405,Chattanooga,US,,https://www.fablabs.io/labs/normalparklowerschoolvwelab,3d-printing;laser;vinyl-cutting,high,source:fablabs.io;status:active;kind:fab_lab;idcode:3142
Orchard Knob Middle School,35.0442084,-85.27636989999996,500 N Highland Park Ave,37404,Chattanooga,US,,https://www.fablabs.io/labs/orchardknobmiddleschool,3d-printing;electronics;laser;vinyl-cutting,high,source:fablabs.io;status:active;kind:fab_lab;idcode:2063
Red Bank Elementary eLab,35.1106721,-85.32160329999999,1100 Mountain Creek,37405,Chattanooga,US,https://sites.google.com/hcde.org/rbeelab/whats-an-elab,https://www.fablabs.io/labs/redbankelementary,3d-printing;cnc;electronics;laser;vinyl-cutting,high,source:fablabs.io;status:active;kind:fab_lab;idcode:3040
VW eLab at Brainerd High School,35.0282094,-85.21846219999998,1020 N Moore Rd,37411,Chattanooga,US,,https://www.fablabs.io/labs/vwelabBrainerd,3d-printing;cnc;laser;vinyl-cutting,high,source:fablabs.io;status:active;kind:fab_lab;idcode:2033
VW eLab at Chattanooga High Center for Creative Arts,35.079255,-85.304213,1301 Dallas Road,37405,Chattanooga,US,http://twitter.com/ccavwelab,https://www.fablabs.io/labs/ccavwelab,3d-printing;cnc;electronics;laser;vinyl-cutting,high,source:fablabs.io;status:active;kind:fab_lab;idcode:1887
VW eLab at Dalewood Middle School,35.04023173826469,-85.2218588650818,1300 Shallowford Rd,37405,Chattanooga,US,http://www.DalewoodDevelopers.com,https://www.fablabs.io/labs/dalewoodvewlab,3d-printing;cnc;electronics;laser;vinyl-cutting,high,source:fablabs.io;status:active;kind:fab_lab;idcode:1907
VW eLab at Red Bank,35.1222129,-85.3057402,640 Morrison Springs Rd,37415,Chattanooga,US,https://sites.google.com/hcde.org/dobetterworkbook/rbhs-vw-elab,https://www.fablabs.io/labs/vwelabatredbank,3d-printing;cnc;laser;vinyl-cutting,high,source:fablabs.io;status:active;kind:fab_lab;idcode:1858
VW eLab at Tyner Middle/High Academy,35.061547,-85.15728829999999,6836 Tyner Rd,37421,Chattanooga,US,https://sites.google.com/hcde.org/tyner-vw-elab/home,https://www.fablabs.io/labs/vwelabattynermiddlehighacademy,3d-printing;cnc;electronics;laser;vinyl-cutting,high,source:fablabs.io;status:active;kind:fab_lab;idcode:3122
VWeLab @ The Howard School,35.0253422,-85.3094689,2500 Market St.,37408,Chattanooga,US,,https://www.fablabs.io/labs/vwelabthehowardschool,3d-printing;cnc;electronics;laser;vinyl-cutting,high,source:fablabs.io;status:active;kind:fab_lab;idcode:2085
Hawken Fab Lab,41.5273415,-81.38642349999998,12465 County Line Rd,44040,Chesterland,US,http://fablab.hawken.edu/,https://www.fablabs.io/labs/hawkenfablab,3d-printing;cnc;electronics;laser;precision-milling;vinyl-cutting,high,source:fablabs.io;status:active;kind:mini_fab_lab;idcode:2088
Marie Curie High School Fab Lab,41.8022402,-87.72170699999998,4959 S Archer Avenue Room 150,60632,Chicago,US,,https://www.fablabs.io/labs/mariecuriefablab,3d-printing;laser;vinyl-cutting,high,source:fablabs.io;status:active;kind:mini_fab_lab;idcode:2122
Museum of Science and Industry Chicago Wanger Family Fab Lab,41.79046312980421,-87.58328869568174,5700 S. Lake Shore Drive,60637-2093,Chicago,US,http://www.msichicago.org/whats-here/fab-lab/,https://www.fablabs.io/labs/museumofscienceandindustry,3d-printing;cnc;electronics;laser;precision-milling;vinyl-cutting,high,source:fablabs.io;status:active;kind:fab_lab;idcode:89
The Chase Innovation Lab,41.9181631,-87.6943465,2021 North Point St Rm. A209,60647,Chicago,US,,https://www.fablabs.io/labs/chaseinnovationlab,3d-printing;cnc;electronics;vinyl-cutting,medium,source:fablabs.io;status:planned;kind:fab_lab;idcode:2363
The Manufactory,39.2957729,-84.42917699999998,12055 Mosteller Rd,45241,Cincinnati,US,http://themanufactory.us,https://www.fablabs.io/labs/themanufactory,3d-printing;cnc;electronics;laser;precision-milling;vinyl-cutting,high,source:fablabs.io;status:active;kind:fab_lab;idcode:2148
Miami Valley Career Technology Center Fab Lab,39.8457759,-84.32890279999998,6800 Hoke Rd,45315,Clayton,US,,https://www.fablabs.io/labs/fablabmiamivalleycareertechnologycenter,3d-printing;cnc;laser;vinyl-cutting,medium,source:fablabs.io;status:unknown;kind:fab_lab;idcode:740
Clearwater's Fabrication Lab at Saint Paul's School,27.9323733,-82.75688049999997,1600 St Pauls Dr,33764,Clearwater,US,https://www.clearwatersindependentschool.org/,https://www.fablabs.io/labs/saintpaulsfablab,3d-printing;cnc;electronics;laser;precision-milling;vinyl-cutting,high,source:fablabs.io;status:active;kind:fab_lab;idcode:1366
ACE Lab,32.34654719999999,-97.42411500000003,850 North Nolan River Road,76033,Cleburne,US,http://On the CISD website: http://chs.cleburne.k12.tx.us/apps/pages/index.jsp?uREC_ID=213983&type=d&pREC_ID=1407655,https://www.fablabs.io/labs/acelab,3d-printing;cnc;electronics;laser;precision-milling;vinyl-cutting,high,source:fablabs.io;status:active;kind:fab_lab;idcode:1703
CMSD Fab Lab,41.5182495,-81.6324198,1349 East 79th St. Room 204,44103,Cleveland,US,http://cmsdfablab.org,https://www.fablabs.io/labs/cmsdfablab,3d-printing;laser;vinyl-cutting,high,source:fablabs.io;status:planned;kind:fab_lab;idcode:2896
Ideation Station,41.4927583,-81.67182020000001,2415 Woodland Ave,44115,Cleveland,US,http://www.tri-c.edu/workforce/ideation-station.html,https://www.fablabs.io/labs/ideationstation,3d-printing;cnc;laser;precision-milling;vinyl-cutting,high,source:fablabs.io;status:active;kind:fab_lab;idcode:1062
Intermediate Unit 1 Mobile Fab Lab,40.0535247,-79.91756959999998,1 Intermediate Unit Dr,15423,Coal Center,US,https://www.iu1.org/fablab,https://www.fablabs.io/labs/intermediateunit1mobilefablab,3d-printing;cnc;electronics;laser;precision-milling;vinyl-cutting,high,source:fablabs.io;status:active;kind:mobile;idcode:1549
ColumbusMakesIT FabLab,32.4599201580564,-84.99452566997525,710 Front Ave Suite B,31901,Columbus,US,http://ColumbusMakesIT.com,https://www.fablabs.io/labs/cmifablab,3d-printing;cnc;electronics;laser;precision-milling;vinyl-cutting,high,source:fablabs.io;status:active;kind:fab_lab;idcode:1623
Linden-McKinley STEM High School,39.9611755,-82.9987942,,43215,Columbus,US,http://www.columbus.k12.oh.us,https://www.fablabs.io/labs/lindenmckinleystemhighschool,,medium,source:fablabs.io;status:planned;kind:fab_lab;idcode:138
PAST Innovation FabLab,39.9971533,-83.0360082,1003 Kinnear RD,43212,Columbus,US,https://www.pastfoundation.org/fab-lab/,https://www.fablabs.io/labs/pastinnovationfablab,3d-printing;cnc;electronics;laser;precision-milling;vinyl-cutting,high,source:fablabs.io;status:active;kind:fab_lab;idcode:2841
Marin Country Day School - Makers' Lab,37.919935,-122.49091,5221 Paradise Drive,94925,Corte Madera,US,http://www.mcds.org,https://www.fablabs.io/labs/marincountrydayschoolmakerslab,3d-printing;cnc;electronics;laser;precision-milling;vinyl-cutting,high,source:fablabs.io;status:active;kind:mini_fab_lab;idcode:713
Urban Workshop,33.6664939,-117.8786685,365 Clinton Street Suite A,92626,Costa Mesa,US,https://urbanworkshop.net,https://www.fablabs.io/labs/urbanworkshop,3d-printing;cnc;electronics;laser;precision-milling;vinyl-cutting,high,source:fablabs.io;status:active;kind:fab_lab;idcode:2205
Crookston NW MN FAB Lab,47.79053039999999,-96.60238820000001,402 Fisher Ave,56716,Crookston,US,,https://www.fablabs.io/labs/crookstonnwmnfablab,3d-printing;cnc;laser;vinyl-cutting,medium,source:fablabs.io;status:unknown;kind:fab_lab;idcode:907
IdeaWorks MCC Fab Lab,42.2594163,-88.3675327,McHenry County College 8900 US Hwy 14,60012,Crystal Lake,US,https://www.mchenry.edu/msi/,https://www.fablabs.io/labs/ideaworksmccfablab,3d-printing;cnc;laser;vinyl-cutting,high,source:fablabs.io;status:active;kind:fab_lab;idcode:3061
Putnam Museum Hubbell-Waterman Fab Lab,41.524061,-90.577763,Putnam Museum 1717 W. 12th Street,52804,Davenport,US,http://www.putnam.org/Exhibits/Science/Fab-Lab,https://www.fablabs.io/labs/putnammuseumHubbellWatermanfablab,3d-printing;cnc;electronics;laser;precision-milling;vinyl-cutting,high,source:fablabs.io;status:unknown;kind:fab_lab;idcode:772
STEAM Works Laboratories,39.754539,-84.189016,721 Springfield Street,45402,Dayton,US,,https://www.fablabs.io/labs/STEAMWorksLabs,3d-printing;cnc;laser;precision-milling,medium,source:fablabs.io;status:unknown;kind:fab_lab;idcode:1040
Sinclair Community College Fab Lab,39.7589478,-84.1916069,,45402,Dayton,US,http://www.sinclair.edu,https://www.fablabs.io/labs/sinclaircommunitycollegefablab,,medium,source:fablabs.io;status:unknown;kind:fab_lab;idcode:107
Stebbins High School Fab Lab,39.7959203,-84.12717909999998,1900 Old Harshman Rd,45424,Dayton,US,,https://www.fablabs.io/labs/stebbinshighschoolfablab,3d-printing;cnc;laser;precision-milling;vinyl-cutting,medium,source:fablabs.io;status:unknown;kind:fab_lab;idcode:665
Haystack Fab Lab,44.1888824,-68.58449259999999,89 Haystack School Drive,04627,Deer Isle,US,,https://www.fablabs.io/labs/haystackfablab,3d-printing;cnc;electronics;laser;precision-milling;vinyl-cutting,high,source:fablabs.io;status:active;kind:fab_lab;idcode:657
Greenhouse MakerLab,42.0549666,-87.91628930000002,300 E Northwest Hwy,60016,Des Plaines,US,,https://www.fablabs.io/labs/greenhousemakerlab,3d-printing;electronics;vinyl-cutting,high,source:fablabs.io;status:active;kind:mini_fab_lab;idcode:2144
Incite Focus FabLab,42.3315347,-83.0451167,461 Burroughs St Lab #1,48202,Detroit,US,http://www.incite-focus.org/,https://www.fablabs.io/labs/incitefocusfablab,3d-printing;cnc;electronics;laser;precision-milling;vinyl-cutting,high,source:fablabs.io;status:corona;kind:fab_lab;idcode:94
Mt. Elliott Makerspace,42.331427,-83.0457538,,48226,Detroit,US,http://www.mtelliottmakerspace.com,https://www.fablabs.io/labs/mtelliottmakerspace,,medium,source:fablabs.io;status:unknown;kind:fab_lab;idcode:95
Dripping Springs High School,30.1982934,-98.1010204,940 W Hwy 290,78620,Dripping Springs,US,,https://www.fablabs.io/labs/drippingspringshighschool,3d-printing;cnc;electronics;laser;precision-milling;vinyl-cutting,high,source:fablabs.io;status:active;kind:fab_lab;idcode:1219
"Mobile Fab Lab, Fab Labs Carolinas",35.9940329,-78.898619,,27701,Durham,US,http://www.fablabcarolinas.org,https://www.fablabs.io/labs/mobilefablabfablabscarolinas,,medium,source:fablabs.io;status:unknown;kind:fab_lab;idcode:106
NCCU Fab Lab - North Carolina Central University,35.975553,-78.902811,North Carolina Central University 1900 Concord Street,27707,Durham,US,http://www.nccu.edu/fablab/index.cfm,https://www.fablabs.io/labs/fablabnccudurhamnorthcarolina,3d-printing;cnc;electronics;laser;precision-milling;vinyl-cutting,high,source:fablabs.io;status:active;kind:fab_lab;idcode:571
MC2STEM High School,41.5406429,-81.5591692,,44112,East Cleveland,US,http://mc2stemhs.com,https://www.fablabs.io/labs/mc2stemhighschool,,medium,source:fablabs.io;status:unknown;kind:fab_lab;idcode:108
East Troy Community School District Fab Lab,42.7874192154328,-88.41791080740973,3128 Graydon Ave,53120,East Troy,US,,https://www.fablabs.io/labs/easttroycommunityschooldistrictfablab,3d-printing;cnc;electronics;laser;precision-milling;vinyl-cutting,medium,source:fablabs.io;status:unknown;kind:fab_lab;idcode:1211
UTRGV FABLAB,26.278818,-98.16757899999999,2412 S Closner Blvd,78539,Edinburg,US,https://www.facebook.com/groups/1316886948357423/,https://www.fablabs.io/labs/utrgvfablab,3d-printing;cnc;laser;precision-milling;vinyl-cutting,high,source:fablabs.io;status:active;kind:fab_lab;idcode:1450
Confluence Fablab,38.80627810000001,-89.94994099999997,NO Nelson - N7,62025,Edwardsville,US,,https://www.fablabs.io/labs/confluencefablab,3d-printing;cnc;electronics;laser;precision-milling;vinyl-cutting,high,source:fablabs.io;status:active;kind:fab_lab;idcode:663
Fab Lab El Paso,31.7611913,-106.4908381,601 N Oregon Street Suite 2,79901,El Paso,US,https://www.fablabelpaso.org/,https://www.fablabs.io/labs/fablabep,3d-printing;cnc;electronics;laser;precision-milling;vinyl-cutting,high,source:fablabs.io;status:active;kind:fab_lab;idcode:509
Fab Lab El Paso at La Nube STEAM Discovery Center,31.7590082,-106.4908279,201 W. Main dr,79901,El Paso,US,http://www.fablabelpaso.org,https://www.fablabs.io/labs/fablabelpasolanubesteamdiscoverycenter,3d-printing;cnc;electronics;laser;vinyl-cutting,high,source:fablabs.io;status:active;kind:fab_lab;idcode:3120
DREAM Factory at Elizabeth Forward Middle School,40.27456925359103,-79.82575242698363,401 Rock Run Rd,15037,Elizabeth,US,http://www.efsd.net,https://www.fablabs.io/labs/dreamfactory,3d-printing;cnc;electronics;laser;precision-milling;vinyl-cutting,high,source:fablabs.io;status:unknown;kind:fab_lab;idcode:608
FABLab EF,40.25498904219707,-79.85593631747435,1000 Weigles Hill Rd,15037,Elizabeth,US,http://www.efsd.net,https://www.fablabs.io/labs/fablabef,3d-printing;cnc;electronics;laser;vinyl-cutting,high,source:fablabs.io;status:unknown;kind:fab_lab;idcode:609
Lorain County Community College,41.41078510000001,-82.07101560000001,,44035,Elyria,US,http://www.lorainccc.edu/Fab,https://www.fablabs.io/labs/loraincountycommunitycollege,3d-printing;cnc;electronics;laser;precision-milling;vinyl-cutting,medium,source:fablabs.io;status:unknown;kind:fab_lab;idcode:109
Eugene Public Library Maker Hub,44.0485301,-123.094962,100 W 10th Ave,97401,Eugene,US,https://www.eugene-or.gov/3276/Make-It,https://www.fablabs.io/labs/eugenemakerhub,3d-printing;cnc;vinyl-cutting,high,source:fablabs.io;status:unknown;kind:fab_lab;idcode:1179
TIILT,42.05780650000001,-87.6740243,2233 Tech Drive Seeley Mudd Room 3104,60208,Evanston,US,https://tiilt.northwestern.edu/,https://www.fablabs.io/labs/tiilt,3d-printing;electronics;laser;vinyl-cutting,high,source:fablabs.io;status:active;kind:fab_lab;idcode:3020
SHU Makerspace,41.2166958,-73.2535135,3135 Easton Turnpike,06825,Fairfield,US,https://www.sacredheart.edu/academics/schoolofcomputerscienceengineering/shumakerspace/,https://www.fablabs.io/labs/shumakerspace,3d-printing;cnc;electronics;laser;precision-milling;vinyl-cutting,high,source:fablabs.io;status:active;kind:fab_lab;idcode:2147
FFL Fab Lab,43.029777,-76.00444800000002,,13066,Fayetteville,US,http://www.fayettevillefreelibrary.org/about-us/services/fablab,https://www.fablabs.io/labs/fflfablab,,medium,source:fablabs.io;status:unknown;kind:fab_lab;idcode:103
Northwest Arkansas Fab Lab (NWA Fab Lab),36.0616253,-94.1603548,21 W Mountain St,72701,Fayetteville,US,http://www.nwafablab.com/,https://www.fablabs.io/labs/northwestarkansasfablab,3d-printing;cnc;electronics;laser;precision-milling;vinyl-cutting,high,source:fablabs.io;status:planned;kind:fab_lab;idcode:1409
Factory Two,43.016022,-83.69776,129 N Grand Traverse St,48503,Flint,US,https://factorytwo.org,https://www.fablabs.io/labs/factorytwo,3d-printing;cnc;electronics;laser;vinyl-cutting,high,source:fablabs.io;status:active;kind:mini_fab_lab;idcode:2204
Mott Community College Fab Lab,43.0125274,-83.6874562,,48502,Flint,US,http://www.mcc.edu,https://www.fablabs.io/labs/mottcommunitycollegefablab,,medium,source:fablabs.io;status:unknown;kind:fab_lab;idcode:96
FabLab IRSC,27.4252896,-80.3574319,3209 Virginia Ave,34981,Fort Pierce,US,http://www.irsc.edu,https://www.fablabs.io/labs/fablabirsc,3d-printing;cnc;laser,high,source:fablabs.io;status:unknown;kind:fab_lab;idcode:561
Fab Lab Fort Smith,35.3859242,-94.3985475,"Fort Smith 1000 Fianna Way, Fort Smith, AR 72919",72919,Fort Smith,US,http://fablabfortsmith.org/,https://www.fablabs.io/labs/fablabfortsmith,3d-printing;electronics;laser;vinyl-cutting,high,source:fablabs.io;status:active;kind:fab_lab;idcode:1758
Allen County Public Library- Georgetown Maker Lab,41.1020704,-85.05685059999996,6600 E State Blvd,46815,Fort Wayne,US,http://www.acpl.lib.in.us/home/using-the-library/start-here/access-fort-wayne/maker-labs,https://www.fablabs.io/labs/acplgeorgetownmakerlab,3d-printing;cnc;electronics;vinyl-cutting,high,source:fablabs.io;status:unknown;kind:mini_fab_lab;idcode:1177
GeoVenturersFSU,42.4526799,-79.3362581,E116 Thompson Hall Central Avenue,14063,Fredonia,US,,https://www.fablabs.io/labs/geoventurersfsu,3d-printing;electronics;laser,high,source:fablabs.io;status:active;kind:mini_fab_lab;idcode:2930
Central California FabLab at FCSS,36.73582750757413,-119.7918897296387,1111 Van Ness Avenue,93721,Fresno,US,,https://www.fablabs.io/labs/fablabfcss,3d-printing;cnc;electronics;laser;precision-milling;vinyl-cutting,high,source:fablabs.io;status:active;kind:mobile;idcode:894
FabLabFultonMO,38.8721019,-91.9414094,2 Hornet Dr,65251,Fulton,US,http://www.fulton58.org/vnews/display.v/TP/52176a9ff08e3?cssfile=/teacherpages/Plain_Label_Blue/default.css,https://www.fablabs.io/labs/fablabfultonmo,3d-printing;cnc;laser;vinyl-cutting,high,source:fablabs.io;status:unknown;kind:fab_lab;idcode:310
Lincoln FabLab,40.0164585,-82.86555349999999,140 S Hamilton Rd,43230,Gahanna,US,https://twitter.com/lincolnfablab,https://www.fablabs.io/labs/lincolnfablab,3d-printing;cnc;electronics;laser;precision-milling;vinyl-cutting,high,source:fablabs.io;status:active;kind:fab_lab;idcode:1624
John Marshall High School FabLab,39.9478531,-80.75420539999999,1400 Wheeling Avenue,26038,Glen Dale,US,,https://www.fablabs.io/labs/johnmarshallhighschoolfablab,3d-printing;cnc;laser;vinyl-cutting,high,source:fablabs.io;status:active;kind:fab_lab;idcode:1510
Greenville Junior / Senior High School,41.4035505,-80.37206750000001,9 Donation Rd,16125,Greenville,US,http://greenvillejrsrhigh.pa.gah.schoolinsites.com/?PageName=%27FineArtPage%27&Page=%27PhotoAlbum%27&FineArtID=%277499%27,https://www.fablabs.io/labs/greenvillejuniorseniorhighschool,3d-printing;cnc;laser;vinyl-cutting,high,source:fablabs.io;status:active;kind:fab_lab;idcode:1382
SynergyMill,34.8494539,-82.414767,400 Birnie St Suite B,29611,Greenville,US,http://www/synergymill.com,https://www.fablabs.io/labs/synergymill,3d-printing;cnc;electronics;laser;precision-milling;vinyl-cutting,high,source:fablabs.io;status:active;kind:fab_lab;idcode:2770
Intermediate Unit 1 Fab Lab,40.0173724,-79.83158449999996,6353 National Pike Road,15442,Grindstone,US,http://www/iu1.org/fablab,https://www.fablabs.io/labs/intermediateunit1fablab,3d-printing;cnc;electronics;laser;precision-milling;vinyl-cutting,high,source:fablabs.io;status:active;kind:fab_lab;idcode:1545
Saint James Fab Lab,39.5755769,-77.75809269999999,Saint James School 17641 College Road,21740,Hagerstown,US,https://www.stjames.edu/,https://www.fablabs.io/labs/saintjamesfablab,3d-printing;cnc;electronics;laser;precision-milling;vinyl-cutting,high,source:fablabs.io;status:active;kind:fab_lab;idcode:1860
Bitterroot FabLab,46.24608389999999,-114.1680488,103 South 9th St,59840,Hamilton,US,http://umt.edu/bcfablab,https://www.fablabs.io/labs/bitterrootfablab,3d-printing;cnc;laser;vinyl-cutting,high,source:fablabs.io;status:active;kind:fab_lab;idcode:1021
Goodwill Makerspace,40.7446862,-74.14748759999998,400 Supor Blvd,07029,Harrison,US,http://makeyourjob.com,https://www.fablabs.io/labs/goodwillmakerspace,3d-printing;electronics;laser,high,source:fablabs.io;status:unknown;kind:fab_lab;idcode:1170
VW eLab at Brown Middle School,35.1095125,-85.13942839999999,5716 TN-58,37341,Harrison,US,http://@BrownVWeLab,https://www.fablabs.io/labs/vwelabatbrownms,3d-printing;cnc;laser;vinyl-cutting,high,source:fablabs.io;status:active;kind:fab_lab;idcode:2083
The Valley Fab Lab,41.2239271,-80.47085190000001,2120 Shenango Valley Fwy,16148,Hermitage,US,https://www.valleyfablab.org/,https://www.fablabs.io/labs/thevalleyfablab,3d-printing;cnc;laser;precision-milling;vinyl-cutting,high,source:fablabs.io;status:active;kind:fab_lab;idcode:2165
Envite Design Lab,40.053867,-83.125633,4048 Molly Lane,43026,Hilliard,US,http://www.envitedesign.com,https://www.fablabs.io/labs/envitedesignlab,3d-printing;cnc;laser;vinyl-cutting,high,source:fablabs.io;status:active;kind:fab_lab;idcode:1926
Hixson High School VW eLab,35.154352,-85.221722,5705 Middle Valley Rd,37343-3267,Hixson,US,https://sites.google.com/hixsonhigh.com/hixsonhighelab/home,https://www.fablabs.io/labs/hixsonhighschoolvwelab,3d-printing;cnc;laser;vinyl-cutting,high,source:fablabs.io;status:active;kind:fab_lab;idcode:1879
Iolani-Lower School FabLab,21.2834673,-157.8228749,563 Kamoku Street,96826,Honolulu,US,http://iolanik-6fablab.blogspot.com/,https://www.fablabs.io/labs/iolanilowerschoolfablab,3d-printing;laser;vinyl-cutting,high,source:fablabs.io;status:unknown;kind:mini_fab_lab;idcode:551
Fab Lab Houston,29.90099460816425,-95.34438800944827,3000 Aldine Mail Route Road Building B,77039,Houston,US,https://fablabhouston.org,https://www.fablabs.io/labs/fablabhouston,3d-printing;cnc;electronics;laser;precision-milling;vinyl-cutting,high,source:fablabs.io;status:active;kind:fab_lab;idcode:1611
InterActive FabLab,29.879955,-95.62204930000001,14102 Fm 529 Rd,77041,Houston,US,http://www.icu3d.com,https://www.fablabs.io/labs/interactivefablab,3d-printing;electronics;vinyl-cutting,high,source:fablabs.io;status:planned;kind:fab_lab;idcode:856
Bulldog Makerspace FabLab,34.785058,-86.573283,4900 Meridian St N,35810,Huntsville,US,http://libguides.aamu.edu/makerspace,https://www.fablabs.io/labs/bulldogmakerspacefablab,3d-printing;cnc;electronics;laser;vinyl-cutting,high,source:fablabs.io;status:unknown;kind:fab_lab;idcode:1042
"MindGear Labs, LLC",34.7303688,-86.5861037,,35801,Huntsville,US,http://mindgearlabs.com,https://www.fablabs.io/labs/mindgearlabsllc,,medium,source:fablabs.io;status:unknown;kind:fab_lab;idcode:84
Fab Lab ICC,37.1944247,-95.72317470000002,Independence Community College 1057 W College Ave.,67301,Independence,US,https://www.fablabs.io/fablabicc,https://www.fablabs.io/labs/fablabicc,3d-printing;cnc;electronics;laser;vinyl-cutting,high,source:fablabs.io;status:unknown;kind:fab_lab;idcode:559
Iowa City Fab Lab,41.6514646,-91.535885,870 S Capitol St,52240,Iowa City,US,http://www.icfablab.org,https://www.fablabs.io/labs/IowaCityFabLab,3d-printing;cnc;electronics;laser;precision-milling;vinyl-cutting,high,source:fablabs.io;status:active;kind:fab_lab;idcode:2669
The S.T.E.A.M. Room Fab Lab,41.64265757267961,-91.50922561201173,Iowa City Iowa City Marketplace,52240,Iowa City,US,http://www.thesteamroom.org,https://www.fablabs.io/labs/thesteamroomfablab,3d-printing;cnc;electronics;laser;precision-milling;vinyl-cutting,high,source:fablabs.io;status:unknown;kind:fab_lab;idcode:297
FABWorks,33.6428601,-117.8412049,"Calit2, UCI Campus, Rm 2302",92697,Irvine,US,http://fabworks.eng.uci.edu,https://www.fablabs.io/labs/fabworks,3d-printing;cnc;electronics;laser;precision-milling;vinyl-cutting,high,source:fablabs.io;status:unknown;kind:fab_lab;idcode:1100
Fab Lab Isabela,18.49843032248442,-67.0220869116394,Avenida Juan Hernandez,00662,Isabela,US,http://www.fablabisabela.com,https://www.fablabs.io/labs/fablabisabela,3d-printing;cnc;laser;precision-milling;vinyl-cutting,high,source:fablabs.io;status:unknown;kind:fab_lab;idcode:877
JC Fab Lab,40.7368147,-74.06874949999997,"888 Newark Ave., #224",07306,Jersey City,US,http://www.jcfablab.com  www.fb.com/fablabjc  ,https://www.fablabs.io/labs/jcfablab,3d-printing;laser;vinyl-cutting,high,source:fablabs.io;status:active;kind:fab_lab;idcode:1309
Hammerspace Community Workshop,39.043991,-94.52450259999999,5200 e 45th st,64130,Kansas City,US,http://hammerspacehobby.com/,https://www.fablabs.io/labs/hammerspacecommunityworkshop,3d-printing;cnc;electronics;laser;precision-milling;vinyl-cutting,high,source:fablabs.io;status:active;kind:fab_lab;idcode:1166
Maker Studio,39.0854624,-94.58520569999996,"Union Station Kansas City, Inc. Suite #400",64108,Kansas City,US,https://plus.google.com/u/0/b/114554773907754390782/114554773907754390782/posts/p/pub,https://www.fablabs.io/labs/makerstudio,3d-printing;cnc;electronics;precision-milling;vinyl-cutting,high,source:fablabs.io;status:unknown;kind:fab_lab;idcode:908
Metropolitan Community College Tech Center-FabLab,39.0997265,-94.5785667,,64106,Kansas City,US,http://www.mcckc.edu/fablab,https://www.fablabs.io/labs/metropolitancommunitycollegetechcenterfablab,,medium,source:fablabs.io;status:unknown;kind:fab_lab;idcode:101
Hawaii Fab Lab,21.3353315,-158.0572842,Kapolei 91-1001 Farrington Hwy,96707,Kapolei,US,,https://www.fablabs.io/labs/hawaiifablab,3d-printing;cnc;laser,high,source:fablabs.io;status:active;kind:mini_fab_lab;idcode:1701
Kelliher School Fab Lab,47.9448276,-94.45172780000001,345 4Th St. Nw.,56650,Kelliher,US,http://www.kelliher.k12.mn.us/?PageName=%27FineArtPage%27&FineArtID=%276384%27,https://www.fablabs.io/labs/kelliher,3d-printing;cnc;electronics;laser;precision-milling;vinyl-cutting,high,source:fablabs.io;status:active;kind:fab_lab;idcode:1557
STEM East,35.2626635,-77.5816353,,28501,Kinston,US,,https://www.fablabs.io/labs/stemeast,,low,source:fablabs.io;status:planned;kind:fab_lab;idcode:137
Exchange,41.609765,-86.721104,807 Indiana Ave.,46350,La Porte,US,https://laportelibrary.org/bringing-the-library-to-you/lpcpl-exchange-renovation/,https://www.fablabs.io/labs/Exchange,3d-printing;cnc;electronics;laser;precision-milling;vinyl-cutting,high,source:fablabs.io;status:planned;kind:fab_lab;idcode:2379
Lumiverk Makerspace,30.1892556,-82.6392493,119 SW Shady Lane,32024,Lake City,US,,https://www.fablabs.io/labs/lumiverkmakerspace,3d-printing;cnc;laser;precision-milling;vinyl-cutting,medium,source:fablabs.io;status:planned;kind:fab_lab;idcode:3144
Lawton Chiles Middle Academy Fab Lab,28.048215,-81.95825500000001,Lawton Chiles Middle Academy 400 N Florida Ave,33801,Lakeland,US,http://polkfablabs.weebly.com/,https://www.fablabs.io/labs/lcmafablab,3d-printing;cnc;electronics;laser;precision-milling;vinyl-cutting,high,source:fablabs.io;status:unknown;kind:fab_lab;idcode:891
LEMI Labs,41.5443529,-82.7502435,236 Walnut Ave,43440,Lakeside,US,https://www.lemi.space,https://www.fablabs.io/labs/lemilabs,3d-printing;cnc;laser;precision-milling;vinyl-cutting,high,source:fablabs.io;status:planned;kind:mini_fab_lab;idcode:3151
Cruces Creatives,32.30686352288404,-106.7764632239426,205 E Lohman Ave,88001,Las Cruces,US,http://crucescreatives.org,https://www.fablabs.io/labs/crucescreatives,3d-printing;cnc;electronics;precision-milling;vinyl-cutting,high,source:fablabs.io;status:active;kind:fab_lab;idcode:1690
RDFLAB FIU,25.75895011424157,-80.37561271262665,11200 SW 8th St PCA 131 RDF LAB,33199,MIAMI,US,https://carta.fiu.edu/roboticslab/,https://www.fablabs.io/labs/rdflabfiu,3d-printing;cnc;electronics;laser;precision-milling;vinyl-cutting,high,source:fablabs.io;status:active;kind:fab_lab;idcode:2783
Hand Made,41.2924874,-72.6196444,286 Green Hill Rd,06443,Madison,US,https://www.madison.k12.ct.us/daniel-hand-high-school,https://www.fablabs.io/labs/handmade,3d-printing;cnc;electronics;laser;precision-milling;vinyl-cutting,high,source:fablabs.io;status:active;kind:fab_lab;idcode:2644
Fab Lab Mahtomedi,45.0571856,-92.9446628,8000 75th St. N,55115,Mahtomedi,US,http://www.mahtomedi.k12.mn.us,https://www.fablabs.io/labs/mahtomedihighschool,3d-printing;cnc;electronics;laser;precision-milling;vinyl-cutting,high,source:fablabs.io;status:unknown;kind:fab_lab;idcode:99
Mansfield Makerspace,40.740344,-82.39894700000002,3109 Crimson Rd,44903,Mansfield,US,http://www.mansfieldmakerspace.org,https://www.fablabs.io/labs/mansfieldmakerspace,3d-printing;electronics;laser;vinyl-cutting,high,source:fablabs.io;status:planned;kind:fab_lab;idcode:1362
Fab Lab @ PHCC's Thomas P. Dalton IDEA Center,36.6924576,-79.873625,26 Fayette Street,24112,Martinsville,US,https://www.facebook.com/pages/Fab-Lab/199543143543441,https://www.fablabs.io/labs/fablabatpatrickhenrycommunitycollege,3d-printing;cnc;electronics;laser;precision-milling;vinyl-cutting,high,source:fablabs.io;status:unknown;kind:fab_lab;idcode:255
Mayfield Innovation Center,41.5389573,-81.45974949999999,6080 Wilson Mills Rd,44143,Mayfield Village,US,http://www.mayfieldschools.org/,https://www.fablabs.io/labs/mayfieldinnovationcenter,3d-printing;cnc;electronics;laser;precision-milling;vinyl-cutting,high,source:fablabs.io;status:active;kind:fab_lab;idcode:1615
Fab Lab Montour Elementary School,40.46834599999999,-80.12515680000001,221 Clever Rd,15136,McKees Rocks,US,http://Webiste: www.montourschools.com,https://www.fablabs.io/labs/fablabmontourelementaryschool,3d-printing;cnc;electronics;laser;precision-milling;vinyl-cutting,high,source:fablabs.io;status:planned;kind:fab_lab;idcode:1797
Tuscarora Intermediate Unit 11 - Rover Mobile Fab Lab,40.4472396,-77.83821499999999,2527 US Highway 522 South,17051,McVeytown,US,https://www.tiu11.org/,https://www.fablabs.io/labs/tiu11rovermobilefablab,3d-printing;cnc;laser;vinyl-cutting,high,source:fablabs.io;status:active;kind:mobile;idcode:2998
Space Coast FabLab,28.0566146,-80.6228868,101 Florida Suite 2,32901,Melbourne,US,https://www.projects4learning.org,https://www.fablabs.io/labs/spacecoastfablab,3d-printing;cnc;electronics;laser;precision-milling;vinyl-cutting,high,source:fablabs.io;status:unknown;kind:fab_lab;idcode:756
University of Wisconsin-Stout,44.8755183,-91.9193422,,54751,Menomonie,US,http://www.uwstout.edu/discoverycenter,https://www.fablabs.io/labs/universityofwisconsinstout,,medium,source:fablabs.io;status:unknown;kind:fab_lab;idcode:114
ASU Media and Immersive eXperience Center FabLab,33.4168237,-111.8295172,50 N Centennial Way,85142,Mesa,US,https://mixfablab.notion.site/ASU-MIX-Center-Fabrication-Lab-624afccd5dd44dbe8557534ff2fe49e4,https://www.fablabs.io/labs/mixfablab,3d-printing;cnc;electronics;laser;precision-milling;vinyl-cutting,high,source:fablabs.io;status:active;kind:fab_lab;idcode:2880
Moonlighter FabLab,25.7963816,-80.1982725,1661 Pennsylvania Avenue,33139,Miami Beach,US,http://moonlighterfablab.org,https://www.fablabs.io/labs/moonlighter,3d-printing;cnc;electronics;laser;precision-milling;vinyl-cutting,high,source:fablabs.io;status:active;kind:fab_lab;idcode:913
Blak Majik Faktory at Nfr Institute,41.705408,-86.9048266,Majik Faktory 1602 Tennessee Street,46360,Michigan City,US,https://majikfaktory.org,https://www.fablabs.io/labs/majikfaktory,3d-printing;cnc;electronics;laser;precision-milling;vinyl-cutting,high,source:fablabs.io;status:active;kind:fab_lab;idcode:2214
12355 Design 4U Fab Lab,37.92268230000001,-91.7926444,Chokeberry Rd,65401,Middleburg,US,,https://www.fablabs.io/labs/12355Design4UFabLab,3d-printing;cnc;electronics;precision-milling;vinyl-cutting,medium,source:fablabs.io;status:planned;kind:fab_lab;idcode:1733
Rose State College BIT Digital Prototyping Lab,35.44466427842932,-97.41312863107453,6420 SE 15th Street,73110,Midwest City,US,https://www.rose.edu/content/academics/academic-divisions/business-information-technology/bit-prototyping-lab/,https://www.fablabs.io/labs/rosestatecollegefablab,3d-printing;laser;vinyl-cutting,high,source:fablabs.io;status:active;kind:fab_lab;idcode:781
EHove Career Center Fab Lab,41.33146042397959,-82.63208101586912,316 Mason Road West,44846,Milan,US,http://www.ehove.net/fablab,https://www.fablabs.io/labs/ehovecareercenterfablab,,medium,source:fablabs.io;status:unknown;kind:fab_lab;idcode:110
Kohl's Design It! Lab,43.0389025,-87.90647360000003,Milwaukee 500 North Harbor Drive,53202,Milwaukee,US,http://www.discoveryworld.org/exhibits/kohls-design-it-lab/ ,https://www.fablabs.io/labs/kohlsdesignitlab,3d-printing;laser,high,source:fablabs.io;status:unknown;kind:fab_lab;idcode:583
Northwood Fab Lab,46.1567145,-91.81353419999999,N14463 S Hwy 53,54859,Minong,US,https://sites.google.com/site/northwoodfablab/home,https://www.fablabs.io/labs/northwoodfablab,3d-printing;cnc;electronics;laser;precision-milling;vinyl-cutting,high,source:fablabs.io;status:active;kind:fab_lab;idcode:1511
MJC Innovation Center,37.6621789,-121.0373805,2201 Blue Gum Ave Yosemite Hall 214,95358,Modesto,US,https://www.mjc.edu/sem/innovationcenter.html,https://www.fablabs.io/labs/mjcinnovationcenter,3d-printing;cnc;laser;vinyl-cutting,high,source:fablabs.io;status:active;kind:fab_lab;idcode:3063
Mosinee FabLab,44.79478960000001,-89.70918569999998,1000 High St,54455,Mosinee,US,,https://www.fablabs.io/labs/mosineefablab,3d-printing;cnc;electronics;laser;precision-milling;vinyl-cutting,high,source:fablabs.io;status:active;kind:fab_lab;idcode:1828
Edgewood Middle School Fab Lab,45.1057411,-93.2038144,Edgewood Middle School 5100 Edgewood Drive,55112,Mounds View,US,,https://www.fablabs.io/labs/edgewoodmiddleschoolfablab,3d-printing;cnc;laser;vinyl-cutting,medium,source:fablabs.io;status:unknown;kind:mini_fab_lab;idcode:1094
Knox Labs,40.39244610000001,-82.48538489999999,104 S. Main St.,43050,Mount Vernon,US,http://www.knoxlabs.org,https://www.fablabs.io/labs/knoxlabs,3d-printing;cnc;electronics;laser;vinyl-cutting,high,source:fablabs.io;status:planned;kind:fab_lab;idcode:1249
Lakeshore Fab Lab,43.23421940141414,-86.2532006128975,388 W Clay Ave,49440,Muskegon,US,http://www.facebook.com/lakeshorefablab,https://www.fablabs.io/labs/lakeshorefablab,3d-printing;cnc;electronics;laser;precision-milling;vinyl-cutting,high,source:fablabs.io;status:active;kind:fab_lab;idcode:1638
Muskogee Public Schools Fab Lab,35.7716185,-95.3297316,"3200 E Shawnee Rd, Unit G",74403,Muskogee,US,http://mhs.mpsi20.org/muskogee_public_schools_fab_lab,https://www.fablabs.io/labs/mpsfl,3d-printing;cnc;electronics;laser;precision-milling;vinyl-cutting,high,source:fablabs.io;status:active;kind:fab_lab;idcode:1059
Fab Lab South Coast,41.6362152,-70.93420500000002,South Coast Fab Lab c/o The Quest Center for Innovation GNBWIB,02740,New Bedford,US,http://southcoastfablab.org,https://www.fablabs.io/labs/fablabsouthcoast,3d-printing;cnc;electronics;laser;precision-milling;vinyl-cutting,high,source:fablabs.io;status:planned;kind:fab_lab;idcode:1527
MakeHaven,41.304866,-72.92377110000001,770 Chapel Street Lower Level,06510,New Haven,US,http://makehaven.org,https://www.fablabs.io/labs/makehaven,3d-printing;cnc;electronics;laser;precision-milling;vinyl-cutting,high,source:fablabs.io;status:active;kind:fab_lab;idcode:984
FAB LAB NOLA at Delgado Community College,29.9871999,-90.10490959999998,New Orleans 615 City Park Ave,70119,New Orleans,US,http://www.dcc.edu/student-services/studentaffairs/fablab.aspx,https://www.fablabs.io/labs/fablabnola,3d-printing;cnc;electronics;laser;precision-milling;vinyl-cutting,high,source:fablabs.io;status:unknown;kind:fab_lab;idcode:1230
Marymount School Fab Lab,40.786553,-73.95106799999996,116 East 97th street Room 403,10029,New York,US,http://marymountnyc.org/97th-street-campus-the-fab-lab-and-more,https://www.fablabs.io/labs/marymountschoolfablab,3d-printing;cnc;electronics;laser;precision-milling;vinyl-cutting,high,source:fablabs.io;status:unknown;kind:fab_lab;idcode:104
FAB Newport,41.4901024,-71.31282850000002,Newport,,Newport,US,http://fabnewport.wordpress.com/,https://www.fablabs.io/labs/fabnewport,,medium,source:fablabs.io;status:unknown;kind:fab_lab;idcode:345
Brooks Crossing Innovation Lab,36.984147,-76.42371,550 30th St Suite 101,23607,Newport News,US,https://fablabs.io/labs/brookscrossinginnovationlab,https://www.fablabs.io/labs/brookscrossinginnovationlab,3d-printing;cnc;electronics;laser;vinyl-cutting,high,source:fablabs.io;status:active;kind:fab_lab;idcode:2273
Lake Michigan College,41.8297694,-86.2541768,,49120,Niles,US,http://www.lakemichigancollege.edu/BX,https://www.fablabs.io/labs/lakemichigancollege,,medium,source:fablabs.io;status:unknown;kind:fab_lab;idcode:97
Victory World Christian School Fab Lab,33.92041260000001,-84.2030929,5905 Brook Hollow Pkwy,30071,Norcross,US,http://www.vwcs.org,https://www.fablabs.io/labs/victoryworldchristianschoolfablab,3d-printing;cnc;vinyl-cutting,high,source:fablabs.io;status:active;kind:mini_fab_lab;idcode:1689
Mid Atlantic regional maintenance center,36.8507689,-76.2858726,Norfolk,,Norfolk,US,,https://www.fablabs.io/labs/marmc,3d-printing;cnc;electronics;laser;precision-milling;vinyl-cutting,medium,source:fablabs.io;status:planned;kind:fab_lab;idcode:715
Fair Use Building and Research (Fubar) Labs,40.4868015857438,-74.45923767480468,1510b Jersey Ave,08902,North Brunswick,US,http://fubarlabs.org,https://www.fablabs.io/labs/fubarlabs,3d-printing;cnc;electronics;laser;vinyl-cutting,high,source:fablabs.io;status:active;kind:fab_lab;idcode:269
Wheaton Fab Lab,41.9663475,-71.1839447,26 E Main St,02766,Norton,US,https://wheatoncollege.edu/academics/special-projects-initiatives/innovation-spaces/,https://www.fablabs.io/labs/wheatonfablab,3d-printing;cnc;electronics;laser;precision-milling;vinyl-cutting,high,source:fablabs.io;status:active;kind:fab_lab;idcode:2265
OX SCHOOL OF CONSTRUCTION RESOURCE CENTER FABLAB,28.5524746,-81.39440669999999,1100 W. COLONIAL DR. UNIT #3,32804,ORLANDO,US,https://www.osocrc.org,https://www.fablabs.io/labs/osocrc,3d-printing,high,source:fablabs.io;status:planned;kind:fab_lab;idcode:2199
"Castlemont High School, Sustainable Urban Design Academy (SUDA) Fablab Oakland CA",37.7591739,-122.1637259,8601 MacArthur Blvd,94605,Oakland,US,http://www.sud-academy.org,https://www.fablabs.io/labs/sudacastlemontfablab,3d-printing;cnc;laser;vinyl-cutting,high,source:fablabs.io;status:unknown;kind:fab_lab;idcode:540
Circuit Launch,37.7403581,-122.2016318,8000 Edgewater Dr,94621,Oakland,US,http://www.circuitlaunch.com,https://www.fablabs.io/labs/circuitlaunch,3d-printing;electronics;laser;precision-milling;vinyl-cutting,high,source:fablabs.io;status:active;kind:fab_lab;idcode:1785
Laney College FabLab,37.7968656,-122.2631478,900 Fallon St,94607,Oakland,US,http://laneyfablab.org,https://www.fablabs.io/labs/laneycollegefablab,3d-printing;cnc;laser;precision-milling;vinyl-cutting,high,source:fablabs.io;status:active;kind:fab_lab;idcode:1394
Port Product Lab / Elevator Works,37.8142489,-122.289313,344 20th st,94612,Oakland,US,https://elevator.works,https://www.fablabs.io/labs/elevatorworks,3d-printing;cnc;electronics;laser;vinyl-cutting,high,source:fablabs.io;status:active;kind:fab_lab;idcode:1744
Fablab Permian Basin,31.86553511497683,-102.3838987037049,201 W University,79764,Odessa,US,,https://www.fablabs.io/labs/fablabpermianbasin,3d-printing;cnc;electronics;laser;precision-milling;vinyl-cutting,high,source:fablabs.io;status:active;kind:fab_lab;idcode:1433
East Hamilton School eLab,35.00606966499156,-85.09642415029293,2015 Ooltewah Ringgold Rd,37363,Ooltewah,US,,https://www.fablabs.io/labs/easthamiltonschoolelab,3d-printing;cnc;electronics;laser;precision-milling;vinyl-cutting,high,source:fablabs.io;status:active;kind:fab_lab;idcode:1857
Hunter Middle School VWeLab,35.11399807331429,-85.09195451481935,6810 Lebron Sterchi Drive,37363,Ooltewah,US,https://hunter.hcde.org/ ,https://www.fablabs.io/labs/huntermiddleschool,3d-printing;cnc;laser;vinyl-cutting,high,source:fablabs.io;status:active;kind:fab_lab;idcode:1903
VW eLab at Ooltewah Middle,35.06332529999999,-85.0640957,5100 Ooltewah Ringgold Road,37363,Ooltewah,US,https://sites.google.com/hcde.org/omsvolkswagenelab/home,https://www.fablabs.io/labs/vwelabatooltewahmiddle,3d-printing;electronics;laser;vinyl-cutting,high,source:fablabs.io;status:active;kind:fab_lab;idcode:1901
FamiLAB,28.5383355,-81.3792365,,32801,Orlando,US,http://familab.org/blog/about-our-lab,https://www.fablabs.io/labs/familab,,medium,source:fablabs.io;status:planned;kind:fab_lab;idcode:23
"Fox Valley Technical College, site #2",44.0247062,-88.5426136,,54901,Oshkosh,US,http://www.fvtc.edu/public/content.aspx?ID=1873&PID=1,https://www.fablabs.io/labs/foxvalleytechnicalcollegesite2,,medium,source:fablabs.io;status:unknown;kind:fab_lab;idcode:113
Blue Valley School District's Center for Advanced Professional Studies,38.9822282,-94.6707917,,66204,Overland Park,US,http://www.bvcaps.org,https://www.fablabs.io/labs/bluevalleyschooldistrictscenterforadvancedprofessionalstudies,,medium,source:fablabs.io;status:unknown;kind:fab_lab;idcode:91
Johnson County Library MakerSpace,38.9698241,-94.69962660000002,Johnson County Library 9875 W 87th St,66212,Overland Park,US,https://jocolibrary.org/makerspace,https://www.fablabs.io/labs/jocolibrarymakerspace,3d-printing;cnc;laser;vinyl-cutting,high,source:fablabs.io;status:active;kind:fab_lab;idcode:1383
Oxford Academy Blackhawk Fab Lab,42.4397387,-75.5973881,12 Fort Hill Park,13830,Oxford,US,,https://www.fablabs.io/labs/Oxfordfablab,3d-printing;cnc;electronics;laser;precision-milling;vinyl-cutting,high,source:fablabs.io;status:active;kind:fab_lab;idcode:2481
Stanford Learning FabLab,37.4418834,-122.1430195,,94301,Palo Alto,US,http://www.blikstein.com/paulo/contact.html,https://www.fablabs.io/labs/stanfordlearningfablab,,medium,source:fablabs.io;status:unknown;kind:fab_lab;idcode:85
Michelle Obama School of Technology and the Arts Fab Lab,41.4855624,-87.696707,530 Lakewood Boulevard,60466,Park Forest,US,http://www.sd163.com,https://www.fablabs.io/labs/fablabmosta,3d-printing;laser;vinyl-cutting,high,source:fablabs.io;status:planned;kind:mini_fab_lab;idcode:3119
Barton Maker Space @ Bradley University,40.6994526,-89.61598470000001,1500 West Main Street,61625,Peoria,US,,https://www.fablabs.io/labs/bradleyuniversity,3d-printing;cnc;electronics;laser;precision-milling;vinyl-cutting,high,source:fablabs.io;status:active;kind:fab_lab;idcode:2267
Brady Fab Lab,41.456309,-81.4508099,32000 Chagrin Blvd,44124,Pepper Pike,US,http://bit.ly/bradyfablab,https://www.fablabs.io/labs/bradyfablab,3d-printing;cnc;electronics;laser;precision-milling;vinyl-cutting,high,source:fablabs.io;status:active;kind:fab_lab;idcode:2137
Base 11 Innovation Center at Cristo Rey High School,40.0025997,-75.1581364,1717 W Allegheny Ave,19132,Philadelphia,US,https://www.cristoreyphiladelphia.org/academics/curriculum,https://www.fablabs.io/labs/base11innovationcenteratCRHS,3d-printing;cnc;laser,high,source:fablabs.io;status:active;kind:fab_lab;idcode:3091
Hive76,39.9861603,-75.1296852,1821 E Hagert St Suite 100C,19125,Philadelphia,US,https://www.hive76.org/,https://www.fablabs.io/labs/hive76,3d-printing;cnc;electronics;laser;vinyl-cutting,high,source:fablabs.io;status:active;kind:fab_lab;idcode:2994
Base 11 Innovation Center at South Mountain Community College,33.3828864,-112.0309087,"7050 S. 24th Street, Phoenix, Arizona 85042",85042,Phoenix,US,https://www.southmountaincc.edu/news/2021/smcc-engineering-lab-offers-students-top-tier-access-technology-industry-experience,https://www.fablabs.io/labs/base11innovationcenteratSMCC,3d-printing;cnc;laser,high,source:fablabs.io;status:active;kind:fab_lab;idcode:3089
Pickerington Mobile Fab Lab,39.8842304,-82.7535049,Pickerington,,Pickerington,US,http://www.pickerington.k12.oh.us,https://www.fablabs.io/labs/pickeringtonmobilefablab,3d-printing;cnc;laser;precision-milling;vinyl-cutting,medium,source:fablabs.io;status:unknown;kind:fab_lab;idcode:437
Blue Ridge-UA 4H FAB LAB,34.1475694,-109.9686576,1200 W White Mountain Blvd,85929,Pinetop-Lakeside,US,,https://www.fablabs.io/labs/blueridgeua4hfablab,3d-printing;cnc;electronics;laser;precision-milling;vinyl-cutting,high,source:fablabs.io;status:active;kind:fab_lab;idcode:1550
Rutgers University Makerspace,40.52334690000001,-74.43154099999998,35 Berrue Cir,08854,Piscataway,US,https://makerspace.rutgers.edu/,https://www.fablabs.io/labs/rutgersuniversitymakerspace,3d-printing;cnc;laser;precision-milling;vinyl-cutting,high,source:fablabs.io;status:active;kind:fab_lab;idcode:2080
BNY Fab Lab Kamin Science Center,40.4460655,-80.0189051,1 Allegheny Avenue,15212,Pittsburgh,US,https://kaminsciencecenter.org/exhibits/bny-fab-lab/,https://www.fablabs.io/labs/fablabcarnegiesciencecenter,3d-printing;cnc;electronics;laser;precision-milling;vinyl-cutting,high,source:fablabs.io;status:active;kind:fab_lab;idcode:1515
FoxChapelFabLab,40.5184727,-79.86805199999998,611 Field Club Rd,15238,Pittsburgh,US,http://@FCFabLab,https://www.fablabs.io/labs/foxchapelfablab,3d-printing;cnc;electronics;laser;vinyl-cutting,high,source:fablabs.io;status:planned;kind:fab_lab;idcode:1364
Bullis BITlab,39.0283261,-77.2018686,10601 Falls Rd,20854,Potomac,US,,https://www.fablabs.io/labs/bullisbitlab,3d-printing;cnc;electronics;laser;precision-milling;vinyl-cutting,high,source:fablabs.io;status:active;kind:fab_lab;idcode:1630
AS220 Labs,41.822978,-71.41519800000003,131 Washington St rear entrance,02903,Providence,US,http://www.as220.org/labs/blog/fab-lab,https://www.fablabs.io/labs/as220labs,3d-printing;cnc;electronics;laser;precision-milling;vinyl-cutting,high,source:fablabs.io;status:unknown;kind:fab_lab;idcode:144
Reynoldsburg Battelle Fab Lab,39.9707602,-82.75148460000003,8579 Summit Rd,43068,Reynoldsburg,US,https://sites.google.com/reyn.org/reynoldsburgbattellefablab/home,https://www.fablabs.io/labs/reynoldsburgbattellefablab,3d-printing;cnc;electronics;laser;precision-milling;vinyl-cutting,high,source:fablabs.io;status:active;kind:fab_lab;idcode:324
Northern Lakes Regional Academy,45.498008,-91.73525469999998,33 Ann St,54868,Rice Lake,US,http://nlra.ricelake.k12.wi.us/,https://www.fablabs.io/labs/northernlakesregionalacademy,3d-printing;cnc;electronics;laser;precision-milling;vinyl-cutting,high,source:fablabs.io;status:active;kind:fab_lab;idcode:1608
"Fab Lab Richmond, California",37.9254346,-122.3300002,4300 Cutting Blvd,94804,Richmond,US,http://www.wccusd.net/fablab,https://www.fablabs.io/labs/fablabrichmondcalifornia,3d-printing;cnc;electronics;laser;precision-milling;vinyl-cutting,high,source:fablabs.io;status:unknown;kind:fab_lab;idcode:546
Space Coast FabLab - Rockledge,28.3221843,-80.72148730000004,590 Solutions Way Suite 100,32955,Rockledge,US,http://www.spacecoastfablab.org/,https://www.fablabs.io/labs/spacecoastfablabrockledge,3d-printing;laser,high,source:fablabs.io;status:planned;kind:fab_lab;idcode:1481
Roxbury Innovation Center,42.330153,-71.08385399999997,2300 Washington Street,02119,Roxbury,US,http://roxburyinnovationcenter.org,https://www.fablabs.io/labs/roxburyinnovationcenter,,medium,source:fablabs.io;status:unknown;kind:fab_lab;idcode:820
Hacker Lab,38.5510479,-121.4677785,3519 Broadway,95817,Sacramento,US,https://hackerlab.org,https://www.fablabs.io/labs/hackerlab,3d-printing;cnc;electronics;laser;precision-milling;vinyl-cutting,high,source:fablabs.io;status:active;kind:fab_lab;idcode:1159
Sale Creek VWeLab,35.3824688,-85.1050588,211 Patterson Rd,37373,Sale Creek,US,http://www.fablabs.io/salecreek,https://www.fablabs.io/labs/salecreek,3d-printing;cnc;electronics;laser;vinyl-cutting,high,source:fablabs.io;status:active;kind:fab_lab;idcode:2093
Fab Lab San Diego,32.7153292,-117.1572551,4685 Convoy St #200,92111,San Diego,US,http://www.fablabsd.org,https://www.fablabs.io/labs/fablabsandiego,3d-printing;electronics;laser;precision-milling;vinyl-cutting,high,source:fablabs.io;status:unknown;kind:fab_lab;idcode:86
CREATE+BUILD,37.713285,-122.475599,The Brandeis School of San Francisco 655 Brotherhood Way,94132,San Francisco,US,http://createbuild.space,https://www.fablabs.io/labs/createbuild,3d-printing;cnc;laser,high,source:fablabs.io;status:unknown;kind:fab_lab;idcode:1078
Fab Lab iFurniture - USA,37.7777272,-77.9538543,"3645 Cedar Plains Rd Sandy Hook,",23153,Sandy Hook,US,https://www.fablabifurniture.org/,https://www.fablabs.io/labs/fablabifurnitureusa,3d-printing;cnc;electronics;vinyl-cutting,high,source:fablabs.io;status:active;kind:mini_fab_lab;idcode:2857
Archimedes Fab Lab,35.6349704,-106.044585,Santa Fe 3900 Paseo del Sol,87507,Santa Fe,US,,https://www.fablabs.io/labs/archimedesfablab,3d-printing;cnc;electronics;laser;precision-milling;vinyl-cutting,high,source:fablabs.io;status:active;kind:fab_lab;idcode:1497
Fab Lab Santa Fe,35.6539108,-105.974104,1950 Siringo Road,87505,Santa Fe,US,,https://www.fablabs.io/labs/fablabsantafe,3d-printing;cnc;electronics;laser;precision-milling;vinyl-cutting,high,source:fablabs.io;status:active;kind:fab_lab;idcode:1716
Make Santa Fe,35.6893682,-105.9383821,2879 All Trades Rd,87507,Santa Fe,US,https://makesantafe.org,https://www.fablabs.io/labs/makesantafe,3d-printing;cnc;electronics;laser;precision-milling;vinyl-cutting,high,source:fablabs.io;status:active;kind:fab_lab;idcode:3153
Faulhaber Fab Lab at Suncoast Science Center,27.2894057,-82.49802369999999,"Suncoast Science Center, 4452 S Beneva Rd, Sarasota, FL 34233, United States",34233,Sarasota,US,http://www.suncoastscience.org/#!fab-lab/c69,https://www.fablabs.io/labs/falhaberfablab,,high,source:fablabs.io;status:active;kind:fab_lab;idcode:88
Bay Area Discovery Museum,37.835591,-122.4764006,557 McReynolds Rd,94965,Sausalito,US,http://www.baykidsmuseum.org/fablab,https://www.fablabs.io/labs/bayareadiscoverymuseum,3d-printing;cnc;laser;vinyl-cutting,high,source:fablabs.io;status:unknown;kind:fab_lab;idcode:1081
Schenectady-GE Mobile Fab Lab,42.81424320000001,-73.9395687,1445 The Plaza,12308,Schenectady,US,https://sites.google.com/apps.schenectady.k12.ny.us/steam/steam-resources,https://www.fablabs.io/labs/schenectadygemobilefablab,3d-printing;cnc;electronics;laser;precision-milling;vinyl-cutting,high,source:fablabs.io;status:active;kind:mobile;idcode:1738
"IDEA Lab, Hathaway Brown School",41.481344,-81.54161799999997,19600 N Park Blvd,44122,Shaker Heights,US,,https://www.fablabs.io/labs/idealab,3d-printing;cnc;electronics;laser;precision-milling;vinyl-cutting,medium,source:fablabs.io;status:unknown;kind:fab_lab;idcode:924
NWLA Makerspace,32.4519993,-93.8537381,5905 Financial Plaza Suite 700,71129,Shreveport,US,http://nwlamakerspace.org,https://www.fablabs.io/labs/nwlamakerspace,3d-printing;cnc;electronics;laser;precision-milling;vinyl-cutting,high,source:fablabs.io;status:active;kind:fab_lab;idcode:1925
Soddy Daisy Middle School Volkswagen eLab,35.2632357,-85.17158999999998,200 Turner Road,37379,Soddy-Daisy,US,https://twitter.com/SDMS_VWeLab?s=09,https://www.fablabs.io/labs/soddydaisymiddleschool,3d-printing;cnc;electronics;laser;vinyl-cutting,high,source:fablabs.io;status:active;kind:fab_lab;idcode:1940
Artisan's Asylum,42.38151070083551,-71.10470174655762,10 Tyler St,02143,Somerville,US,http://www.artisansasylum.com,https://www.fablabs.io/labs/artisansasylum,3d-printing;cnc;electronics;laser;precision-milling;vinyl-cutting,high,source:fablabs.io;status:unknown;kind:fab_lab;idcode:721
FabVille,42.3872021,-71.09697160000002,81 Highland Ave,02143,Somerville,US,,https://www.fablabs.io/labs/fabville,3d-printing;cnc;laser;precision-milling;vinyl-cutting,medium,source:fablabs.io;status:unknown;kind:fab_lab;idcode:1308
Rocket Fab Lab,42.921254,-87.87136399999997,801 15th Ave,53172,South Milwaukee,US,,https://www.fablabs.io/labs/RocketFabLab,3d-printing;cnc;electronics;laser;precision-milling;vinyl-cutting,medium,source:fablabs.io;status:unknown;kind:fab_lab;idcode:1246
Lawrence Technological University -- makeLab,42.4733688,-83.2218731,,48075,Southfield,US,http://www.ltu.edu/architecture_and_design,https://www.fablabs.io/labs/lawrencetechnologicaluniversitymakelab,,medium,source:fablabs.io;status:unknown;kind:fab_lab;idcode:98
SF FAB LAB,42.978067,-87.8755908,3680 South Kinnickinnic Avenue,53235,St. Francis,US,,https://www.fablabs.io/labs/sffablab,3d-printing;cnc;laser;precision-milling;vinyl-cutting,high,source:fablabs.io;status:active;kind:fab_lab;idcode:1996
SFSD FAB LAB,42.97806699999999,-87.8755908,3680 South Kinnickinnic Avenue,53235,St. Francis,US,,https://www.fablabs.io/labs/sfsdfablab,3d-printing;cnc;laser;precision-milling;vinyl-cutting,high,source:fablabs.io;status:active;kind:fab_lab;idcode:1995
Fab Lab Spanish Cove,38.7908227,-90.21876739999999,1708 San Remo Ct,63138,St. Louis,US,,https://www.fablabs.io/labs/fablabspanishcove,3d-printing;cnc;electronics;laser;precision-milling;vinyl-cutting,medium,source:fablabs.io;status:planned;kind:fab_lab;idcode:1476
Stoughton High School,42.9234181,-89.23520759999997,600 Lincoln Ave,53589,Stoughton,US,http://fablabstoughton.org/,https://www.fablabs.io/labs/stoughtonhighschool,3d-printing;cnc;electronics;laser;precision-milling;vinyl-cutting,high,source:fablabs.io;status:active;kind:fab_lab;idcode:115
Gateway Technical College - Fab Lab,42.7081086,-87.91376600000001,2320 Renaissance Blvd.,53177,Sturtevant,US,https://www.gtc.edu/wedd/industrial-design-fab-lab,https://www.fablabs.io/labs/gatewaytechnicalcollegefablab,3d-printing;cnc;electronics;laser;precision-milling;vinyl-cutting,high,source:fablabs.io;status:unknown;kind:fab_lab;idcode:303
Surry Design Lab,44.4993382,-68.5034379,754 North Bend Road,04684,Surry,US,http://surryschool.org,https://www.fablabs.io/labs/SurryDesignLab,3d-printing;electronics;laser;vinyl-cutting,high,source:fablabs.io;status:active;kind:fab_lab;idcode:2751
FabLabTacoma,47.2434374,-122.4397092,1938 Market St,98402,Tacoma,US,http://www.fablabtacoma.com,https://www.fablabs.io/labs/fablabtacoma,3d-printing;cnc;electronics;laser;precision-milling;vinyl-cutting,high,source:fablabs.io;status:active;kind:fab_lab;idcode:1413
AMRoC Fab Lab,28.0572313,-82.4302507,2154 University Square Mall,33612,Tampa,US,http://AMROCTampaBay.com,https://www.fablabs.io/labs/amrocfablab,3d-printing;cnc;electronics;laser;vinyl-cutting,high,source:fablabs.io;status:active;kind:fab_lab;idcode:1830
SOCOM Fab Lab,27.9508739,-82.45690260000003,Tampa,,Tampa,US,,https://www.fablabs.io/labs/socomfablab,3d-printing;cnc;electronics;laser;precision-milling;vinyl-cutting,medium,source:fablabs.io;status:unknown;kind:fab_lab;idcode:1243
Fab Lab Three Lakes,45.7952429,-89.16762260000002,6930 W School St,54562,Three Lakes,US,,https://www.fablabs.io/labs/FabLabThreeLakes,3d-printing;cnc;electronics;laser;precision-milling;vinyl-cutting,high,source:fablabs.io;status:active;kind:fab_lab;idcode:868
The Gregory School Fab Lab,32.266009,-110.8777617,3231 N Craycroft Rd,85712,Tucson,US,http://www.tgsfablab.com,https://www.fablabs.io/labs/thegregoryschoolfablab,3d-printing;cnc;electronics;laser;precision-milling;vinyl-cutting,high,source:fablabs.io;status:active;kind:fab_lab;idcode:845
Fab Lab Tulsa,36.1533488,-95.9578986,501 S Lewis Ave,74104,Tulsa,US,http://www.fablabtulsa.org,https://www.fablabs.io/labs/fablabtulsa,3d-printing;cnc;electronics;laser;precision-milling;vinyl-cutting,high,source:fablabs.io;status:active;kind:fab_lab;idcode:111
Warrior Fab Lab,37.52494040967994,-120.8587021231705,1 University Circle,39582,Turlock,US,http://www.csustan.edu/fablab,https://www.fablabs.io/labs/warriorfablab,3d-printing;cnc;electronics;laser;precision-milling;vinyl-cutting,high,source:fablabs.io;status:active;kind:fab_lab;idcode:2664
Upper St. Clair Fab Lab,40.3347506,-80.07090480000001,Upper St. Clair High School 1825 McLaughlin Run Road,15241,Upper St. Clair (Pittsburgh),US,http://youtu.be/eBDykiSnbhY,https://www.fablabs.io/labs/USCFabLab,3d-printing;cnc;electronics;laser;precision-milling;vinyl-cutting,high,source:fablabs.io;status:unknown;kind:fab_lab;idcode:701
Champaign-Urbana Community Fab Lab,40.1018902,-88.22477049999998,1301 S Goodwin Ave Art Annex 2,61801,Urbana,US,http://cucfablab.org,https://www.fablabs.io/labs/cucommunityfablab,3d-printing;cnc;electronics;laser;precision-milling;vinyl-cutting,high,source:fablabs.io;status:active;kind:fab_lab;idcode:90
MVCCFABLab,43.07700699999999,-75.21821699999998,1101 Sherman Dr Science and Technology Building,13501,Utica,US,http://www.mvcc.edu/communitas/2015-1/march-2-2015,https://www.fablabs.io/labs/MVCCfablab,3d-printing;cnc;electronics;laser;precision-milling;vinyl-cutting,high,source:fablabs.io;status:unknown;kind:fab_lab;idcode:870
Wabeno Fab Lab,45.4391632,-88.65884700000001,4325 N Branch St.,54566,WI,US,https://sites.google.com/a/wabeno.k12.wi.us/fab-lab/home?authuser=0,https://www.fablabs.io/labs/wabenofablab,3d-printing;cnc;laser;vinyl-cutting,high,source:fablabs.io;status:active;kind:fab_lab;idcode:1942
Maker's Edge makerspace,31.545979,-97.14374399999997,1800 Austin Ave STE #3,76701,Waco,US,http://www.TheMakersEdge.com,https://www.fablabs.io/labs/makersedgemakerspace,3d-printing;cnc;electronics;laser;precision-milling;vinyl-cutting,high,source:fablabs.io;status:active;kind:fab_lab;idcode:1082
Dassault Systemes 3DEXPERIENCE Lab Boston,42.401007,-71.25854909999998,185 Wyman St,02451,Waltham,US,https://3dexperiencelab.3ds.com/en/homepage,https://www.fablabs.io/labs/dassaultsystemes3dexperiencelabboston,3d-printing;cnc;electronics;laser;precision-milling;vinyl-cutting,high,source:fablabs.io;status:active;kind:fab_lab;idcode:1555
FireStarter Fab Lab,32.5953591,-83.65366979999999,1311 Corder Rd.,31088,Warner Robins,US,http://www.FireStarterFabLab.com,https://www.fablabs.io/labs/FireStarterfablab,3d-printing;cnc;electronics;laser;precision-milling;vinyl-cutting,high,source:fablabs.io;status:active;kind:fab_lab;idcode:816
CUArch Fab Lab,38.93449740000001,-76.99746900000002,620 Michigan Ave NE,20064,Washington,US,http://architecture.cua.edu/resources/fabrication-labs.cfm,https://www.fablabs.io/labs/cuarchfablab,3d-printing;cnc;electronics;laser;precision-milling;vinyl-cutting,high,source:fablabs.io;status:unknown;kind:fab_lab;idcode:782
Fab Lab DC,38.9092051,-77.00946259999999,1418 North Capitol Street NW,20002,Washington,US,http://www.fablabdc.org,https://www.fablabs.io/labs/fablabdc,,medium,source:fablabs.io;status:unknown;kind:fab_lab;idcode:87
Howard University Middle School of Mathematics and Science,38.9212171,-77.0204624,,20059,Washington,US,http://www.howard.edu/ms2,https://www.fablabs.io/labs/howarduniversitymiddleschoolofmathematicsandscience,,medium,source:fablabs.io;status:planned;kind:fab_lab;idcode:134
Trinity-Area High School Fab Lab,40.1644125,-80.24843349999999,231 Park Ave,15301,Washington,US,https://www.scopesdf.org/author/brandonprentice/,https://www.fablabs.io/labs/trinityareahighschoolfablab,3d-printing;cnc;electronics;laser;precision-milling;vinyl-cutting,high,source:fablabs.io;status:active;kind:fab_lab;idcode:1809
Trinity-Area Middle School Fab Lab,40.1488229,-80.26426249999997,50 Scenic Dr,15301,Washington,US,https://www.trinitypride.org/,https://www.fablabs.io/labs/trinityareamiddleschoolfablab,3d-printing;cnc;laser;vinyl-cutting,high,source:fablabs.io;status:active;kind:fab_lab;idcode:1810
Cedar Valley Makers Fab Lab,42.49875376423272,-92.35111686773678,360 Westfield Ave,50701,Waterloo,US,http://www.cedarvalleymakers.org,https://www.fablabs.io/labs/cedarvalleymakersfablab,3d-printing;cnc;electronics;laser;precision-milling,high,source:fablabs.io;status:active;kind:fab_lab;idcode:1578
WHS Wayshak Fab Lab,42.3699674,-71.17799250000002,50 Columbia St,02472,Watertown,US,https://sites.google.com/a/watertown.k12.ma.us/fablab/,https://www.fablabs.io/labs/whswayshakfablab,3d-printing;cnc;electronics;laser;vinyl-cutting,high,source:fablabs.io;status:active;kind:fab_lab;idcode:932
Waunakee High School Innovation Center Fab Lab,43.1830123,-89.45740819999997,301 Community Dr,53597,Waunakee,US,http://www.waunakee.k12.wi.us/high/innovation_center.cfm,https://www.fablabs.io/labs/waunakeehighschoolinnovationcenterfablab,3d-printing;cnc;electronics;laser;precision-milling;vinyl-cutting,high,source:fablabs.io;status:planned;kind:fab_lab;idcode:1265
Intermediate Unit 1 Waynesburg Fab Lab,39.9039917,-80.12584190000001,100 EverGreene Dr Suite 102,15370,Waynesburg,US,,https://www.fablabs.io/labs/intermediateunit1waynesburgfablab,3d-printing;cnc;electronics;laser;precision-milling;vinyl-cutting,high,source:fablabs.io;status:active;kind:fab_lab;idcode:1660
GOCAT Fab Lab,36.7302006,-91.84897920000003,395 Jackie D Garrett Dr.,65775,West Plains,US,,https://www.fablabs.io/labs/gocatfablab,3d-printing;cnc;electronics;laser;precision-milling;vinyl-cutting,medium,source:fablabs.io;status:planned;kind:fab_lab;idcode:1585
Westerville City Schools Mobile FabLab,40.1017399,-82.91714230000002,936 Eastwind Dr,43081,Westerville,US,,https://www.fablabs.io/labs/westerville,3d-printing;cnc;laser;vinyl-cutting,medium,source:fablabs.io;status:unknown;kind:mini_fab_lab;idcode:853
Century Community and Technical College,45.0846885,-93.0099398,,55110,White Bear Lake,US,http://www.century.edu/currentstudents/fablab/default.aspx,https://www.fablabs.io/labs/centurycommunityandtechnicalcollege,,medium,source:fablabs.io;status:unknown;kind:fab_lab;idcode:100
Dexter,33.9126908,-98.49222129999998,917 Scott St 2nd Floor,76301,Wichita Falls,US,http://www.dexterlearning.com,https://www.fablabs.io/labs/dexter,3d-printing;cnc,high,source:fablabs.io;status:planned;kind:mini_fab_lab;idcode:1684
Full Sail Fab Lab,28.59285407752362,-81.30373985927736,3300 University Blvd,32792,Winter Park,US,,https://www.fablabs.io/labs/fullsailfablab,3d-printing;cnc;electronics;laser;vinyl-cutting,medium,source:fablabs.io;status:unknown;kind:fab_lab;idcode:1009
QCC Fab Lab,42.3146277,-71.79388189999997,670 W Boylston St,01606,Worcester,US,http://fablab.qcc.mass.edu/page/homepage,https://www.fablabs.io/labs/fablabqcc,3d-printing;cnc;electronics;laser;precision-milling;vinyl-cutting,high,source:fablabs.io;status:unknown;kind:fab_lab;idcode:758
FabLab Kids - Portal Bosque,-34.9011222,-54.8504763,Camino La Aguada,20000,La Barra,UY,https://www.portalbosque.com/,https://www.fablabs.io/labs/portalbosque,3d-printing;cnc;electronics;laser;precision-milling;vinyl-cutting,high,source:fablabs.io;status:active;kind:mini_fab_lab;idcode:2801
FabLab MVD,-34.9097699,-56.16401740000003,"School of Architecture, Design and Urbanism FADU/UDELAR 1031, Bulevar General Artigas Av.",11200,Montevideo,UY,http://www.fadu.edu.uy/labfab/,https://www.fablabs.io/labs/fablabmvd,3d-printing;cnc;laser,high,source:fablabs.io;status:active;kind:fab_lab;idcode:1812
Sinergia Tech,-34.9056377,-56.17078290000001,Pablo de Maria 1220,11200,Montevideo,UY,http:// http://www.sinergiatech.com/,https://www.fablabs.io/labs/sinergiatech,3d-printing;cnc;electronics;laser;precision-milling;vinyl-cutting,high,source:fablabs.io;status:unknown;kind:fab_lab;idcode:945
FABLAB AT THE CENTER FOR YOUTH INITIATIVES,41.31933679999999,69.3142089,17 Almachi Street,,ashkent,UZ,,https://www.fablabs.io/labs/fablabatthecenterforyouthinitiatives,3d-printing;cnc;electronics;laser;precision-milling;vinyl-cutting,medium,source:fablabs.io;status:active;kind:fab_lab;idcode:2834
Fab Lab Caracas,10.4821783,-66.81850429999997,La California,1071,Caracas,VE,http://www.fablabcaracas.org/,https://www.fablabs.io/labs/fablabcaracas,3d-printing;cnc;electronics;laser;precision-milling;vinyl-cutting,high,source:fablabs.io;status:active;kind:mini_fab_lab;idcode:1836
Fab Lab Venezuela,10.4811415,-66.9038784,Caracas Venezuela,1071,Caracas,VE,,https://www.fablabs.io/labs/fablabvenezuela,,medium,source:fablabs.io;status:active;kind:mini_fab_lab;idcode:2105
artelaservzla,10.4805937,-66.90360629999998,Zona Industrial Los cerritos Club Hipico Galpon 109A,1203,Carrizal,VE,http://Instagram @artelaser_vzla,https://www.fablabs.io/labs/artelaservzla,3d-printing;cnc;laser;vinyl-cutting,high,source:fablabs.io;status:active;kind:fab_lab;idcode:1819
PTDT BT THCS Nguyen Van Linh - Khanh Hoa,11.74776312604477,109.059917415625,Bac Ai Tay- Khanh Hoa,,-,VN,,https://www.fablabs.io/labs/ptdtbtthcsnguyenvanlinhkhanhhoa,3d-printing;cnc;laser,medium,source:fablabs.io;status:active;kind:fab_lab;idcode:3171
Fablab Cantho,10.0415927,105.7640077,"130P/5, Area 2, An Khanh, Ninh Kieu",,Can Tho,VN,http://www.fablabcantho.org/,https://www.fablabs.io/labs/fablabcantho,3d-printing;cnc;electronics;laser,medium,source:fablabs.io;status:unknown;kind:fab_lab;idcode:1184
AIFabLab,16.0768397,108.2324879,4 Hoang Si Khai,550000,Danang,VN,https://zonek.net,https://www.fablabs.io/labs/aifablab,3d-printing,high,source:fablabs.io;status:active;kind:mini_fab_lab;idcode:2064
Fablab Danang,16.0796459,108.2152492,,550000,Danang,VN,http://www.gofablabs.net,https://www.fablabs.io/labs/fablabdanang,3d-printing;cnc;electronics;laser;precision-milling;vinyl-cutting,high,source:fablabs.io;status:active;kind:fab_lab;idcode:813
PetroVN_THPT_ Nguyen Thi Minh Khai_Ha Tinh,18.5401307,105.5855438,"Hamlet 8, Duc Tho district, Ha Tinh province, Vietnam",,Duc Tho,VN,,https://www.fablabs.io/labs/PetroVNthptnguyenthiminhkhaihatinh,3d-printing;laser,medium,source:fablabs.io;status:active;kind:fab_lab;idcode:3167
Dustin Lab,21.0077394,105.8498274999999,"46 Ngo Ao Dai, e To Hoang, Bach Mai",100000,Ha Noi,VN,https://www.facebook.com/dustinlab0105,https://www.fablabs.io/labs/dustinlab,3d-printing;laser,high,source:fablabs.io;status:active;kind:mini_fab_lab;idcode:1423
FabLab USTH,21.0481227,105.801282,"Room 704, Training and Service Building, Hanoi University of Science and Technology, 18 Hoang Quoc Viet",100000,Ha Noi,VN,,https://www.fablabs.io/labs/fablabusth,3d-printing;cnc;electronics;laser;precision-milling;vinyl-cutting,medium,source:fablabs.io;status:planned;kind:fab_lab;idcode:1720
FabLab HaUI,21.046842,105.7844067999999,"No 17/4/238 Hoang Quoc Viet Street, Nam Tu Liem District, Hanoi City, Vietnam",100000,Hanoi,VN,,https://www.fablabs.io/labs/fablabhaui,3d-printing,high,source:fablabs.io;status:active;kind:mini_fab_lab;idcode:1103
Fablab Bachkhoa,21.0038818,105.8476069999999,"Nha A17, 17 Ta Quang Buu",10000,Hanoi,VN,https://www.facebook.com/fablabbachkhoa,https://www.fablabs.io/labs/fablabbachkhoa,3d-printing;cnc;electronics,high,source:fablabs.io;status:active;kind:fab_lab;idcode:1456
Fablab Hanoi,21.023591,105.830119,"No.10/49, Alley Thinh Hao 1 (after number 162), Ton uc Thang Str., ong a Dist., Hanoi.",10000,Hanoi,VN,https://www.facebook.com/fablabhanoi/,https://www.fablabs.io/labs/fablabhanoi,3d-printing;cnc;electronics,high,source:fablabs.io;status:unknown;kind:fab_lab;idcode:963
Fablab Vietnam,21.0046304,105.8472272,15 Ta Quang Buu Hai Ba Trung,10000,Hanoi,VN,https://www.facebook.com/fablabsvietnam,https://www.fablabs.io/labs/fablabvietnam,3d-printing;cnc;electronics,high,source:fablabs.io;status:planned;kind:fab_lab;idcode:1436
Maker Hanoi,21.0422533,105.8050006,100 Hoang Quoc Viet street,100000,Hanoi,VN,https://makerhanoi.org/,https://www.fablabs.io/labs/makerhanoi,3d-printing;laser,high,source:fablabs.io;status:unknown;kind:fab_lab;idcode:1185
TQB's Fablab,21.0026199,105.8465186,94 Le Thanh Nghi Hai Ba Trung,10000,Hanoi,VN,https://www.facebook.com/FabLab-B%C3%A1ch-Khoa-TQB-106645464020272/,https://www.fablabs.io/labs/tqbfablab,3d-printing;cnc;electronics,high,source:fablabs.io;status:active;kind:fab_lab;idcode:1669
Fablab Thao Dien,10.8024796,106.7363943,"3B Nguyen Ba Lan, Thao ien, Quan 2",709999,Ho Chi Minh,VN,https://www.facebook.com/fablabthaodien,https://www.fablabs.io/labs/fablabthaodien,3d-printing;laser;vinyl-cutting,high,source:fablabs.io;status:planned;kind:fab_lab;idcode:1209
SHTP Maker Innovation Space,10.860592,106.7917844999999,High-tech park opposite Hanoi Highway Saigon High Tech Park Incubation Center,700000,Ho Chi Minh,VN,,https://www.fablabs.io/labs/shtpmakerinnovationspace,3d-printing;cnc;electronics;laser;precision-milling;vinyl-cutting,high,source:fablabs.io;status:active;kind:fab_lab;idcode:1479
Fablab Saigon,10.7914569,106.6934107,"9/3 Ly Van Phuc Tan Dinh Ward, District 1",700000,Ho Chi Minh City,VN,http://www.fablabsaigon.org,https://www.fablabs.io/labs/fablabsaigon,3d-printing;electronics;laser;vinyl-cutting,high,source:fablabs.io;status:active;kind:fab_lab;idcode:553
Maker Innovation Space - Saigon Hi-Tech Park (SHTP),10.8569514,106.7883902,"D2B Road, Long Thanh My Ward, District 9, Saigon Hi-Tech Park Ho Chi Minh City",70000,Ho Chi Minh City,VN,,https://www.fablabs.io/labs/makerinnovationspacesaigonhitechparkshtp,3d-printing;cnc;electronics;laser;precision-milling;vinyl-cutting,high,source:fablabs.io;status:active;kind:fab_lab;idcode:2260
THPT_so2_NTT,13.7673326,107.5785513,"Truong THPT so 2 Nguyen Truong To, Ia Nan, Gia Lai",,Ia Nan,VN,https://www.facebook.com/profile.php?id=61585375511282,https://www.fablabs.io/labs/thptso2ntt,3d-printing;cnc;laser;precision-milling;vinyl-cutting,high,source:fablabs.io;status:active;kind:fab_lab;idcode:3168
Fablab Quang Nam,15.5582392,108.4912056,"431 Hung Vuong, Phuong An Son",51000,Tam Ky,VN,https://fablab.teachforvietnam.org/fablab-quang-nam/,https://www.fablabs.io/labs/fablabquangnam,3d-printing;cnc;electronics;laser,high,source:fablabs.io;status:active;kind:fab_lab;idcode:2134
THCS Quang Trung_Tan Phu_Dong Nai,11.27915003602334,107.4447120455078,"Khu 7, Tan Phu, ong Nai, Viet Nam",76806,Tan Phu,VN,,https://www.fablabs.io/labs/thcsquangtrung,3d-printing;cnc;electronics;laser;precision-milling;vinyl-cutting,high,source:fablabs.io;status:active;kind:fab_lab;idcode:3169
Fablab BIIC,10.9863246,106.6761376,28 Huynh Van Nghe,75000,Thu Dau Mot,VN,http://fablab.biic.vn,https://www.fablabs.io/labs/fablabbiic,3d-printing;cnc;laser;vinyl-cutting,high,source:fablabs.io;status:active;kind:fab_lab;idcode:2294
DYVOLAB,42.66272439999999,21.1660259,Rr. Shaban Polluzha 15/1,10000,Prishtina,XK,http://www.dyvolab.com,https://www.fablabs.io/labs/dyvolab,3d-printing;cnc;laser;vinyl-cutting,high,source:fablabs.io;status:active;kind:mini_fab_lab;idcode:3027
Central University of Technology,-29.118349,26.22492,,9301,Bloemfontein,ZA,,https://www.fablabs.io/labs/centraluniversityoftechnology,,low,source:fablabs.io;status:unknown;kind:fab_lab;idcode:74
Cape Craft and Design Institute,-33.9248685,18.4240553,,8000,Cape Town,ZA,http://www.ccdi.org.za,https://www.fablabs.io/labs/capecraftanddesigninstitute,,medium,source:fablabs.io;status:unknown;kind:fab_lab;idcode:75
FADA FabLab University of Johannesburg,-26.188017,28.0170951,"Faculty of Art, Design and Architecture Bunting Road",2092,Johannesburg,ZA,https://ujfablab.wixsite.com/fabrication-lab,https://www.fablabs.io/labs/fadafablabUJ,3d-printing;cnc;electronics;laser;precision-milling;vinyl-cutting,high,source:fablabs.io;status:active;kind:fab_lab;idcode:2317
Kimberly FabLab,-28.72929,24.75404,1317 Solomon Mekgwe Street Old Kitsong Training Centre,8301,Kimberley,ZA,http://www.fablab.co.za/index.php?option=com_content&view=article&id=5&Itemid=29,https://www.fablabs.io/labs/kimberly,,medium,source:fablabs.io;status:unknown;kind:fab_lab;idcode:76
Limpopo Fablab,-23.88648,29.72771,"1025 Science Education Centre, University of Limpopo(Turfloop campus) Private Bag X1106, Sovenga, 0727",0727,"Polokwane, Mankweng",ZA,http://www.fablab.co.za,https://www.fablabs.io/labs/limpopofablab,3d-printing;electronics;laser;vinyl-cutting,high,source:fablabs.io;status:unknown;kind:fab_lab;idcode:296
Bright Youth Council,-25.5253546,28.1005632,,0152,Soshanguve,ZA,http://blogs.fabfolk.com/sosh,https://www.fablabs.io/labs/brightyouthcouncil,,medium,source:fablabs.io;status:unknown;kind:fab_lab;idcode:78
Ekurhuleni fablabs (Fablab Tembisa and Fablab Thokoza),-26.0090078,28.2334973,45 Thami Mnyele Drive,1450,Tembisa,ZA,,https://www.fablabs.io/labs/ekurhulenifablabs,3d-printing;cnc;electronics;laser;precision-milling;vinyl-cutting,medium,source:fablabs.io;status:unknown;kind:fab_lab;idcode:441
